Workbook

Sheet Ranking
A1: PJA TOUR 2026 — Race to Dunas Ranking
A2: Fórmula por ronda: pts = MAX(0, 25 − toPar) × multiplicador (1.0 standard · 1.5 Grande Final)
A3: Regra 2026: Top-14 melhores rondas no ano. DT conta para todos PJA · Aquapor só os 2 primeiros · GG Main R2+R3 · GF×1.5. Torneios decorridos até 2026-04-28.
E4: 1º Drive Tour Madeira — Palheiro | F4: 1º Drive Tour Tejo — Montado | G4: 1º Drive Tour Norte — Estela | H4: 1º Drive Tour Sul — Laguna | I4: 1º Aquapor — Morgado | J4: 2º Drive Tour Sul — Vila Sol | K4: 2º Drive Tour Madeira — Santo da Serra | L4: Greatgolf Junior Open (Main 3R, Sub 16+) | M4: Greatgolf Junior Open U14 | N4: Greatgolf Junior Open U12 | O4: 3º Drive Tour Norte — Vale Pisão | P4: 3º Drive Tour Madeira — Palheiro | Q4: 2º Aquapor — Quinta do Peru | R4: 1º Drive Tour Açores — Terceira | S4: 3º Drive Tour Tejo — Sto. Estêvão | T4: 3º Drive Tour Sul — Quinta do Vale | U4: 2º Drive Tour Açores — Terceira | V4: 4º Drive Tour Madeira — Porto Santo | W4: 4º Drive Tour Tejo — Lisbon SC | X4: 4º Drive Tour Norte — Ponte de Lima | Y4: PJA Aroeira Masters 2026 | Z4: Top 14 voltas
A5: Pos | B5: Jogador | C5: FedCode | D5: Escalão | E5: dt1_madeira_palheiro | F5: dt1_tejo_montado | G5: dt1_norte_estela | H5: dt1_sul_laguna | I5: aq1_morgado | J5: dt2_sul_vilasol | K5: dt2_madeira_sds | L5: gg_main | M5: gg_u14 | N5: gg_u12 | O5: dt3_norte_valepisao | P5: dt3_madeira_palheiro | Q5: aq2_qtaperu | R5: dt1_acores | S5: dt3_tejo_se | T5: dt3_sul_qvale | U5: dt2_acores | V5: dt4_madeira_porto_santo | W5: dt4_tejo_lisbon | X5: dt4_norte_pdl | Y5: pja_aroeira_masters | Z5: Top 14
A6: =RANK(Z6,$Z$6:$Z$30) | B6: Manuel Goulartt Medeiros | C6: 52884 | D6: Sub 12 | E6: ='dt1_madeira_palheiro'!AB15 | F6: 0 | G6: 0 | H6: 0 | I6: 0 | J6: 0 | K6: ='dt2_madeira_sds'!AB24 | L6: 0 | M6: 0 | N6: ='gg_u12'!AX16 | O6: 0 | P6: ='dt3_madeira_palheiro'!AB13 | Q6: 0 | R6: 0 | S6: 0 | T6: 0 | U6: 0 | V6: ='dt4_madeira_porto_santo'!AB16 | W6: 0 | X6: 0 | Y6: ='pja_aroeira_masters'!AX32 | Z6: =IFERROR(LARGE(AA6:AH6,1),0)+IFERROR(LARGE(AA6:AH6,2),0)+IFERROR(LARGE(AA6:AH6,3),0)+IFERROR(LARGE(AA6:AH6,4),0)+IFERROR(LARGE(AA6:AH6,5),0)+IFERROR(LARGE(AA6:AH6,6),0)+IFERROR(LARGE(AA6:AH6,7),0)+IFERROR(LARGE(AA6:AH6,8),0)+IFERROR(LARGE(AA6:AH6,9),0)+IFERROR(LARGE(AA6:AH6,10),0)+IFERROR(LARGE(AA6:AH6,11),0)+IFERROR(LARGE(AA6:AH6,12),0)+IFERROR(LARGE(AA6:AH6,13),0)+IFERROR(LARGE(AA6:AH6,14),0) | AA6: ='dt1_madeira_palheiro'!AA15 | AB6: ='dt2_madeira_sds'!AA24 | AC6: ='gg_u12'!AA16 | AD6: ='gg_u12'!AW16 | AE6: ='dt3_madeira_palheiro'!AA13 | AF6: ='dt4_madeira_porto_santo'!AA16 | AG6: ='pja_aroeira_masters'!AA32 | AH6: ='pja_aroeira_masters'!AW32
A7: =RANK(Z7,$Z$6:$Z$30) | B7: Ricardo Castro Ferreira | C7: 49085 | D7: Sub 12 | E7: 0 | F7: ='dt1_tejo_montado'!AB14 | G7: 0 | H7: 0 | I7: 0 | J7: 0 | K7: 0 | L7: 0 | M7: 0 | N7: ='gg_u12'!AX13 | O7: 0 | P7: 0 | Q7: 0 | R7: 0 | S7: ='dt3_tejo_se'!AX16 | T7: 0 | U7: 0 | V7: 0 | W7: ='dt4_tejo_lisbon'!AB19 | X7: 0 | Y7: ='pja_aroeira_masters'!AX16 | Z7: =IFERROR(LARGE(AA7:AH7,1),0)+IFERROR(LARGE(AA7:AH7,2),0)+IFERROR(LARGE(AA7:AH7,3),0)+IFERROR(LARGE(AA7:AH7,4),0)+IFERROR(LARGE(AA7:AH7,5),0)+IFERROR(LARGE(AA7:AH7,6),0)+IFERROR(LARGE(AA7:AH7,7),0)+IFERROR(LARGE(AA7:AH7,8),0)+IFERROR(LARGE(AA7:AH7,9),0)+IFERROR(LARGE(AA7:AH7,10),0)+IFERROR(LARGE(AA7:AH7,11),0)+IFERROR(LARGE(AA7:AH7,12),0)+IFERROR(LARGE(AA7:AH7,13),0)+IFERROR(LARGE(AA7:AH7,14),0) | AA7: ='dt1_tejo_montado'!AA14 | AB7: ='gg_u12'!AA13 | AC7: ='gg_u12'!AW13 | AD7: ='dt3_tejo_se'!AA16 | AE7: ='dt3_tejo_se'!AW16 | AF7: ='dt4_tejo_lisbon'!AA19 | AG7: ='pja_aroeira_masters'!AA16 | AH7: ='pja_aroeira_masters'!AW16
A8: =RANK(Z8,$Z$6:$Z$30) | B8: Nuno Palmares Jr. | C8: 49124 | D8: Sub 14 | E8: 0 | F8: ='dt1_tejo_montado'!AB15 | G8: 0 | H8: 0 | I8: 0 | J8: 0 | K8: 0 | L8: 0 | M8: ='gg_u14'!AX13 | N8: 0 | O8: 0 | P8: 0 | Q8: =IF((E8+F8+G8+H8+J8+K8+O8+P8+R8+S8+T8+U8+V8+W8+X8)>0,0,'aq2_qtaperu'!AX30) | R8: 0 | S8: ='dt3_tejo_se'!AX14 | T8: 0 | U8: 0 | V8: 0 | W8: ='dt4_tejo_lisbon'!AB13 | X8: 0 | Y8: ='pja_aroeira_masters'!AX13 | Z8: =IFERROR(LARGE(AA8:AJ8,1),0)+IFERROR(LARGE(AA8:AJ8,2),0)+IFERROR(LARGE(AA8:AJ8,3),0)+IFERROR(LARGE(AA8:AJ8,4),0)+IFERROR(LARGE(AA8:AJ8,5),0)+IFERROR(LARGE(AA8:AJ8,6),0)+IFERROR(LARGE(AA8:AJ8,7),0)+IFERROR(LARGE(AA8:AJ8,8),0)+IFERROR(LARGE(AA8:AJ8,9),0)+IFERROR(LARGE(AA8:AJ8,10),0)+IFERROR(LARGE(AA8:AJ8,11),0)+IFERROR(LARGE(AA8:AJ8,12),0)+IFERROR(LARGE(AA8:AJ8,13),0)+IFERROR(LARGE(AA8:AJ8,14),0) | AA8: ='dt1_tejo_montado'!AA15 | AB8: ='gg_u14'!AA13 | AC8: ='gg_u14'!AW13 | AD8: =IF((E8+F8+G8+H8+J8+K8+O8+P8+R8+S8+T8+U8+V8+W8+X8)>0,0,'aq2_qtaperu'!AA30) | AE8: =IF((E8+F8+G8+H8+J8+K8+O8+P8+R8+S8+T8+U8+V8+W8+X8)>0,0,'aq2_qtaperu'!AW30) | AF8: ='dt3_tejo_se'!AA14 | AG8: ='dt3_tejo_se'!AW14 | AH8: ='dt4_tejo_lisbon'!AA13 | AI8: ='pja_aroeira_masters'!AA13 | AJ8: ='pja_aroeira_masters'!AW13
A9: =RANK(Z9,$Z$6:$Z$30) | B9: João Rocha | C9: 48297 | D9: Sub 14 | E9: 0 | F9: ='dt1_tejo_montado'!AB17 | G9: 0 | H9: 0 | I9: =IF((E9+F9+G9+H9+J9+K9+O9+P9+R9+S9+T9+U9+V9+W9+X9)>0,0,'aq1_morgado'!AX57) | J9: 0 | K9: 0 | L9: 0 | M9: ='gg_u14'!AX14 | N9: 0 | O9: 0 | P9: 0 | Q9: =IF((E9+F9+G9+H9+J9+K9+O9+P9+R9+S9+T9+U9+V9+W9+X9)>0,0,'aq2_qtaperu'!AX82) | R9: 0 | S9: ='dt3_tejo_se'!AX15 | T9: 0 | U9: 0 | V9: 0 | W9: 0 | X9: 0 | Y9: ='pja_aroeira_masters'!AX25 | Z9: =IFERROR(LARGE(AA9:AK9,1),0)+IFERROR(LARGE(AA9:AK9,2),0)+IFERROR(LARGE(AA9:AK9,3),0)+IFERROR(LARGE(AA9:AK9,4),0)+IFERROR(LARGE(AA9:AK9,5),0)+IFERROR(LARGE(AA9:AK9,6),0)+IFERROR(LARGE(AA9:AK9,7),0)+IFERROR(LARGE(AA9:AK9,8),0)+IFERROR(LARGE(AA9:AK9,9),0)+IFERROR(LARGE(AA9:AK9,10),0)+IFERROR(LARGE(AA9:AK9,11),0)+IFERROR(LARGE(AA9:AK9,12),0)+IFERROR(LARGE(AA9:AK9,13),0)+IFERROR(LARGE(AA9:AK9,14),0) | AA9: ='dt1_tejo_montado'!AA17 | AB9: =IF((E9+F9+G9+H9+J9+K9+O9+P9+R9+S9+T9+U9+V9+W9+X9)>0,0,'aq1_morgado'!AA57) | AC9: =IF((E9+F9+G9+H9+J9+K9+O9+P9+R9+S9+T9+U9+V9+W9+X9)>0,0,'aq1_morgado'!AW57) | AD9: ='gg_u14'!AA14 | AE9: ='gg_u14'!AW14 | AF9: =IF((E9+F9+G9+H9+J9+K9+O9+P9+R9+S9+T9+U9+V9+W9+X9)>0,0,'aq2_qtaperu'!AA82) | AG9: =IF((E9+F9+G9+H9+J9+K9+O9+P9+R9+S9+T9+U9+V9+W9+X9)>0,0,'aq2_qtaperu'!AW82) | AH9: ='dt3_tejo_se'!AA15 | AI9: ='dt3_tejo_se'!AW15 | AJ9: ='pja_aroeira_masters'!AA25 | AK9: ='pja_aroeira_masters'!AW25
A10: =RANK(Z10,$Z$6:$Z$30) | B10: Pedro Costa Alemão | C10: 46706 | D10: Sub 16 | E10: 0 | F10: ='dt1_tejo_montado'!AB18 | G10: 0 | H10: 0 | I10: =IF((E10+F10+G10+H10+J10+K10+O10+P10+R10+S10+T10+U10+V10+W10+X10)>0,0,'aq1_morgado'!AX55) | J10: 0 | K10: 0 | L10: ='gg_main'!BT22 | M10: 0 | N10: 0 | O10: 0 | P10: 0 | Q10: =IF((E10+F10+G10+H10+J10+K10+O10+P10+R10+S10+T10+U10+V10+W10+X10)>0,0,'aq2_qtaperu'!AX48) | R10: 0 | S10: ='dt3_tejo_se'!AX13 | T10: 0 | U10: 0 | V10: 0 | W10: ='dt4_tejo_lisbon'!AB15 | X10: 0 | Y10: ='pja_aroeira_masters'!AX14 | Z10: =IFERROR(LARGE(AA10:AL10,1),0)+IFERROR(LARGE(AA10:AL10,2),0)+IFERROR(LARGE(AA10:AL10,3),0)+IFERROR(LARGE(AA10:AL10,4),0)+IFERROR(LARGE(AA10:AL10,5),0)+IFERROR(LARGE(AA10:AL10,6),0)+IFERROR(LARGE(AA10:AL10,7),0)+IFERROR(LARGE(AA10:AL10,8),0)+IFERROR(LARGE(AA10:AL10,9),0)+IFERROR(LARGE(AA10:AL10,10),0)+IFERROR(LARGE(AA10:AL10,11),0)+IFERROR(LARGE(AA10:AL10,12),0)+IFERROR(LARGE(AA10:AL10,13),0)+IFERROR(LARGE(AA10:AL10,14),0) | AA10: ='dt1_tejo_montado'!AA18 | AB10: =IF((E10+F10+G10+H10+J10+K10+O10+P10+R10+S10+T10+U10+V10+W10+X10)>0,0,'aq1_morgado'!AA55) | AC10: =IF((E10+F10+G10+H10+J10+K10+O10+P10+R10+S10+T10+U10+V10+W10+X10)>0,0,'aq1_morgado'!AW55) | AD10: ='gg_main'!AW22 | AE10: ='gg_main'!BS22 | AF10: =IF((E10+F10+G10+H10+J10+K10+O10+P10+R10+S10+T10+U10+V10+W10+X10)>0,0,'aq2_qtaperu'!AA48) | AG10: =IF((E10+F10+G10+H10+J10+K10+O10+P10+R10+S10+T10+U10+V10+W10+X10)>0,0,'aq2_qtaperu'!AW48) | AH10: ='dt3_tejo_se'!AA13 | AI10: ='dt3_tejo_se'!AW13 | AJ10: ='dt4_tejo_lisbon'!AA15 | AK10: ='pja_aroeira_masters'!AA14 | AL10: ='pja_aroeira_masters'!AW14
A11: =RANK(Z11,$Z$6:$Z$30) | B11: Diogo Sequeira | C11: 56654 | D11: Sub 16 | E11: 0 | F11: ='dt1_tejo_montado'!AB19 | G11: 0 | H11: 0 | I11: =IF((E11+F11+G11+H11+J11+K11+O11+P11+R11+S11+T11+U11+V11+W11+X11)>0,0,'aq1_morgado'!AX62) | J11: 0 | K11: 0 | L11: ='gg_main'!BT34 | M11: 0 | N11: 0 | O11: 0 | P11: 0 | Q11: =IF((E11+F11+G11+H11+J11+K11+O11+P11+R11+S11+T11+U11+V11+W11+X11)>0,0,'aq2_qtaperu'!AX97) | R11: 0 | S11: 0 | T11: 0 | U11: 0 | V11: 0 | W11: ='dt4_tejo_lisbon'!AB41 | X11: 0 | Y11: 0 | Z11: =IFERROR(LARGE(AA11:AH11,1),0)+IFERROR(LARGE(AA11:AH11,2),0)+IFERROR(LARGE(AA11:AH11,3),0)+IFERROR(LARGE(AA11:AH11,4),0)+IFERROR(LARGE(AA11:AH11,5),0)+IFERROR(LARGE(AA11:AH11,6),0)+IFERROR(LARGE(AA11:AH11,7),0)+IFERROR(LARGE(AA11:AH11,8),0)+IFERROR(LARGE(AA11:AH11,9),0)+IFERROR(LARGE(AA11:AH11,10),0)+IFERROR(LARGE(AA11:AH11,11),0)+IFERROR(LARGE(AA11:AH11,12),0)+IFERROR(LARGE(AA11:AH11,13),0)+IFERROR(LARGE(AA11:AH11,14),0) | AA11: ='dt1_tejo_montado'!AA19 | AB11: =IF((E11+F11+G11+H11+J11+K11+O11+P11+R11+S11+T11+U11+V11+W11+X11)>0,0,'aq1_morgado'!AA62) | AC11: =IF((E11+F11+G11+H11+J11+K11+O11+P11+R11+S11+T11+U11+V11+W11+X11)>0,0,'aq1_morgado'!AW62) | AD11: ='gg_main'!AW34 | AE11: ='gg_main'!BS34 | AF11: =IF((E11+F11+G11+H11+J11+K11+O11+P11+R11+S11+T11+U11+V11+W11+X11)>0,0,'aq2_qtaperu'!AA97) | AG11: =IF((E11+F11+G11+H11+J11+K11+O11+P11+R11+S11+T11+U11+V11+W11+X11)>0,0,'aq2_qtaperu'!AW97) | AH11: ='dt4_tejo_lisbon'!AA41
A12: =RANK(Z12,$Z$6:$Z$30) | B12: Angelina Gao | C12: 51523 | D12: Sub 16 | E12: 0 | F12: ='dt1_tejo_montado'!AB20 | G12: 0 | H12: 0 | I12: =IF((E12+F12+G12+H12+J12+K12+O12+P12+R12+S12+T12+U12+V12+W12+X12)>0,0,'aq1_morgado'!AX41) | J12: 0 | K12: 0 | L12: ='gg_main'!BT23 | M12: 0 | N12: 0 | O12: 0 | P12: 0 | Q12: =IF((E12+F12+G12+H12+J12+K12+O12+P12+R12+S12+T12+U12+V12+W12+X12)>0,0,'aq2_qtaperu'!AX54) | R12: 0 | S12: ='dt3_tejo_se'!AX18 | T12: 0 | U12: 0 | V12: 0 | W12: ='dt4_tejo_lisbon'!AB22 | X12: 0 | Y12: ='pja_aroeira_masters'!AX29 | Z12: =IFERROR(LARGE(AA12:AL12,1),0)+IFERROR(LARGE(AA12:AL12,2),0)+IFERROR(LARGE(AA12:AL12,3),0)+IFERROR(LARGE(AA12:AL12,4),0)+IFERROR(LARGE(AA12:AL12,5),0)+IFERROR(LARGE(AA12:AL12,6),0)+IFERROR(LARGE(AA12:AL12,7),0)+IFERROR(LARGE(AA12:AL12,8),0)+IFERROR(LARGE(AA12:AL12,9),0)+IFERROR(LARGE(AA12:AL12,10),0)+IFERROR(LARGE(AA12:AL12,11),0)+IFERROR(LARGE(AA12:AL12,12),0)+IFERROR(LARGE(AA12:AL12,13),0)+IFERROR(LARGE(AA12:AL12,14),0) | AA12: ='dt1_tejo_montado'!AA20 | AB12: =IF((E12+F12+G12+H12+J12+K12+O12+P12+R12+S12+T12+U12+V12+W12+X12)>0,0,'aq1_morgado'!AA41) | AC12: =IF((E12+F12+G12+H12+J12+K12+O12+P12+R12+S12+T12+U12+V12+W12+X12)>0,0,'aq1_morgado'!AW41) | AD12: ='gg_main'!AW23 | AE12: ='gg_main'!BS23 | AF12: =IF((E12+F12+G12+H12+J12+K12+O12+P12+R12+S12+T12+U12+V12+W12+X12)>0,0,'aq2_qtaperu'!AA54) | AG12: =IF((E12+F12+G12+H12+J12+K12+O12+P12+R12+S12+T12+U12+V12+W12+X12)>0,0,'aq2_qtaperu'!AW54) | AH12: ='dt3_tejo_se'!AA18 | AI12: ='dt3_tejo_se'!AW18 | AJ12: ='dt4_tejo_lisbon'!AA22 | AK12: ='pja_aroeira_masters'!AA29 | AL12: ='pja_aroeira_masters'!AW29
A13: =RANK(Z13,$Z$6:$Z$30) | B13: William Gao | C13: 51524 | D13: Sub 14 | E13: 0 | F13: ='dt1_tejo_montado'!AB21 | G13: 0 | H13: 0 | I13: =IF((E13+F13+G13+H13+J13+K13+O13+P13+R13+S13+T13+U13+V13+W13+X13)>0,0,'aq1_morgado'!AX78) | J13: 0 | K13: 0 | L13: 0 | M13: ='gg_u14'!AX18 | N13: 0 | O13: 0 | P13: 0 | Q13: =IF((E13+F13+G13+H13+J13+K13+O13+P13+R13+S13+T13+U13+V13+W13+X13)>0,0,'aq2_qtaperu'!AX93) | R13: 0 | S13: ='dt3_tejo_se'!AX23 | T13: 0 | U13: 0 | V13: 0 | W13: ='dt4_tejo_lisbon'!AB21 | X13: 0 | Y13: ='pja_aroeira_masters'!AX20 | Z13: =IFERROR(LARGE(AA13:AL13,1),0)+IFERROR(LARGE(AA13:AL13,2),0)+IFERROR(LARGE(AA13:AL13,3),0)+IFERROR(LARGE(AA13:AL13,4),0)+IFERROR(LARGE(AA13:AL13,5),0)+IFERROR(LARGE(AA13:AL13,6),0)+IFERROR(LARGE(AA13:AL13,7),0)+IFERROR(LARGE(AA13:AL13,8),0)+IFERROR(LARGE(AA13:AL13,9),0)+IFERROR(LARGE(AA13:AL13,10),0)+IFERROR(LARGE(AA13:AL13,11),0)+IFERROR(LARGE(AA13:AL13,12),0)+IFERROR(LARGE(AA13:AL13,13),0)+IFERROR(LARGE(AA13:AL13,14),0) | AA13: ='dt1_tejo_montado'!AA21 | AB13: =IF((E13+F13+G13+H13+J13+K13+O13+P13+R13+S13+T13+U13+V13+W13+X13)>0,0,'aq1_morgado'!AA78) | AC13: =IF((E13+F13+G13+H13+J13+K13+O13+P13+R13+S13+T13+U13+V13+W13+X13)>0,0,'aq1_morgado'!AW78) | AD13: ='gg_u14'!AA18 | AE13: ='gg_u14'!AW18 | AF13: =IF((E13+F13+G13+H13+J13+K13+O13+P13+R13+S13+T13+U13+V13+W13+X13)>0,0,'aq2_qtaperu'!AA93) | AG13: =IF((E13+F13+G13+H13+J13+K13+O13+P13+R13+S13+T13+U13+V13+W13+X13)>0,0,'aq2_qtaperu'!AW93) | AH13: ='dt3_tejo_se'!AA23 | AI13: ='dt3_tejo_se'!AW23 | AJ13: ='dt4_tejo_lisbon'!AA21 | AK13: ='pja_aroeira_masters'!AA20 | AL13: ='pja_aroeira_masters'!AW20
A14: =RANK(Z14,$Z$6:$Z$30) | B14: Madalena Figueiredo | C14: 52011 | D14: Sub 16 | E14: 0 | F14: ='dt1_tejo_montado'!AB23 | G14: 0 | H14: 0 | I14: =IF((E14+F14+G14+H14+J14+K14+O14+P14+R14+S14+T14+U14+V14+W14+X14)>0,0,'aq1_morgado'!AX83) | J14: 0 | K14: 0 | L14: ='gg_main'!BT36 | M14: 0 | N14: 0 | O14: 0 | P14: 0 | Q14: 0 | R14: 0 | S14: ='dt3_tejo_se'!AX27 | T14: 0 | U14: 0 | V14: 0 | W14: ='dt4_tejo_lisbon'!AB34 | X14: 0 | Y14: ='pja_aroeira_masters'!AX19 | Z14: =IFERROR(LARGE(AA14:AJ14,1),0)+IFERROR(LARGE(AA14:AJ14,2),0)+IFERROR(LARGE(AA14:AJ14,3),0)+IFERROR(LARGE(AA14:AJ14,4),0)+IFERROR(LARGE(AA14:AJ14,5),0)+IFERROR(LARGE(AA14:AJ14,6),0)+IFERROR(LARGE(AA14:AJ14,7),0)+IFERROR(LARGE(AA14:AJ14,8),0)+IFERROR(LARGE(AA14:AJ14,9),0)+IFERROR(LARGE(AA14:AJ14,10),0)+IFERROR(LARGE(AA14:AJ14,11),0)+IFERROR(LARGE(AA14:AJ14,12),0)+IFERROR(LARGE(AA14:AJ14,13),0)+IFERROR(LARGE(AA14:AJ14,14),0) | AA14: ='dt1_tejo_montado'!AA23 | AB14: =IF((E14+F14+G14+H14+J14+K14+O14+P14+R14+S14+T14+U14+V14+W14+X14)>0,0,'aq1_morgado'!AA83) | AC14: =IF((E14+F14+G14+H14+J14+K14+O14+P14+R14+S14+T14+U14+V14+W14+X14)>0,0,'aq1_morgado'!AW83) | AD14: ='gg_main'!AW36 | AE14: ='gg_main'!BS36 | AF14: ='dt3_tejo_se'!AA27 | AG14: ='dt3_tejo_se'!AW27 | AH14: ='dt4_tejo_lisbon'!AA34 | AI14: ='pja_aroeira_masters'!AA19 | AJ14: ='pja_aroeira_masters'!AW19
A15: =RANK(Z15,$Z$6:$Z$30) | B15: Martim Sousa de Morais | C15: 41609 | D15: Sub 23 | E15: 0 | F15: ='dt1_tejo_montado'!AB25 | G15: 0 | H15: 0 | I15: =IF((E15+F15+G15+H15+J15+K15+O15+P15+R15+S15+T15+U15+V15+W15+X15)>0,0,'aq1_morgado'!AX56) | J15: 0 | K15: 0 | L15: 0 | M15: 0 | N15: 0 | O15: 0 | P15: 0 | Q15: =IF((E15+F15+G15+H15+J15+K15+O15+P15+R15+S15+T15+U15+V15+W15+X15)>0,0,'aq2_qtaperu'!AX25) | R15: 0 | S15: ='dt3_tejo_se'!AX21 | T15: 0 | U15: 0 | V15: 0 | W15: 0 | X15: 0 | Y15: 0 | Z15: =IFERROR(LARGE(AA15:AG15,1),0)+IFERROR(LARGE(AA15:AG15,2),0)+IFERROR(LARGE(AA15:AG15,3),0)+IFERROR(LARGE(AA15:AG15,4),0)+IFERROR(LARGE(AA15:AG15,5),0)+IFERROR(LARGE(AA15:AG15,6),0)+IFERROR(LARGE(AA15:AG15,7),0)+IFERROR(LARGE(AA15:AG15,8),0)+IFERROR(LARGE(AA15:AG15,9),0)+IFERROR(LARGE(AA15:AG15,10),0)+IFERROR(LARGE(AA15:AG15,11),0)+IFERROR(LARGE(AA15:AG15,12),0)+IFERROR(LARGE(AA15:AG15,13),0)+IFERROR(LARGE(AA15:AG15,14),0) | AA15: ='dt1_tejo_montado'!AA25 | AB15: =IF((E15+F15+G15+H15+J15+K15+O15+P15+R15+S15+T15+U15+V15+W15+X15)>0,0,'aq1_morgado'!AA56) | AC15: =IF((E15+F15+G15+H15+J15+K15+O15+P15+R15+S15+T15+U15+V15+W15+X15)>0,0,'aq1_morgado'!AW56) | AD15: =IF((E15+F15+G15+H15+J15+K15+O15+P15+R15+S15+T15+U15+V15+W15+X15)>0,0,'aq2_qtaperu'!AA25) | AE15: =IF((E15+F15+G15+H15+J15+K15+O15+P15+R15+S15+T15+U15+V15+W15+X15)>0,0,'aq2_qtaperu'!AW25) | AF15: ='dt3_tejo_se'!AA21 | AG15: ='dt3_tejo_se'!AW21
A16: =RANK(Z16,$Z$6:$Z$30) | B16: Clara Trindade | C16: 45812 | D16: Sub 16 | E16: 0 | F16: ='dt1_tejo_montado'!AB27 | G16: 0 | H16: 0 | I16: =IF((E16+F16+G16+H16+J16+K16+O16+P16+R16+S16+T16+U16+V16+W16+X16)>0,0,'aq1_morgado'!AX87) | J16: 0 | K16: 0 | L16: 0 | M16: 0 | N16: 0 | O16: 0 | P16: 0 | Q16: =IF((E16+F16+G16+H16+J16+K16+O16+P16+R16+S16+T16+U16+V16+W16+X16)>0,0,'aq2_qtaperu'!AX85) | R16: 0 | S16: ='dt3_tejo_se'!AX25 | T16: 0 | U16: 0 | V16: 0 | W16: ='dt4_tejo_lisbon'!AB37 | X16: 0 | Y16: 0 | Z16: =IFERROR(LARGE(AA16:AH16,1),0)+IFERROR(LARGE(AA16:AH16,2),0)+IFERROR(LARGE(AA16:AH16,3),0)+IFERROR(LARGE(AA16:AH16,4),0)+IFERROR(LARGE(AA16:AH16,5),0)+IFERROR(LARGE(AA16:AH16,6),0)+IFERROR(LARGE(AA16:AH16,7),0)+IFERROR(LARGE(AA16:AH16,8),0)+IFERROR(LARGE(AA16:AH16,9),0)+IFERROR(LARGE(AA16:AH16,10),0)+IFERROR(LARGE(AA16:AH16,11),0)+IFERROR(LARGE(AA16:AH16,12),0)+IFERROR(LARGE(AA16:AH16,13),0)+IFERROR(LARGE(AA16:AH16,14),0) | AA16: ='dt1_tejo_montado'!AA27 | AB16: =IF((E16+F16+G16+H16+J16+K16+O16+P16+R16+S16+T16+U16+V16+W16+X16)>0,0,'aq1_morgado'!AA87) | AC16: =IF((E16+F16+G16+H16+J16+K16+O16+P16+R16+S16+T16+U16+V16+W16+X16)>0,0,'aq1_morgado'!AW87) | AD16: =IF((E16+F16+G16+H16+J16+K16+O16+P16+R16+S16+T16+U16+V16+W16+X16)>0,0,'aq2_qtaperu'!AA85) | AE16: =IF((E16+F16+G16+H16+J16+K16+O16+P16+R16+S16+T16+U16+V16+W16+X16)>0,0,'aq2_qtaperu'!AW85) | AF16: ='dt3_tejo_se'!AA25 | AG16: ='dt3_tejo_se'!AW25 | AH16: ='dt4_tejo_lisbon'!AA37
A17: =RANK(Z17,$Z$6:$Z$30) | B17: Rafael Gonçales Benesi | C17: 54774 | D17: Sub 16 | E17: 0 | F17: ='dt1_tejo_montado'!AB29 | G17: 0 | H17: 0 | I17: 0 | J17: 0 | K17: 0 | L17: 0 | M17: 0 | N17: 0 | O17: 0 | P17: 0 | Q17: =IF((E17+F17+G17+H17+J17+K17+O17+P17+R17+S17+T17+U17+V17+W17+X17)>0,0,'aq2_qtaperu'!AX92) | R17: 0 | S17: ='dt3_tejo_se'!AX20 | T17: 0 | U17: 0 | V17: 0 | W17: 0 | X17: 0 | Y17: ='pja_aroeira_masters'!AX26 | Z17: =IFERROR(LARGE(AA17:AG17,1),0)+IFERROR(LARGE(AA17:AG17,2),0)+IFERROR(LARGE(AA17:AG17,3),0)+IFERROR(LARGE(AA17:AG17,4),0)+IFERROR(LARGE(AA17:AG17,5),0)+IFERROR(LARGE(AA17:AG17,6),0)+IFERROR(LARGE(AA17:AG17,7),0)+IFERROR(LARGE(AA17:AG17,8),0)+IFERROR(LARGE(AA17:AG17,9),0)+IFERROR(LARGE(AA17:AG17,10),0)+IFERROR(LARGE(AA17:AG17,11),0)+IFERROR(LARGE(AA17:AG17,12),0)+IFERROR(LARGE(AA17:AG17,13),0)+IFERROR(LARGE(AA17:AG17,14),0) | AA17: ='dt1_tejo_montado'!AA29 | AB17: =IF((E17+F17+G17+H17+J17+K17+O17+P17+R17+S17+T17+U17+V17+W17+X17)>0,0,'aq2_qtaperu'!AA92) | AC17: =IF((E17+F17+G17+H17+J17+K17+O17+P17+R17+S17+T17+U17+V17+W17+X17)>0,0,'aq2_qtaperu'!AW92) | AD17: ='dt3_tejo_se'!AA20 | AE17: ='dt3_tejo_se'!AW20 | AF17: ='pja_aroeira_masters'!AA26 | AG17: ='pja_aroeira_masters'!AW26
A18: =RANK(Z18,$Z$6:$Z$30) | B18: Ryan Dantas | C18: 45439 | D18: Sub 16 | E18: 0 | F18: ='dt1_tejo_montado'!AB37 | G18: 0 | H18: 0 | I18: 0 | J18: 0 | K18: 0 | L18: ='gg_main'!BT27 | M18: 0 | N18: 0 | O18: 0 | P18: 0 | Q18: =IF((E18+F18+G18+H18+J18+K18+O18+P18+R18+S18+T18+U18+V18+W18+X18)>0,0,'aq2_qtaperu'!AX79) | R18: 0 | S18: 0 | T18: 0 | U18: 0 | V18: 0 | W18: 0 | X18: 0 | Y18: ='pja_aroeira_masters'!AX28 | Z18: =IFERROR(LARGE(AA18:AG18,1),0)+IFERROR(LARGE(AA18:AG18,2),0)+IFERROR(LARGE(AA18:AG18,3),0)+IFERROR(LARGE(AA18:AG18,4),0)+IFERROR(LARGE(AA18:AG18,5),0)+IFERROR(LARGE(AA18:AG18,6),0)+IFERROR(LARGE(AA18:AG18,7),0)+IFERROR(LARGE(AA18:AG18,8),0)+IFERROR(LARGE(AA18:AG18,9),0)+IFERROR(LARGE(AA18:AG18,10),0)+IFERROR(LARGE(AA18:AG18,11),0)+IFERROR(LARGE(AA18:AG18,12),0)+IFERROR(LARGE(AA18:AG18,13),0)+IFERROR(LARGE(AA18:AG18,14),0) | AA18: ='dt1_tejo_montado'!AA37 | AB18: ='gg_main'!AW27 | AC18: ='gg_main'!BS27 | AD18: =IF((E18+F18+G18+H18+J18+K18+O18+P18+R18+S18+T18+U18+V18+W18+X18)>0,0,'aq2_qtaperu'!AA79) | AE18: =IF((E18+F18+G18+H18+J18+K18+O18+P18+R18+S18+T18+U18+V18+W18+X18)>0,0,'aq2_qtaperu'!AW79) | AF18: ='pja_aroeira_masters'!AA28 | AG18: ='pja_aroeira_masters'!AW28
A19: =RANK(Z19,$Z$6:$Z$30) | B19: Santiago Dias | C19: 42908 | D19: Sub 14 | E19: 0 | F19: 0 | G19: ='dt1_norte_estela'!AB14 | H19: 0 | I19: =IF((E19+F19+G19+H19+J19+K19+O19+P19+R19+S19+T19+U19+V19+W19+X19)>0,0,'aq1_morgado'!AX48) | J19: 0 | K19: 0 | L19: ='gg_main'!BT18 | M19: 0 | N19: 0 | O19: ='dt3_norte_valepisao'!AX13 | P19: 0 | Q19: =IF((E19+F19+G19+H19+J19+K19+O19+P19+R19+S19+T19+U19+V19+W19+X19)>0,0,'aq2_qtaperu'!AX21) | R19: 0 | S19: 0 | T19: 0 | U19: 0 | V19: 0 | W19: 0 | X19: 0 | Y19: 0 | Z19: =IFERROR(LARGE(AA19:AI19,1),0)+IFERROR(LARGE(AA19:AI19,2),0)+IFERROR(LARGE(AA19:AI19,3),0)+IFERROR(LARGE(AA19:AI19,4),0)+IFERROR(LARGE(AA19:AI19,5),0)+IFERROR(LARGE(AA19:AI19,6),0)+IFERROR(LARGE(AA19:AI19,7),0)+IFERROR(LARGE(AA19:AI19,8),0)+IFERROR(LARGE(AA19:AI19,9),0)+IFERROR(LARGE(AA19:AI19,10),0)+IFERROR(LARGE(AA19:AI19,11),0)+IFERROR(LARGE(AA19:AI19,12),0)+IFERROR(LARGE(AA19:AI19,13),0)+IFERROR(LARGE(AA19:AI19,14),0) | AA19: ='dt1_norte_estela'!AA14 | AB19: =IF((E19+F19+G19+H19+J19+K19+O19+P19+R19+S19+T19+U19+V19+W19+X19)>0,0,'aq1_morgado'!AA48) | AC19: =IF((E19+F19+G19+H19+J19+K19+O19+P19+R19+S19+T19+U19+V19+W19+X19)>0,0,'aq1_morgado'!AW48) | AD19: ='gg_main'!AW18 | AE19: ='gg_main'!BS18 | AF19: ='dt3_norte_valepisao'!AA13 | AG19: ='dt3_norte_valepisao'!AW13 | AH19: =IF((E19+F19+G19+H19+J19+K19+O19+P19+R19+S19+T19+U19+V19+W19+X19)>0,0,'aq2_qtaperu'!AA21) | AI19: =IF((E19+F19+G19+H19+J19+K19+O19+P19+R19+S19+T19+U19+V19+W19+X19)>0,0,'aq2_qtaperu'!AW21)
A20: =RANK(Z20,$Z$6:$Z$30) | B20: Rodrigo Sousa Correia | C20: 44934 | D20: Sub 16 | E20: 0 | F20: 0 | G20: 0 | H20: ='dt1_sul_laguna'!AB13 | I20: =IF((E20+F20+G20+H20+J20+K20+O20+P20+R20+S20+T20+U20+V20+W20+X20)>0,0,'aq1_morgado'!AX30) | J20: 0 | K20: 0 | L20: ='gg_main'!BT24 | M20: 0 | N20: 0 | O20: 0 | P20: 0 | Q20: =IF((E20+F20+G20+H20+J20+K20+O20+P20+R20+S20+T20+U20+V20+W20+X20)>0,0,'aq2_qtaperu'!AX51) | R20: 0 | S20: 0 | T20: ='dt3_sul_qvale'!AB14 | U20: 0 | V20: 0 | W20: 0 | X20: 0 | Y20: ='pja_aroeira_masters'!AX22 | Z20: =IFERROR(LARGE(AA20:AJ20,1),0)+IFERROR(LARGE(AA20:AJ20,2),0)+IFERROR(LARGE(AA20:AJ20,3),0)+IFERROR(LARGE(AA20:AJ20,4),0)+IFERROR(LARGE(AA20:AJ20,5),0)+IFERROR(LARGE(AA20:AJ20,6),0)+IFERROR(LARGE(AA20:AJ20,7),0)+IFERROR(LARGE(AA20:AJ20,8),0)+IFERROR(LARGE(AA20:AJ20,9),0)+IFERROR(LARGE(AA20:AJ20,10),0)+IFERROR(LARGE(AA20:AJ20,11),0)+IFERROR(LARGE(AA20:AJ20,12),0)+IFERROR(LARGE(AA20:AJ20,13),0)+IFERROR(LARGE(AA20:AJ20,14),0) | AA20: ='dt1_sul_laguna'!AA13 | AB20: =IF((E20+F20+G20+H20+J20+K20+O20+P20+R20+S20+T20+U20+V20+W20+X20)>0,0,'aq1_morgado'!AA30) | AC20: =IF((E20+F20+G20+H20+J20+K20+O20+P20+R20+S20+T20+U20+V20+W20+X20)>0,0,'aq1_morgado'!AW30) | AD20: ='gg_main'!AW24 | AE20: ='gg_main'!BS24 | AF20: =IF((E20+F20+G20+H20+J20+K20+O20+P20+R20+S20+T20+U20+V20+W20+X20)>0,0,'aq2_qtaperu'!AA51) | AG20: =IF((E20+F20+G20+H20+J20+K20+O20+P20+R20+S20+T20+U20+V20+W20+X20)>0,0,'aq2_qtaperu'!AW51) | AH20: ='dt3_sul_qvale'!AA14 | AI20: ='pja_aroeira_masters'!AA22 | AJ20: ='pja_aroeira_masters'!AW22
A21: =RANK(Z21,$Z$6:$Z$30) | B21: Sabrina Ribeiro Crisóstomo | C21: 48971 | D21: Sub 12 | E21: 0 | F21: 0 | G21: 0 | H21: ='dt1_sul_laguna'!AB22 | I21: =IF((E21+F21+G21+H21+J21+K21+O21+P21+R21+S21+T21+U21+V21+W21+X21)>0,0,'aq1_morgado'!AX88) | J21: ='dt2_sul_vilasol'!AB26 | K21: 0 | L21: 0 | M21: 0 | N21: 0 | O21: 0 | P21: 0 | Q21: =IF((E21+F21+G21+H21+J21+K21+O21+P21+R21+S21+T21+U21+V21+W21+X21)>0,0,'aq2_qtaperu'!AX57) | R21: 0 | S21: 0 | T21: ='dt3_sul_qvale'!AB20 | U21: 0 | V21: 0 | W21: 0 | X21: 0 | Y21: ='pja_aroeira_masters'!AX27 | Z21: =IFERROR(LARGE(AA21:AI21,1),0)+IFERROR(LARGE(AA21:AI21,2),0)+IFERROR(LARGE(AA21:AI21,3),0)+IFERROR(LARGE(AA21:AI21,4),0)+IFERROR(LARGE(AA21:AI21,5),0)+IFERROR(LARGE(AA21:AI21,6),0)+IFERROR(LARGE(AA21:AI21,7),0)+IFERROR(LARGE(AA21:AI21,8),0)+IFERROR(LARGE(AA21:AI21,9),0)+IFERROR(LARGE(AA21:AI21,10),0)+IFERROR(LARGE(AA21:AI21,11),0)+IFERROR(LARGE(AA21:AI21,12),0)+IFERROR(LARGE(AA21:AI21,13),0)+IFERROR(LARGE(AA21:AI21,14),0) | AA21: ='dt1_sul_laguna'!AA22 | AB21: =IF((E21+F21+G21+H21+J21+K21+O21+P21+R21+S21+T21+U21+V21+W21+X21)>0,0,'aq1_morgado'!AA88) | AC21: =IF((E21+F21+G21+H21+J21+K21+O21+P21+R21+S21+T21+U21+V21+W21+X21)>0,0,'aq1_morgado'!AW88) | AD21: ='dt2_sul_vilasol'!AA26 | AE21: =IF((E21+F21+G21+H21+J21+K21+O21+P21+R21+S21+T21+U21+V21+W21+X21)>0,0,'aq2_qtaperu'!AA57) | AF21: =IF((E21+F21+G21+H21+J21+K21+O21+P21+R21+S21+T21+U21+V21+W21+X21)>0,0,'aq2_qtaperu'!AW57) | AG21: ='dt3_sul_qvale'!AA20 | AH21: ='pja_aroeira_masters'!AA27 | AI21: ='pja_aroeira_masters'!AW27
A22: =RANK(Z22,$Z$6:$Z$30) | B22: Tomás Lima Pinto | C22: 46037 | D22: Sub 14 | E22: 0 | F22: 0 | G22: 0 | H22: ='dt1_sul_laguna'!AB25 | I22: 0 | J22: 0 | K22: 0 | L22: 0 | M22: ='gg_u14'!AX15 | N22: 0 | O22: 0 | P22: 0 | Q22: =IF((E22+F22+G22+H22+J22+K22+O22+P22+R22+S22+T22+U22+V22+W22+X22)>0,0,'aq2_qtaperu'!AX81) | R22: 0 | S22: 0 | T22: 0 | U22: 0 | V22: 0 | W22: 0 | X22: 0 | Y22: ='pja_aroeira_masters'!AX24 | Z22: =IFERROR(LARGE(AA22:AG22,1),0)+IFERROR(LARGE(AA22:AG22,2),0)+IFERROR(LARGE(AA22:AG22,3),0)+IFERROR(LARGE(AA22:AG22,4),0)+IFERROR(LARGE(AA22:AG22,5),0)+IFERROR(LARGE(AA22:AG22,6),0)+IFERROR(LARGE(AA22:AG22,7),0)+IFERROR(LARGE(AA22:AG22,8),0)+IFERROR(LARGE(AA22:AG22,9),0)+IFERROR(LARGE(AA22:AG22,10),0)+IFERROR(LARGE(AA22:AG22,11),0)+IFERROR(LARGE(AA22:AG22,12),0)+IFERROR(LARGE(AA22:AG22,13),0)+IFERROR(LARGE(AA22:AG22,14),0) | AA22: ='dt1_sul_laguna'!AA25 | AB22: ='gg_u14'!AA15 | AC22: ='gg_u14'!AW15 | AD22: =IF((E22+F22+G22+H22+J22+K22+O22+P22+R22+S22+T22+U22+V22+W22+X22)>0,0,'aq2_qtaperu'!AA81) | AE22: =IF((E22+F22+G22+H22+J22+K22+O22+P22+R22+S22+T22+U22+V22+W22+X22)>0,0,'aq2_qtaperu'!AW81) | AF22: ='pja_aroeira_masters'!AA24 | AG22: ='pja_aroeira_masters'!AW24
A23: =RANK(Z23,$Z$6:$Z$30) | B23: Rodrigo Faria Constantino | C23: 45278 | D23: Sub 23 | E23: 0 | F23: 0 | G23: 0 | H23: 0 | I23: =IF((E23+F23+G23+H23+J23+K23+O23+P23+R23+S23+T23+U23+V23+W23+X23)>0,0,'aq1_morgado'!AX21) | J23: 0 | K23: 0 | L23: 0 | M23: 0 | N23: 0 | O23: 0 | P23: 0 | Q23: =IF((E23+F23+G23+H23+J23+K23+O23+P23+R23+S23+T23+U23+V23+W23+X23)>0,0,'aq2_qtaperu'!AX35) | R23: 0 | S23: 0 | T23: 0 | U23: 0 | V23: 0 | W23: 0 | X23: 0 | Y23: ='pja_aroeira_masters'!AX21 | Z23: =IFERROR(LARGE(AA23:AF23,1),0)+IFERROR(LARGE(AA23:AF23,2),0)+IFERROR(LARGE(AA23:AF23,3),0)+IFERROR(LARGE(AA23:AF23,4),0)+IFERROR(LARGE(AA23:AF23,5),0)+IFERROR(LARGE(AA23:AF23,6),0)+IFERROR(LARGE(AA23:AF23,7),0)+IFERROR(LARGE(AA23:AF23,8),0)+IFERROR(LARGE(AA23:AF23,9),0)+IFERROR(LARGE(AA23:AF23,10),0)+IFERROR(LARGE(AA23:AF23,11),0)+IFERROR(LARGE(AA23:AF23,12),0)+IFERROR(LARGE(AA23:AF23,13),0)+IFERROR(LARGE(AA23:AF23,14),0) | AA23: =IF((E23+F23+G23+H23+J23+K23+O23+P23+R23+S23+T23+U23+V23+W23+X23)>0,0,'aq1_morgado'!AA21) | AB23: =IF((E23+F23+G23+H23+J23+K23+O23+P23+R23+S23+T23+U23+V23+W23+X23)>0,0,'aq1_morgado'!AW21) | AC23: =IF((E23+F23+G23+H23+J23+K23+O23+P23+R23+S23+T23+U23+V23+W23+X23)>0,0,'aq2_qtaperu'!AA35) | AD23: =IF((E23+F23+G23+H23+J23+K23+O23+P23+R23+S23+T23+U23+V23+W23+X23)>0,0,'aq2_qtaperu'!AW35) | AE23: ='pja_aroeira_masters'!AA21 | AF23: ='pja_aroeira_masters'!AW21
A24: =RANK(Z24,$Z$6:$Z$30) | B24: João Maria Ivo de Carvalho | C24: 38334 | D24: Sub 23 | E24: 0 | F24: 0 | G24: 0 | H24: 0 | I24: =IF((E24+F24+G24+H24+J24+K24+O24+P24+R24+S24+T24+U24+V24+W24+X24)>0,0,'aq1_morgado'!AX29) | J24: 0 | K24: 0 | L24: ='gg_main'!BT19 | M24: 0 | N24: 0 | O24: 0 | P24: 0 | Q24: 0 | R24: 0 | S24: 0 | T24: 0 | U24: 0 | V24: 0 | W24: ='dt4_tejo_lisbon'!AB14 | X24: 0 | Y24: ='pja_aroeira_masters'!AX18 | Z24: =IFERROR(LARGE(AA24:AG24,1),0)+IFERROR(LARGE(AA24:AG24,2),0)+IFERROR(LARGE(AA24:AG24,3),0)+IFERROR(LARGE(AA24:AG24,4),0)+IFERROR(LARGE(AA24:AG24,5),0)+IFERROR(LARGE(AA24:AG24,6),0)+IFERROR(LARGE(AA24:AG24,7),0)+IFERROR(LARGE(AA24:AG24,8),0)+IFERROR(LARGE(AA24:AG24,9),0)+IFERROR(LARGE(AA24:AG24,10),0)+IFERROR(LARGE(AA24:AG24,11),0)+IFERROR(LARGE(AA24:AG24,12),0)+IFERROR(LARGE(AA24:AG24,13),0)+IFERROR(LARGE(AA24:AG24,14),0) | AA24: =IF((E24+F24+G24+H24+J24+K24+O24+P24+R24+S24+T24+U24+V24+W24+X24)>0,0,'aq1_morgado'!AA29) | AB24: =IF((E24+F24+G24+H24+J24+K24+O24+P24+R24+S24+T24+U24+V24+W24+X24)>0,0,'aq1_morgado'!AW29) | AC24: ='gg_main'!AW19 | AD24: ='gg_main'!BS19 | AE24: ='dt4_tejo_lisbon'!AA14 | AF24: ='pja_aroeira_masters'!AA18 | AG24: ='pja_aroeira_masters'!AW18
A25: =RANK(Z25,$Z$6:$Z$30) | B25: Salvador Ivo de Carvalho | C25: 43968 | D25: Sub 14 | E25: 0 | F25: 0 | G25: 0 | H25: 0 | I25: =IF((E25+F25+G25+H25+J25+K25+O25+P25+R25+S25+T25+U25+V25+W25+X25)>0,0,'aq1_morgado'!AX77) | J25: 0 | K25: 0 | L25: 0 | M25: ='gg_u14'!AX17 | N25: 0 | O25: 0 | P25: 0 | Q25: =IF((E25+F25+G25+H25+J25+K25+O25+P25+R25+S25+T25+U25+V25+W25+X25)>0,0,'aq2_qtaperu'!AX67) | R25: 0 | S25: ='dt3_tejo_se'!AX28 | T25: 0 | U25: 0 | V25: 0 | W25: ='dt4_tejo_lisbon'!AB16 | X25: 0 | Y25: ='pja_aroeira_masters'!AX17 | Z25: =IFERROR(LARGE(AA25:AK25,1),0)+IFERROR(LARGE(AA25:AK25,2),0)+IFERROR(LARGE(AA25:AK25,3),0)+IFERROR(LARGE(AA25:AK25,4),0)+IFERROR(LARGE(AA25:AK25,5),0)+IFERROR(LARGE(AA25:AK25,6),0)+IFERROR(LARGE(AA25:AK25,7),0)+IFERROR(LARGE(AA25:AK25,8),0)+IFERROR(LARGE(AA25:AK25,9),0)+IFERROR(LARGE(AA25:AK25,10),0)+IFERROR(LARGE(AA25:AK25,11),0)+IFERROR(LARGE(AA25:AK25,12),0)+IFERROR(LARGE(AA25:AK25,13),0)+IFERROR(LARGE(AA25:AK25,14),0) | AA25: =IF((E25+F25+G25+H25+J25+K25+O25+P25+R25+S25+T25+U25+V25+W25+X25)>0,0,'aq1_morgado'!AA77) | AB25: =IF((E25+F25+G25+H25+J25+K25+O25+P25+R25+S25+T25+U25+V25+W25+X25)>0,0,'aq1_morgado'!AW77) | AC25: ='gg_u14'!AA17 | AD25: ='gg_u14'!AW17 | AE25: =IF((E25+F25+G25+H25+J25+K25+O25+P25+R25+S25+T25+U25+V25+W25+X25)>0,0,'aq2_qtaperu'!AA67) | AF25: =IF((E25+F25+G25+H25+J25+K25+O25+P25+R25+S25+T25+U25+V25+W25+X25)>0,0,'aq2_qtaperu'!AW67) | AG25: ='dt3_tejo_se'!AA28 | AH25: ='dt3_tejo_se'!AW28 | AI25: ='dt4_tejo_lisbon'!AA16 | AJ25: ='pja_aroeira_masters'!AA17 | AK25: ='pja_aroeira_masters'!AW17
A26: =RANK(Z26,$Z$6:$Z$30) | B26: David Filip Jun. | C26: 51949 | D26: Sub 14 | E26: 0 | F26: 0 | G26: 0 | H26: 0 | I26: 0 | J26: 0 | K26: 0 | L26: 0 | M26: ='gg_u14'!AX25 | N26: 0 | O26: 0 | P26: 0 | Q26: 0 | R26: 0 | S26: ='dt3_tejo_se'!AX24 | T26: 0 | U26: 0 | V26: 0 | W26: ='dt4_tejo_lisbon'!AB17 | X26: 0 | Y26: ='pja_aroeira_masters'!AX31 | Z26: =IFERROR(LARGE(AA26:AG26,1),0)+IFERROR(LARGE(AA26:AG26,2),0)+IFERROR(LARGE(AA26:AG26,3),0)+IFERROR(LARGE(AA26:AG26,4),0)+IFERROR(LARGE(AA26:AG26,5),0)+IFERROR(LARGE(AA26:AG26,6),0)+IFERROR(LARGE(AA26:AG26,7),0)+IFERROR(LARGE(AA26:AG26,8),0)+IFERROR(LARGE(AA26:AG26,9),0)+IFERROR(LARGE(AA26:AG26,10),0)+IFERROR(LARGE(AA26:AG26,11),0)+IFERROR(LARGE(AA26:AG26,12),0)+IFERROR(LARGE(AA26:AG26,13),0)+IFERROR(LARGE(AA26:AG26,14),0) | AA26: ='gg_u14'!AA25 | AB26: ='gg_u14'!AW25 | AC26: ='dt3_tejo_se'!AA24 | AD26: ='dt3_tejo_se'!AW24 | AE26: ='dt4_tejo_lisbon'!AA17 | AF26: ='pja_aroeira_masters'!AA31 | AG26: ='pja_aroeira_masters'!AW31
A27: =RANK(Z27,$Z$6:$Z$30) | B27: Guo Ziyang | C27: 57904 | D27: Sub 12 | E27: 0 | F27: 0 | G27: 0 | H27: 0 | I27: 0 | J27: 0 | K27: 0 | L27: 0 | M27: 0 | N27: ='gg_u12'!AX15 | O27: 0 | P27: 0 | Q27: 0 | R27: 0 | S27: 0 | T27: 0 | U27: 0 | V27: 0 | W27: ='dt4_tejo_lisbon'!AB20 | X27: 0 | Y27: ='pja_aroeira_masters'!AX15 | Z27: =IFERROR(LARGE(AA27:AE27,1),0)+IFERROR(LARGE(AA27:AE27,2),0)+IFERROR(LARGE(AA27:AE27,3),0)+IFERROR(LARGE(AA27:AE27,4),0)+IFERROR(LARGE(AA27:AE27,5),0)+IFERROR(LARGE(AA27:AE27,6),0)+IFERROR(LARGE(AA27:AE27,7),0)+IFERROR(LARGE(AA27:AE27,8),0)+IFERROR(LARGE(AA27:AE27,9),0)+IFERROR(LARGE(AA27:AE27,10),0)+IFERROR(LARGE(AA27:AE27,11),0)+IFERROR(LARGE(AA27:AE27,12),0)+IFERROR(LARGE(AA27:AE27,13),0)+IFERROR(LARGE(AA27:AE27,14),0) | AA27: ='gg_u12'!AA15 | AB27: ='gg_u12'!AW15 | AC27: ='dt4_tejo_lisbon'!AA20 | AD27: ='pja_aroeira_masters'!AA15 | AE27: ='pja_aroeira_masters'!AW15
A28: =RANK(Z28,$Z$6:$Z$30) | B28: Rafaela Pinto | C28: 40390 | D28: Sub 23 | E28: 0 | F28: 0 | G28: 0 | H28: 0 | I28: 0 | J28: 0 | K28: 0 | L28: 0 | M28: 0 | N28: 0 | O28: 0 | P28: 0 | Q28: =IF((E28+F28+G28+H28+J28+K28+O28+P28+R28+S28+T28+U28+V28+W28+X28)>0,0,'aq2_qtaperu'!AX89) | R28: 0 | S28: 0 | T28: 0 | U28: 0 | V28: 0 | W28: 0 | X28: 0 | Y28: 0 | Z28: =IFERROR(LARGE(AA28:AB28,1),0)+IFERROR(LARGE(AA28:AB28,2),0)+IFERROR(LARGE(AA28:AB28,3),0)+IFERROR(LARGE(AA28:AB28,4),0)+IFERROR(LARGE(AA28:AB28,5),0)+IFERROR(LARGE(AA28:AB28,6),0)+IFERROR(LARGE(AA28:AB28,7),0)+IFERROR(LARGE(AA28:AB28,8),0)+IFERROR(LARGE(AA28:AB28,9),0)+IFERROR(LARGE(AA28:AB28,10),0)+IFERROR(LARGE(AA28:AB28,11),0)+IFERROR(LARGE(AA28:AB28,12),0)+IFERROR(LARGE(AA28:AB28,13),0)+IFERROR(LARGE(AA28:AB28,14),0) | AA28: =IF((E28+F28+G28+H28+J28+K28+O28+P28+R28+S28+T28+U28+V28+W28+X28)>0,0,'aq2_qtaperu'!AA89) | AB28: =IF((E28+F28+G28+H28+J28+K28+O28+P28+R28+S28+T28+U28+V28+W28+X28)>0,0,'aq2_qtaperu'!AW89)
A29: =RANK(Z29,$Z$6:$Z$30) | B29: Francisco Vilardell Carvalho | C29: 52856 | D29: Sub 14 | E29: 0 | F29: 0 | G29: 0 | H29: 0 | I29: 0 | J29: 0 | K29: 0 | L29: 0 | M29: 0 | N29: 0 | O29: 0 | P29: 0 | Q29: 0 | R29: 0 | S29: 0 | T29: 0 | U29: 0 | V29: 0 | W29: 0 | X29: 0 | Y29: ='pja_aroeira_masters'!AX30 | Z29: =IFERROR(LARGE(AA29:AB29,1),0)+IFERROR(LARGE(AA29:AB29,2),0)+IFERROR(LARGE(AA29:AB29,3),0)+IFERROR(LARGE(AA29:AB29,4),0)+IFERROR(LARGE(AA29:AB29,5),0)+IFERROR(LARGE(AA29:AB29,6),0)+IFERROR(LARGE(AA29:AB29,7),0)+IFERROR(LARGE(AA29:AB29,8),0)+IFERROR(LARGE(AA29:AB29,9),0)+IFERROR(LARGE(AA29:AB29,10),0)+IFERROR(LARGE(AA29:AB29,11),0)+IFERROR(LARGE(AA29:AB29,12),0)+IFERROR(LARGE(AA29:AB29,13),0)+IFERROR(LARGE(AA29:AB29,14),0) | AA29: ='pja_aroeira_masters'!AA30 | AB29: ='pja_aroeira_masters'!AW30
A30: =RANK(Z30,$Z$6:$Z$30) | B30: Martim Moreira | C30: 42985 | D30: Sub 14 | E30: 0 | F30: 0 | G30: 0 | H30: 0 | I30: 0 | J30: 0 | K30: 0 | L30: 0 | M30: 0 | N30: 0 | O30: 0 | P30: 0 | Q30: 0 | R30: 0 | S30: 0 | T30: 0 | U30: 0 | V30: 0 | W30: 0 | X30: 0 | Y30: ='pja_aroeira_masters'!AX33 | Z30: =IFERROR(LARGE(AA30:AB30,1),0)+IFERROR(LARGE(AA30:AB30,2),0)+IFERROR(LARGE(AA30:AB30,3),0)+IFERROR(LARGE(AA30:AB30,4),0)+IFERROR(LARGE(AA30:AB30,5),0)+IFERROR(LARGE(AA30:AB30,6),0)+IFERROR(LARGE(AA30:AB30,7),0)+IFERROR(LARGE(AA30:AB30,8),0)+IFERROR(LARGE(AA30:AB30,9),0)+IFERROR(LARGE(AA30:AB30,10),0)+IFERROR(LARGE(AA30:AB30,11),0)+IFERROR(LARGE(AA30:AB30,12),0)+IFERROR(LARGE(AA30:AB30,13),0)+IFERROR(LARGE(AA30:AB30,14),0) | AA30: ='pja_aroeira_masters'!AA33 | AB30: ='pja_aroeira_masters'!AW33

Sheet Sub 12
A1: PJA TOUR 2026 — Ranking Sub 12
A2: Sub-ranking automático filtrado por escalão Sub 12. Totais referenciados directamente do Ranking principal — actualizam dinamicamente.
A4: Pos | B4: Jogador | C4: FedCode | D4: Escalão | E4: TOTAL
A5: =RANK(E5,$E$5:$E$8) | B5: Ricardo Castro Ferreira | C5: 49085 | D5: Sub 12 | E5: =IFERROR(VLOOKUP("49085",Ranking!$C:$Z,24,FALSE),0)
A6: =RANK(E6,$E$5:$E$8) | B6: Manuel Goulartt Medeiros | C6: 52884 | D6: Sub 12 | E6: =IFERROR(VLOOKUP("52884",Ranking!$C:$Z,24,FALSE),0)
A7: =RANK(E7,$E$5:$E$8) | B7: Guo Ziyang | C7: 57904 | D7: Sub 12 | E7: =IFERROR(VLOOKUP("57904",Ranking!$C:$Z,24,FALSE),0)
A8: =RANK(E8,$E$5:$E$8) | B8: Sabrina Ribeiro Crisóstomo | C8: 48971 | D8: Sub 12 | E8: =IFERROR(VLOOKUP("48971",Ranking!$C:$Z,24,FALSE),0)

Sheet Sub 14
A1: PJA TOUR 2026 — Ranking Sub 14
A2: Sub-ranking automático filtrado por escalão Sub 14. Totais referenciados directamente do Ranking principal — actualizam dinamicamente.
A4: Pos | B4: Jogador | C4: FedCode | D4: Escalão | E4: TOTAL
A5: =RANK(E5,$E$5:$E$13) | B5: Nuno Palmares Jr. | C5: 49124 | D5: Sub 14 | E5: =IFERROR(VLOOKUP("49124",Ranking!$C:$Z,24,FALSE),0)
A6: =RANK(E6,$E$5:$E$13) | B6: João Rocha | C6: 48297 | D6: Sub 14 | E6: =IFERROR(VLOOKUP("48297",Ranking!$C:$Z,24,FALSE),0)
A7: =RANK(E7,$E$5:$E$13) | B7: Santiago Dias | C7: 42908 | D7: Sub 14 | E7: =IFERROR(VLOOKUP("42908",Ranking!$C:$Z,24,FALSE),0)
A8: =RANK(E8,$E$5:$E$13) | B8: William Gao | C8: 51524 | D8: Sub 14 | E8: =IFERROR(VLOOKUP("51524",Ranking!$C:$Z,24,FALSE),0)
A9: =RANK(E9,$E$5:$E$13) | B9: Salvador Ivo de Carvalho | C9: 43968 | D9: Sub 14 | E9: =IFERROR(VLOOKUP("43968",Ranking!$C:$Z,24,FALSE),0)
A10: =RANK(E10,$E$5:$E$13) | B10: David Filip Jun. | C10: 51949 | D10: Sub 14 | E10: =IFERROR(VLOOKUP("51949",Ranking!$C:$Z,24,FALSE),0)
A11: =RANK(E11,$E$5:$E$13) | B11: Tomás Lima Pinto | C11: 46037 | D11: Sub 14 | E11: =IFERROR(VLOOKUP("46037",Ranking!$C:$Z,24,FALSE),0)
A12: =RANK(E12,$E$5:$E$13) | B12: Francisco Vilardell Carvalho | C12: 52856 | D12: Sub 14 | E12: =IFERROR(VLOOKUP("52856",Ranking!$C:$Z,24,FALSE),0)
A13: =RANK(E13,$E$5:$E$13) | B13: Martim Moreira | C13: 42985 | D13: Sub 14 | E13: =IFERROR(VLOOKUP("42985",Ranking!$C:$Z,24,FALSE),0)

Sheet Sub 16
A1: PJA TOUR 2026 — Ranking Sub 16
A2: Sub-ranking automático filtrado por escalão Sub 16. Totais referenciados directamente do Ranking principal — actualizam dinamicamente.
A4: Pos | B4: Jogador | C4: FedCode | D4: Escalão | E4: TOTAL
A5: =RANK(E5,$E$5:$E$12) | B5: Pedro Costa Alemão | C5: 46706 | D5: Sub 16 | E5: =IFERROR(VLOOKUP("46706",Ranking!$C:$Z,24,FALSE),0)
A6: =RANK(E6,$E$5:$E$12) | B6: Rodrigo Sousa Correia | C6: 44934 | D6: Sub 16 | E6: =IFERROR(VLOOKUP("44934",Ranking!$C:$Z,24,FALSE),0)
A7: =RANK(E7,$E$5:$E$12) | B7: Angelina Gao | C7: 51523 | D7: Sub 16 | E7: =IFERROR(VLOOKUP("51523",Ranking!$C:$Z,24,FALSE),0)
A8: =RANK(E8,$E$5:$E$12) | B8: Madalena Figueiredo | C8: 52011 | D8: Sub 16 | E8: =IFERROR(VLOOKUP("52011",Ranking!$C:$Z,24,FALSE),0)
A9: =RANK(E9,$E$5:$E$12) | B9: Ryan Dantas | C9: 45439 | D9: Sub 16 | E9: =IFERROR(VLOOKUP("45439",Ranking!$C:$Z,24,FALSE),0)
A10: =RANK(E10,$E$5:$E$12) | B10: Diogo Sequeira | C10: 56654 | D10: Sub 16 | E10: =IFERROR(VLOOKUP("56654",Ranking!$C:$Z,24,FALSE),0)
A11: =RANK(E11,$E$5:$E$12) | B11: Rafael Gonçales Benesi | C11: 54774 | D11: Sub 16 | E11: =IFERROR(VLOOKUP("54774",Ranking!$C:$Z,24,FALSE),0)
A12: =RANK(E12,$E$5:$E$12) | B12: Clara Trindade | C12: 45812 | D12: Sub 16 | E12: =IFERROR(VLOOKUP("45812",Ranking!$C:$Z,24,FALSE),0)

Sheet Sub 23
A1: PJA TOUR 2026 — Ranking Sub 23
A2: Sub-ranking automático filtrado por escalão Sub 23. Totais referenciados directamente do Ranking principal — actualizam dinamicamente.
A4: Pos | B4: Jogador | C4: FedCode | D4: Escalão | E4: TOTAL
A5: =RANK(E5,$E$5:$E$8) | B5: Rodrigo Faria Constantino | C5: 45278 | D5: Sub 23 | E5: =IFERROR(VLOOKUP("45278",Ranking!$C:$Z,24,FALSE),0)
A6: =RANK(E6,$E$5:$E$8) | B6: João Maria Ivo de Carvalho | C6: 38334 | D6: Sub 23 | E6: =IFERROR(VLOOKUP("38334",Ranking!$C:$Z,24,FALSE),0)
A7: =RANK(E7,$E$5:$E$8) | B7: Martim Sousa de Morais | C7: 41609 | D7: Sub 23 | E7: =IFERROR(VLOOKUP("41609",Ranking!$C:$Z,24,FALSE),0)
A8: =RANK(E8,$E$5:$E$8) | B8: Rafaela Pinto | C8: 40390 | D8: Sub 23 | E8: =IFERROR(VLOOKUP("40390",Ranking!$C:$Z,24,FALSE),0)

Sheet dt1_madeira_palheiro
A1: 1º Drive Tour Madeira — Palheiro
A2: Data: | B2: 2026-01-03
A3: Campo: | B3: Palheiro Golf
A4: ccode/tcode: | B4: 982/10198
A5: Link FPG: | B5: https://scoring.datagolf.pt/pt/Classifications.aspx?ccode=982&tcode=10198
A6: Multiplicador: | B6: 1
A7: Tipo: | B7: DT
A10: Pos | B10: Nome | C10: FedCode | D10: Clube | E10: HCP | F10: R1 h1 | G10: h2 | H10: h3 | I10: h4 | J10: h5 | K10: h6 | L10: h7 | M10: h8 | N10: h9 | O10: h10 | P10: h11 | Q10: h12 | R10: h13 | S10: h14 | T10: h15 | U10: h16 | V10: h17 | W10: h18 | X10: R1 Gross | Y10: R1 Par | Z10: R1 ToPar | AA10: R1 Pts | AB10: Total Pts
A11: —Par— | F11: 4 | G11: 4 | H11: 3 | I11: 4 | J11: 3 | K11: 5 | L11: 3 | M11: 4 | N11: 4 | O11: 5 | P11: 3 | Q11: 5 | R11: 3 | S11: 4 | T11: 5 | U11: 4 | V11: 4 | W11: 5 | Y11: =SUM(F11:W11)
A12: —SI— | F12: 2 | G12: 16 | H12: 8 | I12: 12 | J12: 18 | K12: 4 | L12: 10 | M12: 6 | N12: 14 | O12: 9 | P12: 17 | Q12: 3 | R12: 15 | S12: 7 | T12: 13 | U12: 5 | V12: 1 | W12: 11
A13: 1 | B13: Salvador Rodrigues | C13: 39465 | D13: Palheiro | E13: 6.3 | F13: 6 | G13: 5 | H13: 5 | I13: 4 | J13: 3 | K13: 5 | L13: 3 | M13: 6 | N13: 4 | O13: 5 | P13: 3 | Q13: 6 | R13: 4 | S13: 3 | T13: 5 | U13: 3 | V13: 4 | W13: 5 | X13: =SUM(F13:W13) | Y13: =Y11 | Z13: =X13-Y13 | AA13: =MAX(0,25-Z13)*1.0 | AB13: =AA13
A14: 2 | B14: André Gonçalves | C14: 41121 | D14: Palheiro | E14: 6.1 | F14: 5 | G14: 5 | H14: 4 | I14: 4 | J14: 4 | K14: 5 | L14: 4 | M14: 4 | N14: 4 | O14: 5 | P14: 3 | Q14: 5 | R14: 4 | S14: 6 | T14: 5 | U14: 4 | V14: 4 | W14: 5 | X14: =SUM(F14:W14) | Y14: =Y11 | Z14: =X14-Y14 | AA14: =MAX(0,25-Z14)*1.0 | AB14: =AA14
A15: 3 | B15: Manuel Goulartt Medeiros | C15: 52884 | D15: Santo da Serra | E15: 12.3 | F15: 6 | G15: 5 | H15: 3 | I15: 4 | J15: 3 | K15: 5 | L15: 4 | M15: 5 | N15: 5 | O15: 4 | P15: 4 | Q15: 6 | R15: 3 | S15: 5 | T15: 5 | U15: 4 | V15: 6 | W15: 6 | X15: =SUM(F15:W15) | Y15: =Y11 | Z15: =X15-Y15 | AA15: =MAX(0,25-Z15)*1.0 | AB15: =AA15
A16: 4 | B16: José Pedro Miranda | C16: 38976 | D16: Palheiro | E16: 6.9 | F16: 5 | G16: 4 | H16: 4 | I16: 4 | J16: 2 | K16: 6 | L16: 6 | M16: 5 | N16: 5 | O16: 7 | P16: 4 | Q16: 5 | R16: 4 | S16: 5 | T16: 5 | U16: 4 | V16: 4 | W16: 5 | X16: =SUM(F16:W16) | Y16: =Y11 | Z16: =X16-Y16 | AA16: =MAX(0,25-Z16)*1.0 | AB16: =AA16
A17: 5 | B17: Marcelo Gaspar | C17: 38006 | D17: Santo da Serra | E17: 7.2 | F17: 5 | G17: 6 | H17: 6 | I17: 4 | J17: 4 | K17: 6 | L17: 4 | M17: 7 | N17: 5 | O17: 6 | P17: 2 | Q17: 6 | R17: 3 | S17: 5 | T17: 6 | U17: 5 | V17: 5 | W17: 5 | X17: =SUM(F17:W17) | Y17: =Y11 | Z17: =X17-Y17 | AA17: =MAX(0,25-Z17)*1.0 | AB17: =AA17
A18: 6 | B18: Rodrigo Abreu | C18: 42684 | D18: Palheiro | E18: 9.3 | F18: 6 | G18: 6 | H18: 5 | I18: 5 | J18: 6 | K18: 6 | L18: 2 | M18: 4 | N18: 5 | O18: 5 | P18: 2 | Q18: 6 | R18: 4 | S18: 6 | T18: 6 | U18: 4 | V18: 5 | W18: 7 | X18: =SUM(F18:W18) | Y18: =Y11 | Z18: =X18-Y18 | AA18: =MAX(0,25-Z18)*1.0 | AB18: =AA18
A19: 7 | B19: Mateus Penucho | C19: 52393 | D19: Santo da Serra | E19: 16.8 | F19: 5 | G19: 5 | H19: 3 | I19: 3 | J19: 5 | K19: 7 | L19: 4 | M19: 5 | N19: 6 | O19: 5 | P19: 4 | Q19: 6 | R19: 3 | S19: 5 | T19: 6 | U19: 5 | V19: 7 | W19: 6 | X19: =SUM(F19:W19) | Y19: =Y11 | Z19: =X19-Y19 | AA19: =MAX(0,25-Z19)*1.0 | AB19: =AA19
A20: NS | B20: Manuel Gouveia | D20: Santo da Serra | E20: 22.1 | AA20: 0 | AB20: =AA20

Sheet dt1_tejo_montado
A1: 1º Drive Tour Tejo — Montado
A2: Data: | B2: 2026-01-04
A3: Campo: | B3: Montado
A4: ccode/tcode: | B4: 985/10202
A5: Link FPG: | B5: https://scoring.datagolf.pt/pt/Classifications.aspx?ccode=985&tcode=10202
A6: Multiplicador: | B6: 1
A7: Tipo: | B7: DT
A10: Pos | B10: Nome | C10: FedCode | D10: Clube | E10: HCP | F10: R1 h1 | G10: h2 | H10: h3 | I10: h4 | J10: h5 | K10: h6 | L10: h7 | M10: h8 | N10: h9 | O10: h10 | P10: h11 | Q10: h12 | R10: h13 | S10: h14 | T10: h15 | U10: h16 | V10: h17 | W10: h18 | X10: R1 Gross | Y10: R1 Par | Z10: R1 ToPar | AA10: R1 Pts | AB10: Total Pts
A11: —Par— | F11: 4 | G11: 5 | H11: 3 | I11: 4 | J11: 4 | K11: 4 | L11: 5 | M11: 3 | N11: 4 | O11: 4 | P11: 4 | Q11: 3 | R11: 4 | S11: 4 | T11: 5 | U11: 4 | V11: 5 | W11: 3 | Y11: =SUM(F11:W11)
A12: —SI— | F12: 16 | G12: 6 | H12: 18 | I12: 12 | J12: 10 | K12: 8 | L12: 4 | M12: 14 | N12: 2 | O12: 17 | P12: 1 | Q12: 15 | R12: 3 | S12: 7 | T12: 5 | U12: 13 | V12: 9 | W12: 11
A13: 1 | B13: Ruiqi Li | C13: 49076 | D13: Estoril | E13: 4.7 | F13: 4 | G13: 5 | H13: 3 | I13: 3 | J13: 5 | K13: 6 | L13: 5 | M13: 3 | N13: 4 | O13: 4 | P13: 5 | Q13: 3 | R13: 4 | S13: 5 | T13: 4 | U13: 4 | V13: 4 | W13: 3 | X13: =SUM(F13:W13) | Y13: =Y11 | Z13: =X13-Y13 | AA13: =MAX(0,25-Z13)*1.0 | AB13: =AA13
A14: 2 | B14: Ricardo Castro Ferreira | C14: 49085 | D14: Estoril | E14: 7.7 | F14: 4 | G14: 5 | H14: 3 | I14: 4 | J14: 3 | K14: 5 | L14: 4 | M14: 3 | N14: 4 | O14: 4 | P14: 4 | Q14: 4 | R14: 4 | S14: 7 | T14: 5 | U14: 5 | V14: 5 | W14: 3 | X14: =SUM(F14:W14) | Y14: =Y11 | Z14: =X14-Y14 | AA14: =MAX(0,25-Z14)*1.0 | AB14: =AA14
A15: 3 | B15: Nuno Palmares Jr. | C15: 49124 | D15: Estoril | E15: 4.1 | F15: 5 | G15: 5 | H15: 4 | I15: 4 | J15: 4 | K15: 5 | L15: 6 | M15: 3 | N15: 4 | O15: 4 | P15: 5 | Q15: 3 | R15: 3 | S15: 4 | T15: 6 | U15: 4 | V15: 5 | W15: 3 | X15: =SUM(F15:W15) | Y15: =Y11 | Z15: =X15-Y15 | AA15: =MAX(0,25-Z15)*1.0 | AB15: =AA15
A16: 4 | B16: Francisca Salgado | C16: 43832 | D16: Vale de Janelas | E16: 0.5 | F16: 5 | G16: 5 | H16: 3 | I16: 4 | J16: 4 | K16: 5 | L16: 5 | M16: 2 | N16: 5 | O16: 4 | P16: 4 | Q16: 3 | R16: 5 | S16: 5 | T16: 6 | U16: 5 | V16: 5 | W16: 3 | X16: =SUM(F16:W16) | Y16: =Y11 | Z16: =X16-Y16 | AA16: =MAX(0,25-Z16)*1.0 | AB16: =AA16
A17: 5 | B17: João Rocha | C17: 48297 | D17: Estoril | E17: 3.9 | F17: 4 | G17: 5 | H17: 3 | I17: 5 | J17: 4 | K17: 5 | L17: 6 | M17: 4 | N17: 5 | O17: 3 | P17: 5 | Q17: 3 | R17: 4 | S17: 5 | T17: 6 | U17: 4 | V17: 5 | W17: 3 | X17: =SUM(F17:W17) | Y17: =Y11 | Z17: =X17-Y17 | AA17: =MAX(0,25-Z17)*1.0 | AB17: =AA17
A18: 6 | B18: Pedro Costa Alemão | C18: 46706 | D18: Estoril | E18: 4 | F18: 4 | G18: 5 | H18: 4 | I18: 4 | J18: 6 | K18: 4 | L18: 6 | M18: 3 | N18: 4 | O18: 4 | P18: 4 | Q18: 3 | R18: 4 | S18: 6 | T18: 5 | U18: 6 | V18: 5 | W18: 4 | X18: =SUM(F18:W18) | Y18: =Y11 | Z18: =X18-Y18 | AA18: =MAX(0,25-Z18)*1.0 | AB18: =AA18
A19: 7 | B19: Diogo Sequeira | C19: 56654 | D19: Quinta do Peru | E19: 5.6 | F19: 5 | G19: 5 | H19: 5 | I19: 4 | J19: 4 | K19: 4 | L19: 6 | M19: 5 | N19: 5 | O19: 4 | P19: 5 | Q19: 3 | R19: 4 | S19: 4 | T19: 6 | U19: 4 | V19: 6 | W19: 3 | X19: =SUM(F19:W19) | Y19: =Y11 | Z19: =X19-Y19 | AA19: =MAX(0,25-Z19)*1.0 | AB19: =AA19
A20: 8 | B20: Angelina Gao | C20: 51523 | D20: Quinta do Peru | E20: 3.9 | F20: 5 | G20: 5 | H20: 4 | I20: 5 | J20: 5 | K20: 5 | L20: 7 | M20: 3 | N20: 6 | O20: 5 | P20: 4 | Q20: 3 | R20: 5 | S20: 4 | T20: 6 | U20: 5 | V20: 5 | W20: 3 | X20: =SUM(F20:W20) | Y20: =Y11 | Z20: =X20-Y20 | AA20: =MAX(0,25-Z20)*1.0 | AB20: =AA20
A21: 9 | B21: William Gao | C21: 51524 | D21: Quinta do Peru | E21: 8.7 | F21: 5 | G21: 6 | H21: 3 | I21: 5 | J21: 5 | K21: 6 | L21: 6 | M21: 3 | N21: 6 | O21: 5 | P21: 5 | Q21: 4 | R21: 5 | S21: 5 | T21: 6 | U21: 3 | V21: 5 | W21: 3 | X21: =SUM(F21:W21) | Y21: =Y11 | Z21: =X21-Y21 | AA21: =MAX(0,25-Z21)*1.0 | AB21: =AA21
A22: 10 | B22: João Gomes | C22: 53715 | D22: Lisbon SC | E22: 10.7 | F22: 5 | G22: 5 | H22: 3 | I22: 5 | J22: 5 | K22: 5 | L22: 5 | M22: 4 | N22: 6 | O22: 5 | P22: 5 | Q22: 5 | R22: 5 | S22: 5 | T22: 5 | U22: 4 | V22: 6 | W22: 3 | X22: =SUM(F22:W22) | Y22: =Y11 | Z22: =X22-Y22 | AA22: =MAX(0,25-Z22)*1.0 | AB22: =AA22
A23: 11 | B23: Madalena Figueiredo | C23: 52011 | D23: Belas | E23: 9.4 | F23: 5 | G23: 6 | H23: 3 | I23: 6 | J23: 4 | K23: 5 | L23: 5 | M23: 6 | N23: 5 | O23: 4 | P23: 4 | Q23: 4 | R23: 5 | S23: 5 | T23: 6 | U23: 5 | V23: 6 | W23: 3 | X23: =SUM(F23:W23) | Y23: =Y11 | Z23: =X23-Y23 | AA23: =MAX(0,25-Z23)*1.0 | AB23: =AA23
A24: 12 | B24: Duarte Soares Franco | C24: 48531 | D24: Estoril | E24: 8.8 | F24: 5 | G24: 4 | H24: 5 | I24: 4 | J24: 5 | K24: 4 | L24: 5 | M24: 3 | N24: 5 | O24: 6 | P24: 5 | Q24: 5 | R24: 6 | S24: 4 | T24: 6 | U24: 4 | V24: 5 | W24: 6 | X24: =SUM(F24:W24) | Y24: =Y11 | Z24: =X24-Y24 | AA24: =MAX(0,25-Z24)*1.0 | AB24: =AA24
A25: 13 | B25: Martim Sousa de Morais | C25: 41609 | D25: Belas | E25: 4.5 | F25: 4 | G25: 5 | H25: 3 | I25: 4 | J25: 4 | K25: 4 | L25: 6 | M25: 3 | N25: 5 | O25: 5 | P25: 5 | Q25: 4 | R25: 4 | S25: 5 | T25: 7 | U25: 6 | V25: 7 | W25: 6 | X25: =SUM(F25:W25) | Y25: =Y11 | Z25: =X25-Y25 | AA25: =MAX(0,25-Z25)*1.0 | AB25: =AA25
A26: 14 | B26: Tomás Valério | C26: 50011 | D26: Vilamoura, C. G | E26: 26.7 | F26: 6 | G26: 6 | H26: 4 | I26: 6 | J26: 4 | K26: 6 | L26: 4 | M26: 4 | N26: 6 | O26: 6 | P26: 4 | Q26: 4 | R26: 5 | S26: 4 | T26: 6 | U26: 5 | V26: 5 | W26: 3 | X26: =SUM(F26:W26) | Y26: =Y11 | Z26: =X26-Y26 | AA26: =MAX(0,25-Z26)*1.0 | AB26: =AA26
A27: 15 | B27: Clara Trindade | C27: 45812 | D27: Belas | E27: 7.4 | F27: 6 | G27: 5 | H27: 4 | I27: 5 | J27: 5 | K27: 3 | L27: 7 | M27: 3 | N27: 5 | O27: 5 | P27: 4 | Q27: 5 | R27: 8 | S27: 5 | T27: 6 | U27: 4 | V27: 5 | W27: 5 | X27: =SUM(F27:W27) | Y27: =Y11 | Z27: =X27-Y27 | AA27: =MAX(0,25-Z27)*1.0 | AB27: =AA27
A28: 16 | B28: Joaquim Gomes | C28: 53714 | D28: Lisbon SC | E28: 11.1 | F28: 5 | G28: 6 | H28: 4 | I28: 5 | J28: 6 | K28: 5 | L28: 5 | M28: 4 | N28: 5 | O28: 6 | P28: 6 | Q28: 3 | R28: 5 | S28: 5 | T28: 6 | U28: 5 | V28: 6 | W28: 4 | X28: =SUM(F28:W28) | Y28: =Y11 | Z28: =X28-Y28 | AA28: =MAX(0,25-Z28)*1.0 | AB28: =AA28
A29: 17 | B29: Rafael Gonçales Benesi | C29: 54774 | D29: Estoril | E29: 6.4 | F29: 6 | G29: 5 | H29: 3 | I29: 5 | J29: 4 | K29: 4 | L29: 7 | M29: 3 | N29: 8 | O29: 5 | P29: 6 | Q29: 3 | R29: 4 | S29: 8 | T29: 5 | U29: 5 | V29: 7 | W29: 3 | X29: =SUM(F29:W29) | Y29: =Y11 | Z29: =X29-Y29 | AA29: =MAX(0,25-Z29)*1.0 | AB29: =AA29
A30: 18 | B30: Miguel Santos Pereira | C30: 48946 | D30: Vilamoura, C. G | E30: 21.3 | F30: 5 | G30: 6 | H30: 4 | I30: 5 | J30: 4 | K30: 7 | L30: 7 | M30: 4 | N30: 5 | O30: 5 | P30: 6 | Q30: 3 | R30: 6 | S30: 5 | T30: 7 | U30: 5 | V30: 5 | W30: 3 | X30: =SUM(F30:W30) | Y30: =Y11 | Z30: =X30-Y30 | AA30: =MAX(0,25-Z30)*1.0 | AB30: =AA30
A31: 19 | B31: Gabriel Costa | C31: 53838 | D31: Amendoeira | E31: 21.5 | F31: 7 | G31: 5 | H31: 4 | I31: 5 | J31: 4 | K31: 5 | L31: 7 | M31: 4 | N31: 7 | O31: 4 | P31: 7 | Q31: 3 | R31: 6 | S31: 4 | T31: 6 | U31: 5 | V31: 7 | W31: 4 | X31: =SUM(F31:W31) | Y31: =Y11 | Z31: =X31-Y31 | AA31: =MAX(0,25-Z31)*1.0 | AB31: =AA31
A32: 20 | B32: Francisca Vilela | C32: 36700 | D32: Lisbon SC | E32: 15.8 | F32: 7 | G32: 6 | H32: 4 | I32: 5 | J32: 7 | K32: 5 | L32: 6 | M32: 3 | N32: 7 | O32: 4 | P32: 6 | Q32: 3 | R32: 6 | S32: 6 | T32: 7 | U32: 4 | V32: 6 | W32: 3 | X32: =SUM(F32:W32) | Y32: =Y11 | Z32: =X32-Y32 | AA32: =MAX(0,25-Z32)*1.0 | AB32: =AA32
A33: 21 | B33: Tiago Lúcio | C33: 44844 | D33: Jamor C.G. | E33: 21.7 | F33: 5 | G33: 6 | H33: 4 | I33: 6 | J33: 4 | K33: 5 | L33: 6 | M33: 4 | N33: 6 | O33: 5 | P33: 6 | Q33: 6 | R33: 5 | S33: 5 | T33: 8 | U33: 5 | V33: 7 | W33: 4 | X33: =SUM(F33:W33) | Y33: =Y11 | Z33: =X33-Y33 | AA33: =MAX(0,25-Z33)*1.0 | AB33: =AA33
A34: 22 | B34: Marek Pejas | C34: 52069 | D34: Vilamoura, C. G | E34: 20.1 | F34: 6 | G34: 6 | H34: 6 | I34: 7 | J34: 7 | K34: 6 | L34: 8 | M34: 3 | N34: 6 | O34: 5 | P34: 4 | Q34: 3 | R34: 5 | S34: 6 | T34: 7 | U34: 4 | V34: 5 | W34: 4 | X34: =SUM(F34:W34) | Y34: =Y11 | Z34: =X34-Y34 | AA34: =MAX(0,25-Z34)*1.0 | AB34: =AA34
A35: 23 | B35: Manuel Vaz Pinto | C35: 51430 | D35: Lisbon SC | E35: 20.9 | F35: 7 | G35: 5 | H35: 4 | I35: 4 | J35: 4 | K35: 5 | L35: 7 | M35: 4 | N35: 8 | O35: 5 | P35: 6 | Q35: 4 | R35: 7 | S35: 7 | T35: 6 | U35: 4 | V35: 5 | W35: 7 | X35: =SUM(F35:W35) | Y35: =Y11 | Z35: =X35-Y35 | AA35: =MAX(0,25-Z35)*1.0 | AB35: =AA35
A36: 24 | B36: Catarina Valério | C36: 46873 | D36: Vilamoura, C. G | E36: 17.9 | F36: 6 | G36: 8 | H36: 3 | I36: 6 | J36: 5 | K36: 8 | L36: 6 | M36: 4 | N36: 5 | O36: 5 | P36: 6 | Q36: 5 | R36: 6 | S36: 7 | T36: 8 | U36: 5 | V36: 6 | W36: 4 | X36: =SUM(F36:W36) | Y36: =Y11 | Z36: =X36-Y36 | AA36: =MAX(0,25-Z36)*1.0 | AB36: =AA36
A37: 25 | B37: Ryan Dantas | C37: 45439 | D37: Belas | E37: 6.4 | F37: 8 | G37: 5 | H37: 3 | I37: 6 | J37: 5 | K37: 7 | L37: 6 | M37: 3 | N37: 10 | O37: 10 | P37: 7 | Q37: 3 | R37: 4 | S37: 6 | T37: 5 | U37: 6 | V37: 6 | W37: 4 | X37: =SUM(F37:W37) | Y37: =Y11 | Z37: =X37-Y37 | AA37: =MAX(0,25-Z37)*1.0 | AB37: =AA37
A38: 26 | B38: Alfie Kelley | C38: 58043 | D38: Belas | E38: 17.8 | F38: 6 | G38: 4 | H38: 4 | I38: 6 | J38: 5 | K38: 7 | L38: 6 | M38: 3 | N38: 6 | O38: 5 | P38: 6 | Q38: 7 | R38: 4 | S38: 10 | T38: 8 | U38: 5 | V38: 6 | W38: 8 | X38: =SUM(F38:W38) | Y38: =Y11 | Z38: =X38-Y38 | AA38: =MAX(0,25-Z38)*1.0 | AB38: =AA38
A39: 27 | B39: Tomás de Morais | C39: 55466 | D39: Estoril | E39: 21.8 | F39: 7 | G39: 8 | H39: 6 | I39: 8 | J39: 9 | K39: 5 | L39: 10 | M39: 8 | N39: 6 | O39: 6 | P39: 7 | Q39: 4 | R39: 6 | S39: 10 | T39: 9 | U39: 7 | V39: 6 | W39: 4 | X39: =SUM(F39:W39) | Y39: =Y11 | Z39: =X39-Y39 | AA39: =MAX(0,25-Z39)*1.0 | AB39: =AA39
A40: NS | B40: Sara Filipa Bastos | D40: ACP Golfe | E40: 18.2 | AA40: 0 | AB40: =AA40

Sheet dt1_norte_estela
A1: 1º Drive Tour Norte — Estela
A2: Data: | B2: 2026-01-04
A3: Campo: | B3: Estela GC
A4: ccode/tcode: | B4: 987/10206
A5: Link FPG: | B5: https://scoring.datagolf.pt/pt/Classifications.aspx?ccode=987&tcode=10206
A6: Multiplicador: | B6: 1
A7: Tipo: | B7: DT
A10: Pos | B10: Nome | C10: FedCode | D10: Clube | E10: HCP | F10: R1 h1 | G10: h2 | H10: h3 | I10: h4 | J10: h5 | K10: h6 | L10: h7 | M10: h8 | N10: h9 | O10: h10 | P10: h11 | Q10: h12 | R10: h13 | S10: h14 | T10: h15 | U10: h16 | V10: h17 | W10: h18 | X10: R1 Gross | Y10: R1 Par | Z10: R1 ToPar | AA10: R1 Pts | AB10: Total Pts
A11: —Par— | F11: 5 | G11: 3 | H11: 4 | I11: 3 | J11: 4 | K11: 4 | L11: 5 | M11: 4 | N11: 4 | O11: 4 | P11: 4 | Q11: 3 | R11: 5 | S11: 4 | T11: 5 | U11: 4 | V11: 3 | W11: 4 | Y11: =SUM(F11:W11)
A12: —SI— | F12: 13 | G12: 17 | H12: 1 | I12: 7 | J12: 4 | K12: 2 | L12: 11 | M12: 15 | N12: 12 | O12: 5 | P12: 16 | Q12: 10 | R12: 14 | S12: 9 | T12: 3 | U12: 8 | V12: 18 | W12: 6
A13: 1 | B13: Francisca Ferreira da Costa | C13: 40981 | D13: Miramar | E13: 0.5 | F13: 4 | G13: 3 | H13: 4 | I13: 2 | J13: 4 | K13: 4 | L13: 4 | M13: 4 | N13: 4 | O13: 5 | P13: 5 | Q13: 3 | R13: 5 | S13: 3 | T13: 5 | U13: 4 | V13: 3 | W13: 4 | X13: =SUM(F13:W13) | Y13: =Y11 | Z13: =X13-Y13 | AA13: =MAX(0,25-Z13)*1.0 | AB13: =AA13
A14: 2 | B14: Santiago Dias | C14: 42908 | D14: Oporto | E14: 1.5 | F14: 5 | G14: 3 | H14: 4 | I14: 3 | J14: 3 | K14: 5 | L14: 5 | M14: 4 | N14: 3 | O14: 7 | P14: 4 | Q14: 3 | R14: 4 | S14: 4 | T14: 4 | U14: 4 | V14: 3 | W14: 4 | X14: =SUM(F14:W14) | Y14: =Y11 | Z14: =X14-Y14 | AA14: =MAX(0,25-Z14)*1.0 | AB14: =AA14
A15: 3 | B15: Francisco Nunes (jr) | C15: 46299 | D15: Miramar | E15: 6.8 | F15: 5 | G15: 2 | H15: 5 | I15: 3 | J15: 4 | K15: 5 | L15: 5 | M15: 6 | N15: 3 | O15: 4 | P15: 4 | Q15: 2 | R15: 4 | S15: 4 | T15: 4 | U15: 5 | V15: 4 | W15: 4 | X15: =SUM(F15:W15) | Y15: =Y11 | Z15: =X15-Y15 | AA15: =MAX(0,25-Z15)*1.0 | AB15: =AA15
A16: 4 | B16: Pedro Ferreira | C16: 43810 | D16: Oporto | E16: 0.7 | F16: 5 | G16: 3 | H16: 4 | I16: 3 | J16: 5 | K16: 4 | L16: 6 | M16: 4 | N16: 4 | O16: 3 | P16: 5 | Q16: 3 | R16: 4 | S16: 5 | T16: 5 | U16: 4 | V16: 4 | W16: 4 | X16: =SUM(F16:W16) | Y16: =Y11 | Z16: =X16-Y16 | AA16: =MAX(0,25-Z16)*1.0 | AB16: =AA16
A17: 5 | B17: Francisco Saraiva | C17: 39097 | D17: Oporto | E17: 8.3 | F17: 4 | G17: 3 | H17: 5 | I17: 3 | J17: 4 | K17: 5 | L17: 7 | M17: 4 | N17: 4 | O17: 5 | P17: 5 | Q17: 3 | R17: 5 | S17: 4 | T17: 6 | U17: 3 | V17: 2 | W17: 4 | X17: =SUM(F17:W17) | Y17: =Y11 | Z17: =X17-Y17 | AA17: =MAX(0,25-Z17)*1.0 | AB17: =AA17
A18: 6 | B18: Guilherme Grabner Moreira | C18: 42205 | D18: Oporto | E18: 0 | F18: 5 | G18: 3 | H18: 7 | I18: 3 | J18: 5 | K18: 5 | L18: 4 | M18: 4 | N18: 3 | O18: 3 | P18: 4 | Q18: 3 | R18: 5 | S18: 4 | T18: 5 | U18: 4 | V18: 3 | W18: 6 | X18: =SUM(F18:W18) | Y18: =Y11 | Z18: =X18-Y18 | AA18: =MAX(0,25-Z18)*1.0 | AB18: =AA18
A19: 7 | B19: Francisco Costa Mendes | C19: 40318 | D19: Citynorte | E19: 6.3 | F19: 5 | G19: 4 | H19: 6 | I19: 3 | J19: 5 | K19: 4 | L19: 6 | M19: 3 | N19: 3 | O19: 4 | P19: 4 | Q19: 4 | R19: 5 | S19: 4 | T19: 5 | U19: 4 | V19: 4 | W19: 4 | X19: =SUM(F19:W19) | Y19: =Y11 | Z19: =X19-Y19 | AA19: =MAX(0,25-Z19)*1.0 | AB19: =AA19
A20: 8 | B20: Camila Pazos | C20: 46297 | D20: Miramar | E20: 2.6 | F20: 6 | G20: 3 | H20: 4 | I20: 4 | J20: 6 | K20: 4 | L20: 5 | M20: 4 | N20: 4 | O20: 4 | P20: 4 | Q20: 3 | R20: 6 | S20: 4 | T20: 6 | U20: 4 | V20: 3 | W20: 5 | X20: =SUM(F20:W20) | Y20: =Y11 | Z20: =X20-Y20 | AA20: =MAX(0,25-Z20)*1.0 | AB20: =AA20
A21: 9 | B21: Eva Silva | C21: 46437 | D21: Oporto | E21: 0.5 | F21: 5 | G21: 3 | H21: 4 | I21: 3 | J21: 6 | K21: 6 | L21: 5 | M21: 5 | N21: 4 | O21: 5 | P21: 4 | Q21: 3 | R21: 5 | S21: 4 | T21: 5 | U21: 5 | V21: 3 | W21: 5 | X21: =SUM(F21:W21) | Y21: =Y11 | Z21: =X21-Y21 | AA21: =MAX(0,25-Z21)*1.0 | AB21: =AA21
A22: 10 | B22: Gaspard Maes | C22: 51074 | D22: Miramar | E22: 0.8 | F22: 4 | G22: 3 | H22: 6 | I22: 4 | J22: 4 | K22: 7 | L22: 4 | M22: 4 | N22: 3 | O22: 4 | P22: 4 | Q22: 4 | R22: 5 | S22: 6 | T22: 5 | U22: 4 | V22: 3 | W22: 6 | X22: =SUM(F22:W22) | Y22: =Y11 | Z22: =X22-Y22 | AA22: =MAX(0,25-Z22)*1.0 | AB22: =AA22
A23: 11 | B23: João Balixa | C23: 46038 | D23: Miramar | E23: 10.4 | F23: 4 | G23: 3 | H23: 7 | I23: 4 | J23: 4 | K23: 5 | L23: 5 | M23: 5 | N23: 4 | O23: 4 | P23: 4 | Q23: 4 | R23: 6 | S23: 5 | T23: 6 | U23: 3 | V23: 3 | W23: 5 | X23: =SUM(F23:W23) | Y23: =Y11 | Z23: =X23-Y23 | AA23: =MAX(0,25-Z23)*1.0 | AB23: =AA23
A24: 12 | B24: Maria Francisca Santos | C24: 46853 | D24: Oporto | E24: 4.9 | F24: 5 | G24: 4 | H24: 5 | I24: 3 | J24: 4 | K24: 6 | L24: 5 | M24: 5 | N24: 4 | O24: 4 | P24: 4 | Q24: 3 | R24: 5 | S24: 5 | T24: 7 | U24: 4 | V24: 3 | W24: 5 | X24: =SUM(F24:W24) | Y24: =Y11 | Z24: =X24-Y24 | AA24: =MAX(0,25-Z24)*1.0 | AB24: =AA24
A25: 13 | B25: Afonso Silva Pinto | C25: 46309 | D25: Miramar | E25: 5.6 | F25: 5 | G25: 3 | H25: 5 | I25: 5 | J25: 5 | K25: 5 | L25: 6 | M25: 4 | N25: 5 | O25: 4 | P25: 5 | Q25: 4 | R25: 4 | S25: 5 | T25: 5 | U25: 3 | V25: 3 | W25: 6 | X25: =SUM(F25:W25) | Y25: =Y11 | Z25: =X25-Y25 | AA25: =MAX(0,25-Z25)*1.0 | AB25: =AA25
A26: 14 | B26: Maria Loureiro | C26: 46489 | D26: Oporto | E26: 6.8 | F26: 5 | G26: 2 | H26: 5 | I26: 4 | J26: 4 | K26: 5 | L26: 6 | M26: 4 | N26: 4 | O26: 6 | P26: 4 | Q26: 2 | R26: 5 | S26: 6 | T26: 7 | U26: 4 | V26: 4 | W26: 5 | X26: =SUM(F26:W26) | Y26: =Y11 | Z26: =X26-Y26 | AA26: =MAX(0,25-Z26)*1.0 | AB26: =AA26
A27: 15 | B27: Jorge Xavier Graça Silva | C27: 48705 | D27: Miramar | E27: 7.3 | F27: 5 | G27: 4 | H27: 7 | I27: 3 | J27: 5 | K27: 7 | L27: 5 | M27: 3 | N27: 5 | O27: 4 | P27: 4 | Q27: 3 | R27: 6 | S27: 4 | T27: 5 | U27: 4 | V27: 3 | W27: 6 | X27: =SUM(F27:W27) | Y27: =Y11 | Z27: =X27-Y27 | AA27: =MAX(0,25-Z27)*1.0 | AB27: =AA27
A28: 16 | B28: Ricardo Rocha Ferreira | C28: 51180 | D28: Miramar | E28: 21.1 | F28: 4 | G28: 2 | H28: 5 | I28: 3 | J28: 4 | K28: 10 | L28: 6 | M28: 4 | N28: 5 | O28: 5 | P28: 4 | Q28: 4 | R28: 5 | S28: 5 | T28: 5 | U28: 5 | V28: 3 | W28: 4 | X28: =SUM(F28:W28) | Y28: =Y11 | Z28: =X28-Y28 | AA28: =MAX(0,25-Z28)*1.0 | AB28: =AA28
A29: 17 | B29: Gabriel Marques Guerreiro | C29: 43053 | D29: Estela | E29: 4.5 | F29: 8 | G29: 3 | H29: 5 | I29: 4 | J29: 7 | K29: 4 | L29: 5 | M29: 3 | N29: 4 | O29: 6 | P29: 4 | Q29: 3 | R29: 5 | S29: 4 | T29: 6 | U29: 4 | V29: 3 | W29: 5 | X29: =SUM(F29:W29) | Y29: =Y11 | Z29: =X29-Y29 | AA29: =MAX(0,25-Z29)*1.0 | AB29: =AA29
A30: 18 | B30: Sebastiao Sardinha Saraiva | C30: 46195 | D30: Oporto | E30: 5.7 | F30: 5 | G30: 4 | H30: 6 | I30: 4 | J30: 5 | K30: 5 | L30: 5 | M30: 5 | N30: 4 | O30: 4 | P30: 4 | Q30: 4 | R30: 7 | S30: 4 | T30: 5 | U30: 4 | V30: 3 | W30: 5 | X30: =SUM(F30:W30) | Y30: =Y11 | Z30: =X30-Y30 | AA30: =MAX(0,25-Z30)*1.0 | AB30: =AA30
A31: 19 | B31: João Araújo | C31: 49012 | D31: Citynorte | E31: 5.9 | F31: 5 | G31: 3 | H31: 5 | I31: 4 | J31: 5 | K31: 6 | L31: 5 | M31: 4 | N31: 5 | O31: 4 | P31: 4 | Q31: 4 | R31: 6 | S31: 4 | T31: 7 | U31: 4 | V31: 3 | W31: 5 | X31: =SUM(F31:W31) | Y31: =Y11 | Z31: =X31-Y31 | AA31: =MAX(0,25-Z31)*1.0 | AB31: =AA31
A32: 20 | B32: Tomás Rente | C32: 46311 | D32: Miramar | E32: 5.5 | F32: 5 | G32: 4 | H32: 5 | I32: 3 | J32: 4 | K32: 7 | L32: 7 | M32: 6 | N32: 4 | O32: 6 | P32: 5 | Q32: 4 | R32: 5 | S32: 4 | T32: 5 | U32: 4 | V32: 3 | W32: 4 | X32: =SUM(F32:W32) | Y32: =Y11 | Z32: =X32-Y32 | AA32: =MAX(0,25-Z32)*1.0 | AB32: =AA32
A33: 21 | B33: Tomás Sarmento de Beires | C33: 48046 | D33: Citynorte | E33: 17.2 | F33: 5 | G33: 3 | H33: 5 | I33: 4 | J33: 4 | K33: 8 | L33: 7 | M33: 4 | N33: 4 | O33: 5 | P33: 4 | Q33: 3 | R33: 5 | S33: 5 | T33: 7 | U33: 5 | V33: 3 | W33: 5 | X33: =SUM(F33:W33) | Y33: =Y11 | Z33: =X33-Y33 | AA33: =MAX(0,25-Z33)*1.0 | AB33: =AA33
A34: 22 | B34: Diogo Lima | C34: 49717 | D34: Citynorte | E34: 12.8 | F34: 6 | G34: 4 | H34: 4 | I34: 4 | J34: 5 | K34: 5 | L34: 5 | M34: 4 | N34: 6 | O34: 5 | P34: 5 | Q34: 3 | R34: 6 | S34: 5 | T34: 7 | U34: 4 | V34: 3 | W34: 5 | X34: =SUM(F34:W34) | Y34: =Y11 | Z34: =X34-Y34 | AA34: =MAX(0,25-Z34)*1.0 | AB34: =AA34
A35: 23 | B35: Pedro Aires | C35: 42068 | D35: Citynorte | E35: 8 | F35: 4 | G35: 3 | H35: 8 | I35: 3 | J35: 7 | K35: 5 | L35: 7 | M35: 6 | N35: 4 | O35: 3 | P35: 4 | Q35: 3 | R35: 4 | S35: 4 | T35: 5 | U35: 5 | V35: 4 | W35: 9 | X35: =SUM(F35:W35) | Y35: =Y11 | Z35: =X35-Y35 | AA35: =MAX(0,25-Z35)*1.0 | AB35: =AA35
A36: 24 | B36: Afonso de Sousa Pinto | C36: 46480 | D36: Oporto | E36: 10 | F36: 6 | G36: 3 | H36: 6 | I36: 4 | J36: 5 | K36: 5 | L36: 6 | M36: 4 | N36: 5 | O36: 5 | P36: 4 | Q36: 4 | R36: 4 | S36: 5 | T36: 7 | U36: 6 | V36: 4 | W36: 5 | X36: =SUM(F36:W36) | Y36: =Y11 | Z36: =X36-Y36 | AA36: =MAX(0,25-Z36)*1.0 | AB36: =AA36
A37: 25 | B37: Afonso Poiarez | C37: 46079 | D37: Estela | E37: 17.2 | F37: 5 | G37: 3 | H37: 4 | I37: 4 | J37: 6 | K37: 4 | L37: 9 | M37: 4 | N37: 5 | O37: 5 | P37: 4 | Q37: 3 | R37: 6 | S37: 4 | T37: 7 | U37: 6 | V37: 3 | W37: 6 | X37: =SUM(F37:W37) | Y37: =Y11 | Z37: =X37-Y37 | AA37: =MAX(0,25-Z37)*1.0 | AB37: =AA37
A38: 26 | B38: Margarida Silva Pinto | C38: 46310 | D38: Miramar | E38: 5.5 | F38: 6 | G38: 4 | H38: 6 | I38: 3 | J38: 5 | K38: 5 | L38: 6 | M38: 4 | N38: 4 | O38: 6 | P38: 4 | Q38: 4 | R38: 5 | S38: 4 | T38: 7 | U38: 5 | V38: 4 | W38: 6 | X38: =SUM(F38:W38) | Y38: =Y11 | Z38: =X38-Y38 | AA38: =MAX(0,25-Z38)*1.0 | AB38: =AA38
A39: 27 | B39: António Maria Cavalinhos | C39: 40992 | D39: Miramar | E39: 8.5 | F39: 5 | G39: 4 | H39: 6 | I39: 5 | J39: 5 | K39: 5 | L39: 6 | M39: 4 | N39: 3 | O39: 4 | P39: 6 | Q39: 3 | R39: 7 | S39: 5 | T39: 7 | U39: 5 | V39: 4 | W39: 5 | X39: =SUM(F39:W39) | Y39: =Y11 | Z39: =X39-Y39 | AA39: =MAX(0,25-Z39)*1.0 | AB39: =AA39
A40: 28 | B40: Lucas Pereira Amorim | C40: 54330 | D40: Oporto | E40: 15.9 | F40: 4 | G40: 5 | H40: 4 | I40: 5 | J40: 5 | K40: 5 | L40: 5 | M40: 5 | N40: 5 | O40: 5 | P40: 4 | Q40: 4 | R40: 5 | S40: 5 | T40: 7 | U40: 5 | V40: 4 | W40: 7 | X40: =SUM(F40:W40) | Y40: =Y11 | Z40: =X40-Y40 | AA40: =MAX(0,25-Z40)*1.0 | AB40: =AA40
A41: 29 | B41: Afonso Paiva Gonçalves | C41: 47819 | D41: Citynorte | E41: 14.6 | F41: 5 | G41: 3 | H41: 6 | I41: 6 | J41: 6 | K41: 6 | L41: 5 | M41: 6 | N41: 5 | O41: 7 | P41: 4 | Q41: 4 | R41: 5 | S41: 5 | T41: 6 | U41: 4 | V41: 4 | W41: 4 | X41: =SUM(F41:W41) | Y41: =Y11 | Z41: =X41-Y41 | AA41: =MAX(0,25-Z41)*1.0 | AB41: =AA41
A42: 30 | B42: André Von Hafe | C42: 40473 | D42: Braga | E42: 17.5 | F42: 6 | G42: 3 | H42: 6 | I42: 4 | J42: 7 | K42: 4 | L42: 6 | M42: 5 | N42: 4 | O42: 5 | P42: 5 | Q42: 3 | R42: 6 | S42: 6 | T42: 7 | U42: 5 | V42: 5 | W42: 5 | X42: =SUM(F42:W42) | Y42: =Y11 | Z42: =X42-Y42 | AA42: =MAX(0,25-Z42)*1.0 | AB42: =AA42
A43: 31 | B43: Raul Pazos (jr) | C43: 46296 | D43: Miramar | E43: 11 | F43: 7 | G43: 3 | H43: 6 | I43: 5 | J43: 7 | K43: 6 | L43: 6 | M43: 5 | N43: 5 | O43: 6 | P43: 5 | Q43: 4 | R43: 5 | S43: 5 | T43: 7 | U43: 4 | V43: 3 | W43: 5 | X43: =SUM(F43:W43) | Y43: =Y11 | Z43: =X43-Y43 | AA43: =MAX(0,25-Z43)*1.0 | AB43: =AA43
A44: 32 | B44: Henrique Pereira | C44: 53646 | D44: Miramar | E44: 17.8 | F44: 7 | G44: 4 | H44: 5 | I44: 3 | J44: 5 | K44: 6 | L44: 5 | M44: 5 | N44: 5 | O44: 6 | P44: 5 | Q44: 4 | R44: 6 | S44: 5 | T44: 8 | U44: 4 | V44: 4 | W44: 7 | X44: =SUM(F44:W44) | Y44: =Y11 | Z44: =X44-Y44 | AA44: =MAX(0,25-Z44)*1.0 | AB44: =AA44
A45: 33 | B45: Tomás Araújo | C45: 49011 | D45: Citynorte | E45: 16.9 | F45: 5 | G45: 4 | H45: 4 | I45: 4 | J45: 7 | K45: 5 | L45: 6 | M45: 4 | N45: 5 | O45: 5 | P45: 5 | Q45: 4 | R45: 7 | S45: 8 | T45: 7 | U45: 7 | V45: 3 | W45: 4 | X45: =SUM(F45:W45) | Y45: =Y11 | Z45: =X45-Y45 | AA45: =MAX(0,25-Z45)*1.0 | AB45: =AA45
A46: 34 | B46: Afonso Polery | C46: 55093 | D46: Estela | E46: 17 | F46: 8 | G46: 4 | H46: 6 | I46: 4 | J46: 7 | K46: 4 | L46: 6 | M46: 5 | N46: 6 | O46: 7 | P46: 3 | Q46: 4 | R46: 5 | S46: 4 | T46: 7 | U46: 5 | V46: 4 | W46: 7 | X46: =SUM(F46:W46) | Y46: =Y11 | Z46: =X46-Y46 | AA46: =MAX(0,25-Z46)*1.0 | AB46: =AA46
A47: 35 | B47: Madalena Miguel Araujo | C47: 53847 | D47: Ponte de Lima | E47: 15.4 | F47: 7 | G47: 3 | H47: 5 | I47: 4 | J47: 6 | K47: 5 | L47: 9 | M47: 5 | N47: 5 | O47: 6 | P47: 5 | Q47: 5 | R47: 5 | S47: 6 | T47: 7 | U47: 5 | V47: 3 | W47: 5 | X47: =SUM(F47:W47) | Y47: =Y11 | Z47: =X47-Y47 | AA47: =MAX(0,25-Z47)*1.0 | AB47: =AA47
A48: 36 | B48: Eduardo Rocha Ferreira | C48: 51182 | D48: Miramar | E48: 23.5 | F48: 7 | G48: 4 | H48: 4 | I48: 4 | J48: 5 | K48: 6 | L48: 6 | M48: 6 | N48: 5 | O48: 6 | P48: 5 | Q48: 3 | R48: 6 | S48: 5 | T48: 7 | U48: 6 | V48: 4 | W48: 7 | X48: =SUM(F48:W48) | Y48: =Y11 | Z48: =X48-Y48 | AA48: =MAX(0,25-Z48)*1.0 | AB48: =AA48
A49: 37 | B49: Sebastião Soares | C49: 47341 | D49: Oporto | E49: 14.3 | F49: 6 | G49: 4 | H49: 10 | I49: 4 | J49: 5 | K49: 6 | L49: 7 | M49: 5 | N49: 5 | O49: 5 | P49: 5 | Q49: 4 | R49: 5 | S49: 4 | T49: 6 | U49: 6 | V49: 4 | W49: 6 | X49: =SUM(F49:W49) | Y49: =Y11 | Z49: =X49-Y49 | AA49: =MAX(0,25-Z49)*1.0 | AB49: =AA49
A50: 38 | B50: Rafael Nogueira | C50: 46606 | D50: Paredes | E50: 19.1 | F50: 7 | G50: 6 | H50: 6 | I50: 5 | J50: 5 | K50: 6 | L50: 7 | M50: 5 | N50: 6 | O50: 5 | P50: 4 | Q50: 3 | R50: 7 | S50: 6 | T50: 6 | U50: 5 | V50: 4 | W50: 6 | X50: =SUM(F50:W50) | Y50: =Y11 | Z50: =X50-Y50 | AA50: =MAX(0,25-Z50)*1.0 | AB50: =AA50
A51: 39 | B51: Marc Costa | C51: 46308 | D51: Citynorte | E51: 13 | F51: 5 | G51: 3 | H51: 7 | I51: 5 | J51: 7 | K51: 10 | L51: 7 | M51: 6 | N51: 5 | O51: 4 | P51: 4 | Q51: 3 | R51: 7 | S51: 5 | T51: 6 | U51: 9 | V51: 3 | W51: 5 | X51: =SUM(F51:W51) | Y51: =Y11 | Z51: =X51-Y51 | AA51: =MAX(0,25-Z51)*1.0 | AB51: =AA51
A52: 40 | B52: Gustavo Castro | C52: 50053 | D52: Paredes | E52: 19.1 | F52: 5 | G52: 6 | H52: 7 | I52: 4 | J52: 5 | K52: 6 | L52: 5 | M52: 5 | N52: 5 | O52: 5 | P52: 10 | Q52: 5 | R52: 6 | S52: 6 | T52: 7 | U52: 5 | V52: 4 | W52: 6 | X52: =SUM(F52:W52) | Y52: =Y11 | Z52: =X52-Y52 | AA52: =MAX(0,25-Z52)*1.0 | AB52: =AA52
A53: 41 | B53: António Pereira Mendes | C53: 55094 | D53: Estela | E53: 20.7 | F53: 8 | G53: 4 | H53: 9 | I53: 5 | J53: 5 | K53: 5 | L53: 6 | M53: 4 | N53: 5 | O53: 7 | P53: 6 | Q53: 5 | R53: 7 | S53: 5 | T53: 10 | U53: 4 | V53: 3 | W53: 5 | X53: =SUM(F53:W53) | Y53: =Y11 | Z53: =X53-Y53 | AA53: =MAX(0,25-Z53)*1.0 | AB53: =AA53
A54: 42 | B54: Gabriel Guimarães Mota | C54: 50526 | D54: Estela | E54: 24.8 | F54: 7 | G54: 3 | H54: 7 | I54: 4 | J54: 6 | K54: 6 | L54: 6 | M54: 6 | N54: 4 | O54: 6 | P54: 6 | Q54: 5 | R54: 5 | S54: 7 | T54: 10 | U54: 7 | V54: 2 | W54: 6 | X54: =SUM(F54:W54) | Y54: =Y11 | Z54: =X54-Y54 | AA54: =MAX(0,25-Z54)*1.0 | AB54: =AA54
A55: 43 | B55: Pedro Luís Fernandes | C55: 52168 | D55: Citynorte | E55: 17.8 | F55: 7 | G55: 3 | H55: 7 | I55: 5 | J55: 5 | K55: 6 | L55: 7 | M55: 5 | N55: 7 | O55: 5 | P55: 5 | Q55: 5 | R55: 7 | S55: 7 | T55: 7 | U55: 6 | V55: 4 | W55: 6 | X55: =SUM(F55:W55) | Y55: =Y11 | Z55: =X55-Y55 | AA55: =MAX(0,25-Z55)*1.0 | AB55: =AA55
A56: 44 | B56: Gil Ribeiro | C56: 47810 | D56: Citynorte | E56: 23.5 | F56: 6 | G56: 4 | H56: 5 | I56: 4 | J56: 7 | K56: 6 | L56: 6 | M56: 4 | N56: 5 | O56: 5 | P56: 5 | Q56: 5 | R56: 7 | S56: 7 | T56: 9 | U56: 5 | V56: 8 | W56: 6 | X56: =SUM(F56:W56) | Y56: =Y11 | Z56: =X56-Y56 | AA56: =MAX(0,25-Z56)*1.0 | AB56: =AA56
A57: 45 | B57: Catarina Loureiro | C57: 49328 | D57: Oporto | E57: 20.1 | F57: 10 | G57: 3 | H57: 10 | I57: 5 | J57: 6 | K57: 6 | L57: 6 | M57: 5 | N57: 4 | O57: 6 | P57: 4 | Q57: 5 | R57: 6 | S57: 4 | T57: 7 | U57: 7 | V57: 5 | W57: 6 | X57: =SUM(F57:W57) | Y57: =Y11 | Z57: =X57-Y57 | AA57: =MAX(0,25-Z57)*1.0 | AB57: =AA57
A58: 46 | B58: Dinis Seabra | C58: 44821 | D58: Oporto | E58: 17.8 | F58: 6 | G58: 3 | H58: 6 | I58: 4 | J58: 7 | K58: 7 | L58: 10 | M58: 9 | N58: 7 | O58: 7 | P58: 4 | Q58: 3 | R58: 7 | S58: 6 | T58: 7 | U58: 5 | V58: 3 | W58: 5 | X58: =SUM(F58:W58) | Y58: =Y11 | Z58: =X58-Y58 | AA58: =MAX(0,25-Z58)*1.0 | AB58: =AA58
A59: 47 | B59: Matias Carepa | C59: 50467 | D59: Citynorte | E59: 20.3 | F59: 6 | G59: 4 | H59: 4 | I59: 6 | J59: 6 | K59: 5 | L59: 8 | M59: 5 | N59: 5 | O59: 6 | P59: 6 | Q59: 6 | R59: 7 | S59: 7 | T59: 7 | U59: 7 | V59: 4 | W59: 7 | X59: =SUM(F59:W59) | Y59: =Y11 | Z59: =X59-Y59 | AA59: =MAX(0,25-Z59)*1.0 | AB59: =AA59
A60: 48 | B60: Ricardo Ferreira | C60: 45366 | D60: Oporto | E60: 22.8 | F60: 5 | G60: 3 | H60: 7 | I60: 6 | J60: 9 | K60: 7 | L60: 8 | M60: 5 | N60: 5 | O60: 6 | P60: 4 | Q60: 5 | R60: 6 | S60: 6 | T60: 10 | U60: 5 | V60: 4 | W60: 7 | X60: =SUM(F60:W60) | Y60: =Y11 | Z60: =X60-Y60 | AA60: =MAX(0,25-Z60)*1.0 | AB60: =AA60
A61: 49 | B61: Gustavo Pinto | C61: 56048 | D61: Oporto | E61: 10.2 | F61: 7 | G61: 4 | H61: 8 | I61: 9 | J61: 10 | K61: 5 | L61: 5 | M61: 10 | N61: 7 | O61: 4 | P61: 4 | Q61: 3 | R61: 5 | S61: 5 | T61: 8 | U61: 6 | V61: 5 | W61: 5 | X61: =SUM(F61:W61) | Y61: =Y11 | Z61: =X61-Y61 | AA61: =MAX(0,25-Z61)*1.0 | AB61: =AA61
A62: 50 | B62: Leonardo Ferreira | C62: 50193 | D62: Paredes | E62: 23.8 | F62: 5 | G62: 4 | H62: 10 | I62: 4 | J62: 9 | K62: 5 | L62: 10 | M62: 10 | N62: 7 | O62: 8 | P62: 5 | Q62: 5 | R62: 7 | S62: 6 | T62: 8 | U62: 10 | V62: 3 | W62: 8 | X62: =SUM(F62:W62) | Y62: =Y11 | Z62: =X62-Y62 | AA62: =MAX(0,25-Z62)*1.0 | AB62: =AA62
A63: DQ | B63: José Maria Pereira | D63: Miramar | E63: 21.3 | AA63: 0 | AB63: =AA63

Sheet dt1_sul_laguna
A1: 1º Drive Tour Sul — Laguna
A2: Data: | B2: 2026-01-11
A3: Campo: | B3: Laguna GC
A4: ccode/tcode: | B4: 988/10292
A5: Link FPG: | B5: https://scoring.datagolf.pt/pt/Classifications.aspx?ccode=988&tcode=10292
A6: Multiplicador: | B6: 1
A7: Tipo: | B7: DT
A10: Pos | B10: Nome | C10: FedCode | D10: Clube | E10: HCP | F10: R1 h1 | G10: h2 | H10: h3 | I10: h4 | J10: h5 | K10: h6 | L10: h7 | M10: h8 | N10: h9 | O10: h10 | P10: h11 | Q10: h12 | R10: h13 | S10: h14 | T10: h15 | U10: h16 | V10: h17 | W10: h18 | X10: R1 Gross | Y10: R1 Par | Z10: R1 ToPar | AA10: R1 Pts | AB10: Total Pts
A11: —Par— | F11: 5 | G11: 3 | H11: 4 | I11: 3 | J11: 4 | K11: 4 | L11: 4 | M11: 5 | N11: 4 | O11: 5 | P11: 4 | Q11: 3 | R11: 4 | S11: 4 | T11: 5 | U11: 4 | V11: 3 | W11: 4 | Y11: =SUM(F11:W11)
A12: —SI— | F12: 16 | G12: 12 | H12: 4 | I12: 6 | J12: 8 | K12: 18 | L12: 10 | M12: 14 | N12: 2 | O12: 17 | P12: 7 | Q12: 5 | R12: 1 | S12: 3 | T12: 13 | U12: 15 | V12: 11 | W12: 9
A13: 1 | B13: Rodrigo Sousa Correia | C13: 44934 | D13: Vilamoura, C. G | E13: 3.4 | F13: 5 | G13: 3 | H13: 4 | I13: 3 | J13: 3 | K13: 4 | L13: 4 | M13: 4 | N13: 4 | O13: 5 | P13: 4 | Q13: 2 | R13: 4 | S13: 4 | T13: 5 | U13: 5 | V13: 4 | W13: 5 | X13: =SUM(F13:W13) | Y13: =Y11 | Z13: =X13-Y13 | AA13: =MAX(0,25-Z13)*1.0 | AB13: =AA13
A14: 2 | B14: Ethan Prybys Orton | C14: 42374 | D14: Vila Sol | E14: 4.4 | F14: 4 | G14: 4 | H14: 4 | I14: 4 | J14: 3 | K14: 3 | L14: 5 | M14: 5 | N14: 4 | O14: 5 | P14: 4 | Q14: 3 | R14: 5 | S14: 6 | T14: 5 | U14: 4 | V14: 2 | W14: 4 | X14: =SUM(F14:W14) | Y14: =Y11 | Z14: =X14-Y14 | AA14: =MAX(0,25-Z14)*1.0 | AB14: =AA14
A15: 3 | B15: Ethan Sutherland | C15: 48933 | D15: Vila Sol | E15: 4 | F15: 5 | G15: 3 | H15: 4 | I15: 3 | J15: 5 | K15: 5 | L15: 4 | M15: 5 | N15: 5 | O15: 5 | P15: 4 | Q15: 2 | R15: 4 | S15: 4 | T15: 5 | U15: 5 | V15: 3 | W15: 6 | X15: =SUM(F15:W15) | Y15: =Y11 | Z15: =X15-Y15 | AA15: =MAX(0,25-Z15)*1.0 | AB15: =AA15
A16: 4 | B16: Joe Short | C16: 51804 | D16: Vila Sol | E16: 8.9 | F16: 6 | G16: 4 | H16: 4 | I16: 5 | J16: 4 | K16: 4 | L16: 4 | M16: 6 | N16: 4 | O16: 4 | P16: 4 | Q16: 3 | R16: 5 | S16: 4 | T16: 5 | U16: 4 | V16: 3 | W16: 5 | X16: =SUM(F16:W16) | Y16: =Y11 | Z16: =X16-Y16 | AA16: =MAX(0,25-Z16)*1.0 | AB16: =AA16
A17: 5 | B17: Matteo Balzer | C17: 44406 | D17: Amendoeira | E17: 3.5 | F17: 6 | G17: 4 | H17: 4 | I17: 5 | J17: 4 | K17: 3 | L17: 4 | M17: 5 | N17: 5 | O17: 6 | P17: 4 | Q17: 3 | R17: 4 | S17: 4 | T17: 5 | U17: 5 | V17: 2 | W17: 5 | X17: =SUM(F17:W17) | Y17: =Y11 | Z17: =X17-Y17 | AA17: =MAX(0,25-Z17)*1.0 | AB17: =AA17
A18: 6 | B18: Finn Gordon | C18: 55269 | D18: Vilamoura, C. G | E18: 6 | F18: 7 | G18: 3 | H18: 5 | I18: 3 | J18: 4 | K18: 6 | L18: 4 | M18: 4 | N18: 6 | O18: 6 | P18: 4 | Q18: 3 | R18: 5 | S18: 5 | T18: 6 | U18: 5 | V18: 3 | W18: 5 | X18: =SUM(F18:W18) | Y18: =Y11 | Z18: =X18-Y18 | AA18: =MAX(0,25-Z18)*1.0 | AB18: =AA18
A19: 7 | B19: Igor Kostyn | C19: 56072 | D19: Vilamoura, C. G | E19: 9.5 | F19: 5 | G19: 3 | H19: 4 | I19: 3 | J19: 8 | K19: 4 | L19: 4 | M19: 5 | N19: 4 | O19: 7 | P19: 3 | Q19: 3 | R19: 5 | S19: 6 | T19: 5 | U19: 5 | V19: 7 | W19: 5 | X19: =SUM(F19:W19) | Y19: =Y11 | Z19: =X19-Y19 | AA19: =MAX(0,25-Z19)*1.0 | AB19: =AA19
A20: 8 | B20: Beau Delfortrie | C20: 50247 | D20: Vila Sol | E20: 10.5 | F20: 6 | G20: 4 | H20: 5 | I20: 4 | J20: 5 | K20: 5 | L20: 5 | M20: 5 | N20: 4 | O20: 8 | P20: 3 | Q20: 5 | R20: 5 | S20: 5 | T20: 6 | U20: 5 | V20: 3 | W20: 5 | X20: =SUM(F20:W20) | Y20: =Y11 | Z20: =X20-Y20 | AA20: =MAX(0,25-Z20)*1.0 | AB20: =AA20
A21: 9 | B21: Catarina Sousa Conceição | C21: 48794 | D21: Vilamoura, C. G | E21: 10.7 | F21: 6 | G21: 4 | H21: 5 | I21: 3 | J21: 5 | K21: 4 | L21: 4 | M21: 5 | N21: 6 | O21: 6 | P21: 5 | Q21: 4 | R21: 8 | S21: 4 | T21: 5 | U21: 5 | V21: 4 | W21: 5 | X21: =SUM(F21:W21) | Y21: =Y11 | Z21: =X21-Y21 | AA21: =MAX(0,25-Z21)*1.0 | AB21: =AA21
A22: 10 | B22: Sabrina Ribeiro Crisóstomo | C22: 48971 | D22: Vilamoura, C. G | E22: 7.2 | F22: 7 | G22: 3 | H22: 4 | I22: 4 | J22: 5 | K22: 4 | L22: 4 | M22: 5 | N22: 6 | O22: 6 | P22: 5 | Q22: 4 | R22: 6 | S22: 5 | T22: 6 | U22: 5 | V22: 5 | W22: 5 | X22: =SUM(F22:W22) | Y22: =Y11 | Z22: =X22-Y22 | AA22: =MAX(0,25-Z22)*1.0 | AB22: =AA22
A23: 11 | B23: José Silva | C23: 54845 | D23: Amendoeira | E23: 11.5 | F23: 6 | G23: 2 | H23: 5 | I23: 2 | J23: 5 | K23: 6 | L23: 4 | M23: 7 | N23: 6 | O23: 7 | P23: 4 | Q23: 3 | R23: 6 | S23: 4 | T23: 9 | U23: 6 | V23: 3 | W23: 5 | X23: =SUM(F23:W23) | Y23: =Y11 | Z23: =X23-Y23 | AA23: =MAX(0,25-Z23)*1.0 | AB23: =AA23
A24: 12 | B24: Luke Samanek | C24: 56491 | D24: Vila Sol | E24: 20.5 | F24: 7 | G24: 4 | H24: 6 | I24: 5 | J24: 4 | K24: 4 | L24: 4 | M24: 5 | N24: 6 | O24: 6 | P24: 5 | Q24: 5 | R24: 5 | S24: 7 | T24: 6 | U24: 5 | V24: 3 | W24: 5 | X24: =SUM(F24:W24) | Y24: =Y11 | Z24: =X24-Y24 | AA24: =MAX(0,25-Z24)*1.0 | AB24: =AA24
A25: 13 | B25: Tomás Lima Pinto | C25: 46037 | D25: Vilamoura, C. G | E25: 10.3 | F25: 5 | G25: 3 | H25: 5 | I25: 5 | J25: 9 | K25: 4 | L25: 4 | M25: 5 | N25: 7 | O25: 6 | P25: 6 | Q25: 3 | R25: 5 | S25: 4 | T25: 7 | U25: 5 | V25: 5 | W25: 6 | X25: =SUM(F25:W25) | Y25: =Y11 | Z25: =X25-Y25 | AA25: =MAX(0,25-Z25)*1.0 | AB25: =AA25
A26: 14 | B26: Gabriel Costa | C26: 53838 | D26: Amendoeira | E26: 21.8 | F26: 5 | G26: 4 | H26: 6 | I26: 4 | J26: 5 | K26: 4 | L26: 6 | M26: 5 | N26: 5 | O26: 7 | P26: 5 | Q26: 4 | R26: 5 | S26: 7 | T26: 6 | U26: 6 | V26: 4 | W26: 6 | X26: =SUM(F26:W26) | Y26: =Y11 | Z26: =X26-Y26 | AA26: =MAX(0,25-Z26)*1.0 | AB26: =AA26
A27: 15 | B27: Jack Brando | C27: 54232 | D27: Vila Sol | E27: 12.1 | F27: 8 | G27: 3 | H27: 6 | I27: 3 | J27: 5 | K27: 4 | L27: 6 | M27: 10 | N27: 5 | O27: 7 | P27: 5 | Q27: 7 | R27: 4 | S27: 6 | T27: 5 | U27: 5 | V27: 3 | W27: 5 | X27: =SUM(F27:W27) | Y27: =Y11 | Z27: =X27-Y27 | AA27: =MAX(0,25-Z27)*1.0 | AB27: =AA27
A28: 16 | B28: Marek Pejas | C28: 52069 | D28: Vilamoura, C. G | E28: 20.1 | F28: 7 | G28: 4 | H28: 8 | I28: 5 | J28: 5 | K28: 5 | L28: 5 | M28: 8 | N28: 7 | O28: 7 | P28: 5 | Q28: 3 | R28: 7 | S28: 5 | T28: 7 | U28: 5 | V28: 3 | W28: 5 | X28: =SUM(F28:W28) | Y28: =Y11 | Z28: =X28-Y28 | AA28: =MAX(0,25-Z28)*1.0 | AB28: =AA28
A29: 17 | B29: Carlotta Balzer | C29: 50628 | D29: Amendoeira | E29: 19.1 | F29: 6 | G29: 4 | H29: 6 | I29: 7 | J29: 6 | K29: 4 | L29: 5 | M29: 7 | N29: 8 | O29: 5 | P29: 6 | Q29: 4 | R29: 7 | S29: 5 | T29: 6 | U29: 6 | V29: 4 | W29: 6 | X29: =SUM(F29:W29) | Y29: =Y11 | Z29: =X29-Y29 | AA29: =MAX(0,25-Z29)*1.0 | AB29: =AA29
A30: 18 | B30: Ethan Van Vuuren Maciel | C30: 56765 | D30: Vila Sol | E30: 24.9 | F30: 5 | G30: 3 | H30: 5 | I30: 4 | J30: 4 | K30: 5 | L30: 6 | M30: 5 | N30: 7 | O30: 7 | P30: 5 | Q30: 7 | R30: 7 | S30: 7 | T30: 9 | U30: 5 | V30: 6 | W30: 6 | X30: =SUM(F30:W30) | Y30: =Y11 | Z30: =X30-Y30 | AA30: =MAX(0,25-Z30)*1.0 | AB30: =AA30
A31: 19 | B31: Rita Melo | C31: 44607 | D31: Vilamoura, C. G | E31: 17.1 | F31: 7 | G31: 4 | H31: 6 | I31: 4 | J31: 6 | K31: 5 | L31: 5 | M31: 10 | N31: 5 | O31: 8 | P31: 7 | Q31: 3 | R31: 8 | S31: 7 | T31: 7 | U31: 6 | V31: 5 | W31: 4 | X31: =SUM(F31:W31) | Y31: =Y11 | Z31: =X31-Y31 | AA31: =MAX(0,25-Z31)*1.0 | AB31: =AA31
A32: NS | B32: Miguel Silva | D32: Amendoeira | E32: 9.4 | AA32: 0 | AB32: =AA32
A33: NS | B33: Jack Murtagh | D33: Vilamoura, C. G | E33: 9.2 | AA33: 0 | AB33: =AA33

Sheet aq1_morgado
A1: 1º Aquapor — Morgado
A2: Data: | B2: 2026-01-17
A3: Campo: | B3: Morgado
A4: ccode/tcode: | B4: 000/10873
A5: Link FPG: | B5: https://scoring.datagolf.pt/pt/Classifications.aspx?ccode=000&tcode=10873
A6: Multiplicador: | B6: 1
A7: Tipo: | B7: AQ
A10: Pos | B10: Nome | C10: FedCode | D10: Clube | E10: HCP | F10: R1 h1 | G10: h2 | H10: h3 | I10: h4 | J10: h5 | K10: h6 | L10: h7 | M10: h8 | N10: h9 | O10: h10 | P10: h11 | Q10: h12 | R10: h13 | S10: h14 | T10: h15 | U10: h16 | V10: h17 | W10: h18 | X10: R1 Gross | Y10: R1 Par | Z10: R1 ToPar | AA10: R1 Pts | AB10: R2 h1 | AC10: h2 | AD10: h3 | AE10: h4 | AF10: h5 | AG10: h6 | AH10: h7 | AI10: h8 | AJ10: h9 | AK10: h10 | AL10: h11 | AM10: h12 | AN10: h13 | AO10: h14 | AP10: h15 | AQ10: h16 | AR10: h17 | AS10: h18 | AT10: R2 Gross | AU10: R2 Par | AV10: R2 ToPar | AW10: R2 Pts | AX10: Total Pts
A11: —Par— | F11: 4 | G11: 4 | H11: 5 | I11: 4 | J11: 3 | K11: 4 | L11: 5 | M11: 3 | N11: 4 | O11: 5 | P11: 3 | Q11: 4 | R11: 5 | S11: 4 | T11: 4 | U11: 5 | V11: 3 | W11: 4 | Y11: =SUM(F11:W11) | AB11: 4 | AC11: 4 | AD11: 5 | AE11: 4 | AF11: 3 | AG11: 4 | AH11: 5 | AI11: 3 | AJ11: 4 | AK11: 5 | AL11: 3 | AM11: 4 | AN11: 5 | AO11: 4 | AP11: 4 | AQ11: 5 | AR11: 3 | AS11: 4 | AU11: =SUM(AB11:AS11)
A12: —SI— | F12: 14 | G12: 5 | H12: 1 | I12: 8 | J12: 10 | K12: 11 | L12: 12 | M12: 9 | N12: 18 | O12: 4 | P12: 16 | Q12: 17 | R12: 7 | S12: 15 | T12: 6 | U12: 2 | V12: 13 | W12: 3 | AB12: 14 | AC12: 5 | AD12: 1 | AE12: 8 | AF12: 10 | AG12: 11 | AH12: 12 | AI12: 9 | AJ12: 18 | AK12: 4 | AL12: 16 | AM12: 17 | AN12: 7 | AO12: 15 | AP12: 6 | AQ12: 2 | AR12: 13 | AS12: 3
A13: 1 | B13: José Miguel Franco de Sousa | C13: 40112 | D13: Estoril | E13: -2 | F13: 3 | G13: 5 | H13: 4 | I13: 4 | J13: 3 | K13: 4 | L13: 5 | M13: 3 | N13: 3 | O13: 5 | P13: 2 | Q13: 2 | R13: 4 | S13: 4 | T13: 4 | U13: 5 | V13: 3 | W13: 4 | X13: =SUM(F13:W13) | Y13: =Y11 | Z13: =X13-Y13 | AA13: =MAX(0,25-Z13)*1.0 | AB13: 3 | AC13: 4 | AD13: 5 | AE13: 4 | AF13: 3 | AG13: 4 | AH13: 4 | AI13: 3 | AJ13: 3 | AK13: 4 | AL13: 3 | AM13: 4 | AN13: 8 | AO13: 3 | AP13: 4 | AQ13: 5 | AR13: 3 | AS13: 4 | AT13: =SUM(AB13:AS13) | AU13: =AU11 | AV13: =AT13-AU13 | AW13: =MAX(0,25-AV13)*1.0 | AX13: =AA13+AW13
A14: 2 | B14: Afonso Rui Oliveira | C14: 40452 | D14: Aroeira | E14: -2.4 | F14: 4 | G14: 4 | H14: 5 | I14: 4 | J14: 3 | K14: 4 | L14: 4 | M14: 5 | N14: 3 | O14: 5 | P14: 3 | Q14: 3 | R14: 4 | S14: 4 | T14: 3 | U14: 5 | V14: 4 | W14: 4 | X14: =SUM(F14:W14) | Y14: =Y11 | Z14: =X14-Y14 | AA14: =MAX(0,25-Z14)*1.0 | AB14: 5 | AC14: 4 | AD14: 4 | AE14: 4 | AF14: 4 | AG14: 4 | AH14: 5 | AI14: 4 | AJ14: 5 | AK14: 5 | AL14: 3 | AM14: 4 | AN14: 5 | AO14: 4 | AP14: 4 | AQ14: 5 | AR14: 3 | AS14: 4 | AT14: =SUM(AB14:AS14) | AU14: =AU11 | AV14: =AT14-AU14 | AW14: =MAX(0,25-AV14)*1.0 | AX14: =AA14+AW14
A15: 3 | B15: Amélia Gabin | C15: 38233 | D15: Assoc. Qta.Lago | E15: -2.8 | F15: 4 | G15: 4 | H15: 5 | I15: 4 | J15: 3 | K15: 4 | L15: 4 | M15: 3 | N15: 4 | O15: 5 | P15: 2 | Q15: 4 | R15: 5 | S15: 4 | T15: 3 | U15: 5 | V15: 4 | W15: 4 | X15: =SUM(F15:W15) | Y15: =Y11 | Z15: =X15-Y15 | AA15: =MAX(0,25-Z15)*1.0 | AB15: 4 | AC15: 4 | AD15: 5 | AE15: 3 | AF15: 2 | AG15: 4 | AH15: 6 | AI15: 4 | AJ15: 4 | AK15: 5 | AL15: 3 | AM15: 3 | AN15: 6 | AO15: 3 | AP15: 4 | AQ15: 5 | AR15: 3 | AS15: 5 | AT15: =SUM(AB15:AS15) | AU15: =AU11 | AV15: =AT15-AU15 | AW15: =MAX(0,25-AV15)*1.0 | AX15: =AA15+AW15
A16: 4 | B16: Pedro Afonso de Correia Mendes | C16: 31111 | D16: Oporto | E16: -2.8 | F16: 4 | G16: 4 | H16: 5 | I16: 4 | J16: 4 | K16: 4 | L16: 5 | M16: 4 | N16: 3 | O16: 5 | P16: 3 | Q16: 4 | R16: 4 | S16: 4 | T16: 4 | U16: 5 | V16: 3 | W16: 4 | X16: =SUM(F16:W16) | Y16: =Y11 | Z16: =X16-Y16 | AA16: =MAX(0,25-Z16)*1.0 | AB16: 4 | AC16: 4 | AD16: 5 | AE16: 4 | AF16: 3 | AG16: 4 | AH16: 5 | AI16: 3 | AJ16: 5 | AK16: 5 | AL16: 3 | AM16: 5 | AN16: 5 | AO16: 3 | AP16: 3 | AQ16: 5 | AR16: 3 | AS16: 4 | AT16: =SUM(AB16:AS16) | AU16: =AU11 | AV16: =AT16-AU16 | AW16: =MAX(0,25-AV16)*1.0 | AX16: =AA16+AW16
A17: 5 | B17: Alexander Amey | C17: 41294 | D17: Vilamoura, C. G | E17: -0.5 | F17: 5 | G17: 4 | H17: 4 | I17: 5 | J17: 4 | K17: 4 | L17: 5 | M17: 4 | N17: 4 | O17: 5 | P17: 3 | Q17: 4 | R17: 5 | S17: 3 | T17: 4 | U17: 4 | V17: 3 | W17: 4 | X17: =SUM(F17:W17) | Y17: =Y11 | Z17: =X17-Y17 | AA17: =MAX(0,25-Z17)*1.0 | AB17: 4 | AC17: 4 | AD17: 5 | AE17: 4 | AF17: 4 | AG17: 4 | AH17: 5 | AI17: 2 | AJ17: 4 | AK17: 4 | AL17: 3 | AM17: 4 | AN17: 4 | AO17: 3 | AP17: 4 | AQ17: 4 | AR17: 3 | AS17: 4 | AT17: =SUM(AB17:AS17) | AU17: =AU11 | AV17: =AT17-AU17 | AW17: =MAX(0,25-AV17)*1.0 | AX17: =AA17+AW17
A18: 6 | B18: João Crasi Alves | C18: 39701 | D18: Vilamoura, C. G | E18: -3.1 | F18: 5 | G18: 5 | H18: 7 | I18: 4 | J18: 3 | K18: 5 | L18: 4 | M18: 3 | N18: 3 | O18: 5 | P18: 3 | Q18: 4 | R18: 4 | S18: 4 | T18: 3 | U18: 5 | V18: 3 | W18: 4 | X18: =SUM(F18:W18) | Y18: =Y11 | Z18: =X18-Y18 | AA18: =MAX(0,25-Z18)*1.0 | AB18: 5 | AC18: 5 | AD18: 5 | AE18: 4 | AF18: 3 | AG18: 5 | AH18: 5 | AI18: 3 | AJ18: 4 | AK18: 5 | AL18: 3 | AM18: 4 | AN18: 5 | AO18: 4 | AP18: 4 | AQ18: 5 | AR18: 3 | AS18: 5 | AT18: =SUM(AB18:AS18) | AU18: =AU11 | AV18: =AT18-AU18 | AW18: =MAX(0,25-AV18)*1.0 | AX18: =AA18+AW18
A19: 7 | B19: Konstantin Mikirtumov | C19: 34238 | D19: Estoril | E19: -1.9 | F19: 5 | G19: 6 | H19: 5 | I19: 4 | J19: 3 | K19: 4 | L19: 4 | M19: 3 | N19: 3 | O19: 5 | P19: 3 | Q19: 4 | R19: 5 | S19: 4 | T19: 5 | U19: 4 | V19: 3 | W19: 4 | X19: =SUM(F19:W19) | Y19: =Y11 | Z19: =X19-Y19 | AA19: =MAX(0,25-Z19)*1.0 | AB19: 5 | AC19: 5 | AD19: 5 | AE19: 6 | AF19: 3 | AG19: 4 | AH19: 4 | AI19: 4 | AJ19: 4 | AK19: 5 | AL19: 3 | AM19: 4 | AN19: 5 | AO19: 3 | AP19: 4 | AQ19: 4 | AR19: 4 | AS19: 4 | AT19: =SUM(AB19:AS19) | AU19: =AU11 | AV19: =AT19-AU19 | AW19: =MAX(0,25-AV19)*1.0 | AX19: =AA19+AW19
A20: 8 | B20: Bernardo Costa Pinheiro | C20: 40682 | D20: Oporto | E20: -2.8 | F20: 5 | G20: 4 | H20: 5 | I20: 4 | J20: 3 | K20: 4 | L20: 5 | M20: 4 | N20: 3 | O20: 4 | P20: 3 | Q20: 4 | R20: 5 | S20: 6 | T20: 3 | U20: 5 | V20: 3 | W20: 4 | X20: =SUM(F20:W20) | Y20: =Y11 | Z20: =X20-Y20 | AA20: =MAX(0,25-Z20)*1.0 | AB20: 4 | AC20: 4 | AD20: 5 | AE20: 5 | AF20: 4 | AG20: 4 | AH20: 5 | AI20: 3 | AJ20: 4 | AK20: 5 | AL20: 2 | AM20: 4 | AN20: 5 | AO20: 4 | AP20: 4 | AQ20: 5 | AR20: 3 | AS20: 4 | AT20: =SUM(AB20:AS20) | AU20: =AU11 | AV20: =AT20-AU20 | AW20: =MAX(0,25-AV20)*1.0 | AX20: =AA20+AW20
A21: 9 | B21: Rodrigo Faria Constantino | C21: 45278 | D21: Belas | E21: 0.8 | F21: 4 | G21: 4 | H21: 4 | I21: 4 | J21: 3 | K21: 4 | L21: 6 | M21: 2 | N21: 5 | O21: 5 | P21: 3 | Q21: 4 | R21: 5 | S21: 4 | T21: 5 | U21: 5 | V21: 2 | W21: 5 | X21: =SUM(F21:W21) | Y21: =Y11 | Z21: =X21-Y21 | AA21: =MAX(0,25-Z21)*1.0 | AB21: 7 | AC21: 5 | AD21: 7 | AE21: 5 | AF21: 3 | AG21: 4 | AH21: 6 | AI21: 4 | AJ21: 4 | AK21: 6 | AL21: 4 | AM21: 4 | AN21: 6 | AO21: 5 | AP21: 4 | AQ21: 4 | AR21: 3 | AS21: 5 | AT21: =SUM(AB21:AS21) | AU21: =AU11 | AV21: =AT21-AU21 | AW21: =MAX(0,25-AV21)*1.0 | AX21: =AA21+AW21
A22: 10 | B22: Luis António Silva | C22: 42845 | D22: Oporto | E22: -3.8 | F22: 5 | G22: 4 | H22: 6 | I22: 3 | J22: 3 | K22: 4 | L22: 4 | M22: 3 | N22: 3 | O22: 5 | P22: 2 | Q22: 4 | R22: 4 | S22: 6 | T22: 4 | U22: 6 | V22: 3 | W22: 5 | X22: =SUM(F22:W22) | Y22: =Y11 | Z22: =X22-Y22 | AA22: =MAX(0,25-Z22)*1.0 | AB22: 4 | AC22: 4 | AD22: 5 | AE22: 4 | AF22: 2 | AG22: 4 | AH22: 5 | AI22: 3 | AJ22: 4 | AK22: 4 | AL22: 3 | AM22: 4 | AN22: 4 | AO22: 3 | AP22: 4 | AQ22: 4 | AR22: 3 | AS22: 4 | AT22: =SUM(AB22:AS22) | AU22: =AU11 | AV22: =AT22-AU22 | AW22: =MAX(0,25-AV22)*1.0 | AX22: =AA22+AW22
A23: 11 | B23: Gaspard Maes | C23: 51074 | D23: Miramar | E23: 1 | F23: 4 | G23: 5 | H23: 6 | I23: 4 | J23: 4 | K23: 3 | L23: 6 | M23: 3 | N23: 3 | O23: 4 | P23: 3 | Q23: 5 | R23: 5 | S23: 4 | T23: 3 | U23: 5 | V23: 3 | W23: 5 | X23: =SUM(F23:W23) | Y23: =Y11 | Z23: =X23-Y23 | AA23: =MAX(0,25-Z23)*1.0 | AB23: 5 | AC23: 5 | AD23: 12 | AE23: 5 | AF23: 3 | AG23: 5 | AH23: 7 | AI23: 4 | AJ23: 5 | AK23: 6 | AL23: 5 | AM23: 4 | AN23: 6 | AO23: 4 | AP23: 4 | AQ23: 5 | AR23: 5 | AS23: 5 | AT23: =SUM(AB23:AS23) | AU23: =AU11 | AV23: =AT23-AU23 | AW23: =MAX(0,25-AV23)*1.0 | AX23: =AA23+AW23
A24: 12 | B24: Tomás Afonso Araujo | C24: 35849 | D24: Miramar | E24: -0.5 | F24: 4 | G24: 4 | H24: 6 | I24: 5 | J24: 2 | K24: 4 | L24: 4 | M24: 4 | N24: 4 | O24: 4 | P24: 4 | Q24: 3 | R24: 5 | S24: 3 | T24: 5 | U24: 5 | V24: 4 | W24: 5 | X24: =SUM(F24:W24) | Y24: =Y11 | Z24: =X24-Y24 | AA24: =MAX(0,25-Z24)*1.0 | AB24: 4 | AC24: 4 | AD24: 4 | AE24: 4 | AF24: 4 | AG24: 5 | AH24: 5 | AI24: 4 | AJ24: 4 | AK24: 5 | AL24: 4 | AM24: 6 | AN24: 5 | AO24: 4 | AP24: 4 | AQ24: 4 | AR24: 3 | AS24: 4 | AT24: =SUM(AB24:AS24) | AU24: =AU11 | AV24: =AT24-AU24 | AW24: =MAX(0,25-AV24)*1.0 | AX24: =AA24+AW24
A25: 13 | B25: António Mendes | C25: 36148 | D25: Quinta do Peru | E25: 1.9 | F25: 5 | G25: 4 | H25: 5 | I25: 4 | J25: 3 | K25: 4 | L25: 5 | M25: 4 | N25: 3 | O25: 4 | P25: 3 | Q25: 5 | R25: 5 | S25: 4 | T25: 5 | U25: 5 | V25: 3 | W25: 5 | X25: =SUM(F25:W25) | Y25: =Y11 | Z25: =X25-Y25 | AA25: =MAX(0,25-Z25)*1.0 | AB25: 4 | AC25: 4 | AD25: 5 | AE25: 5 | AF25: 4 | AG25: 5 | AH25: 6 | AI25: 4 | AJ25: 4 | AK25: 5 | AL25: 3 | AM25: 4 | AN25: 5 | AO25: 5 | AP25: 4 | AQ25: 4 | AR25: 2 | AS25: 6 | AT25: =SUM(AB25:AS25) | AU25: =AU11 | AV25: =AT25-AU25 | AW25: =MAX(0,25-AV25)*1.0 | AX25: =AA25+AW25
A26: 14 | B26: Francisco Reis | C26: 40534 | D26: Vilamoura, C. G | E26: -0.4 | F26: 6 | G26: 3 | H26: 5 | I26: 4 | J26: 3 | K26: 4 | L26: 5 | M26: 4 | N26: 3 | O26: 5 | P26: 3 | Q26: 3 | R26: 5 | S26: 4 | T26: 4 | U26: 7 | V26: 4 | W26: 4 | X26: =SUM(F26:W26) | Y26: =Y11 | Z26: =X26-Y26 | AA26: =MAX(0,25-Z26)*1.0 | AB26: 4 | AC26: 4 | AD26: 5 | AE26: 4 | AF26: 5 | AG26: 4 | AH26: 5 | AI26: 3 | AJ26: 4 | AK26: 4 | AL26: 3 | AM26: 4 | AN26: 6 | AO26: 3 | AP26: 4 | AQ26: 5 | AR26: 4 | AS26: 5 | AT26: =SUM(AB26:AS26) | AU26: =AU11 | AV26: =AT26-AU26 | AW26: =MAX(0,25-AV26)*1.0 | AX26: =AA26+AW26
A27: 15 | B27: Henrique Montenegro | C27: 39552 | D27: Oporto | E27: 1.8 | F27: 4 | G27: 4 | H27: 7 | I27: 4 | J27: 4 | K27: 5 | L27: 5 | M27: 4 | N27: 3 | O27: 5 | P27: 3 | Q27: 3 | R27: 5 | S27: 5 | T27: 4 | U27: 5 | V27: 3 | W27: 4 | X27: =SUM(F27:W27) | Y27: =Y11 | Z27: =X27-Y27 | AA27: =MAX(0,25-Z27)*1.0 | AB27: 5 | AC27: 4 | AD27: 5 | AE27: 5 | AF27: 5 | AG27: 5 | AH27: 4 | AI27: 5 | AJ27: 4 | AK27: 5 | AL27: 3 | AM27: 4 | AN27: 5 | AO27: 4 | AP27: 5 | AQ27: 4 | AR27: 3 | AS27: 6 | AT27: =SUM(AB27:AS27) | AU27: =AU11 | AV27: =AT27-AU27 | AW27: =MAX(0,25-AV27)*1.0 | AX27: =AA27+AW27
A28: 16 | B28: Pedro Ataíde e Sá | C28: 44681 | D28: Citynorte | E28: 1.9 | F28: 4 | G28: 4 | H28: 6 | I28: 4 | J28: 4 | K28: 4 | L28: 6 | M28: 3 | N28: 4 | O28: 5 | P28: 3 | Q28: 3 | R28: 5 | S28: 4 | T28: 4 | U28: 5 | V28: 4 | W28: 5 | X28: =SUM(F28:W28) | Y28: =Y11 | Z28: =X28-Y28 | AA28: =MAX(0,25-Z28)*1.0 | AB28: 4 | AC28: 4 | AD28: 5 | AE28: 4 | AF28: 3 | AG28: 5 | AH28: 5 | AI28: 3 | AJ28: 5 | AK28: 6 | AL28: 5 | AM28: 4 | AN28: 4 | AO28: 4 | AP28: 4 | AQ28: 5 | AR28: 3 | AS28: 4 | AT28: =SUM(AB28:AS28) | AU28: =AU11 | AV28: =AT28-AU28 | AW28: =MAX(0,25-AV28)*1.0 | AX28: =AA28+AW28
A29: 17 | B29: João Maria Ivo de Carvalho | C29: 38334 | D29: Vilamoura, C. G | E29: -2 | F29: 4 | G29: 3 | H29: 5 | I29: 4 | J29: 3 | K29: 4 | L29: 4 | M29: 3 | N29: 4 | O29: 6 | P29: 4 | Q29: 5 | R29: 6 | S29: 4 | T29: 5 | U29: 5 | V29: 4 | W29: 4 | X29: =SUM(F29:W29) | Y29: =Y11 | Z29: =X29-Y29 | AA29: =MAX(0,25-Z29)*1.0 | AB29: 3 | AC29: 4 | AD29: 5 | AE29: 4 | AF29: 4 | AG29: 5 | AH29: 4 | AI29: 4 | AJ29: 5 | AK29: 5 | AL29: 4 | AM29: 4 | AN29: 4 | AO29: 4 | AP29: 5 | AQ29: 5 | AR29: 4 | AS29: 8 | AT29: =SUM(AB29:AS29) | AU29: =AU11 | AV29: =AT29-AU29 | AW29: =MAX(0,25-AV29)*1.0 | AX29: =AA29+AW29
A30: 18 | B30: Rodrigo Sousa Correia | C30: 44934 | D30: Vilamoura, C. G | E30: 2.7 | F30: 5 | G30: 4 | H30: 5 | I30: 4 | J30: 4 | K30: 4 | L30: 5 | M30: 4 | N30: 5 | O30: 5 | P30: 4 | Q30: 3 | R30: 5 | S30: 4 | T30: 4 | U30: 5 | V30: 3 | W30: 5 | X30: =SUM(F30:W30) | Y30: =Y11 | Z30: =X30-Y30 | AA30: =MAX(0,25-Z30)*1.0 | AB30: 4 | AC30: 6 | AD30: 5 | AE30: 6 | AF30: 4 | AG30: 4 | AH30: 6 | AI30: 3 | AJ30: 4 | AK30: 5 | AL30: 3 | AM30: 4 | AN30: 5 | AO30: 4 | AP30: 4 | AQ30: 5 | AR30: 3 | AS30: 4 | AT30: =SUM(AB30:AS30) | AU30: =AU11 | AV30: =AT30-AU30 | AW30: =MAX(0,25-AV30)*1.0 | AX30: =AA30+AW30
A31: 19 | B31: Scott Blackshear | C31: 52956 | D31: Palmares | E31: 2.6 | F31: 3 | G31: 4 | H31: 9 | I31: 3 | J31: 4 | K31: 4 | L31: 5 | M31: 4 | N31: 4 | O31: 5 | P31: 2 | Q31: 4 | R31: 5 | S31: 4 | T31: 6 | U31: 5 | V31: 3 | W31: 4 | X31: =SUM(F31:W31) | Y31: =Y11 | Z31: =X31-Y31 | AA31: =MAX(0,25-Z31)*1.0 | AB31: 4 | AC31: 4 | AD31: 5 | AE31: 4 | AF31: 3 | AG31: 4 | AH31: 6 | AI31: 5 | AJ31: 4 | AK31: 5 | AL31: 3 | AM31: 5 | AN31: 9 | AO31: 4 | AP31: 5 | AQ31: 5 | AR31: 4 | AS31: 5 | AT31: =SUM(AB31:AS31) | AU31: =AU11 | AV31: =AT31-AU31 | AW31: =MAX(0,25-AV31)*1.0 | AX31: =AA31+AW31
A32: 20 | B32: Martim Pinto Johansen | C32: 40115 | D32: Vilamoura, C. G | E32: -0.8 | F32: 6 | G32: 6 | H32: 5 | I32: 4 | J32: 3 | K32: 4 | L32: 5 | M32: 3 | N32: 4 | O32: 4 | P32: 3 | Q32: 3 | R32: 4 | S32: 5 | T32: 5 | U32: 5 | V32: 4 | W32: 5 | X32: =SUM(F32:W32) | Y32: =Y11 | Z32: =X32-Y32 | AA32: =MAX(0,25-Z32)*1.0 | AB32: 3 | AC32: 4 | AD32: 5 | AE32: 4 | AF32: 3 | AG32: 4 | AH32: 4 | AI32: 3 | AJ32: 5 | AK32: 5 | AL32: 3 | AM32: 3 | AN32: 5 | AO32: 3 | AP32: 4 | AQ32: 5 | AR32: 5 | AS32: 4 | AT32: =SUM(AB32:AS32) | AU32: =AU11 | AV32: =AT32-AU32 | AW32: =MAX(0,25-AV32)*1.0 | AX32: =AA32+AW32
A33: 21 | B33: Gabriel Sardo | C33: 37010 | D33: Oporto | E33: -0.9 | F33: 4 | G33: 5 | H33: 6 | I33: 4 | J33: 4 | K33: 5 | L33: 4 | M33: 2 | N33: 4 | O33: 5 | P33: 3 | Q33: 4 | R33: 5 | S33: 5 | T33: 3 | U33: 7 | V33: 4 | W33: 4 | X33: =SUM(F33:W33) | Y33: =Y11 | Z33: =X33-Y33 | AA33: =MAX(0,25-Z33)*1.0 | AB33: 4 | AC33: 3 | AD33: 5 | AE33: 5 | AF33: 3 | AG33: 4 | AH33: 5 | AI33: 3 | AJ33: 4 | AK33: 4 | AL33: 4 | AM33: 4 | AN33: 4 | AO33: 4 | AP33: 4 | AQ33: 5 | AR33: 4 | AS33: 4 | AT33: =SUM(AB33:AS33) | AU33: =AU11 | AV33: =AT33-AU33 | AW33: =MAX(0,25-AV33)*1.0 | AX33: =AA33+AW33
A34: 22 | B34: Pedro Aires | C34: 42068 | D34: Citynorte | E34: 8.5 | F34: 5 | G34: 7 | H34: 5 | I34: 4 | J34: 3 | K34: 4 | L34: 5 | M34: 4 | N34: 3 | O34: 5 | P34: 3 | Q34: 5 | R34: 5 | S34: 5 | T34: 3 | U34: 4 | V34: 4 | W34: 5 | X34: =SUM(F34:W34) | Y34: =Y11 | Z34: =X34-Y34 | AA34: =MAX(0,25-Z34)*1.0 | AB34: 4 | AC34: 3 | AD34: 8 | AE34: 5 | AF34: 6 | AG34: 4 | AH34: 5 | AI34: 4 | AJ34: 5 | AK34: 5 | AL34: 4 | AM34: 4 | AN34: 7 | AO34: 3 | AP34: 4 | AQ34: 4 | AR34: 4 | AS34: 4 | AT34: =SUM(AB34:AS34) | AU34: =AU11 | AV34: =AT34-AU34 | AW34: =MAX(0,25-AV34)*1.0 | AX34: =AA34+AW34
A35: 23 | B35: Laura Santos | C35: 45393 | D35: PXO Clube | E35: 3.3 | F35: 6 | G35: 5 | H35: 5 | I35: 4 | J35: 3 | K35: 5 | L35: 5 | M35: 2 | N35: 5 | O35: 4 | P35: 2 | Q35: 4 | R35: 6 | S35: 5 | T35: 5 | U35: 5 | V35: 3 | W35: 5 | X35: =SUM(F35:W35) | Y35: =Y11 | Z35: =X35-Y35 | AA35: =MAX(0,25-Z35)*1.0 | AB35: 5 | AC35: 5 | AD35: 5 | AE35: 4 | AF35: 3 | AG35: 4 | AH35: 8 | AI35: 3 | AJ35: 4 | AK35: 5 | AL35: 3 | AM35: 4 | AN35: 4 | AO35: 5 | AP35: 5 | AQ35: 5 | AR35: 3 | AS35: 5 | AT35: =SUM(AB35:AS35) | AU35: =AU11 | AV35: =AT35-AU35 | AW35: =MAX(0,25-AV35)*1.0 | AX35: =AA35+AW35
A36: 24 | B36: Afonso Silva Pinto | C36: 46309 | D36: Miramar | E36: 5.6 | F36: 4 | G36: 4 | H36: 5 | I36: 4 | J36: 5 | K36: 4 | L36: 5 | M36: 4 | N36: 5 | O36: 5 | P36: 3 | Q36: 5 | R36: 5 | S36: 4 | T36: 5 | U36: 5 | V36: 3 | W36: 5 | X36: =SUM(F36:W36) | Y36: =Y11 | Z36: =X36-Y36 | AA36: =MAX(0,25-Z36)*1.0 | AB36: 5 | AC36: 6 | AD36: 5 | AE36: 4 | AF36: 3 | AG36: 5 | AH36: 6 | AI36: 4 | AJ36: 6 | AK36: 6 | AL36: 3 | AM36: 4 | AN36: 6 | AO36: 4 | AP36: 4 | AQ36: 5 | AR36: 3 | AS36: 4 | AT36: =SUM(AB36:AS36) | AU36: =AU11 | AV36: =AT36-AU36 | AW36: =MAX(0,25-AV36)*1.0 | AX36: =AA36+AW36
A37: 25 | B37: Ethan Prybys Orton | C37: 42374 | D37: Vila Sol | E37: 3.6 | F37: 4 | G37: 4 | H37: 5 | I37: 4 | J37: 4 | K37: 4 | L37: 5 | M37: 5 | N37: 5 | O37: 5 | P37: 4 | Q37: 3 | R37: 5 | S37: 5 | T37: 5 | U37: 5 | V37: 4 | W37: 4 | X37: =SUM(F37:W37) | Y37: =Y11 | Z37: =X37-Y37 | AA37: =MAX(0,25-Z37)*1.0 | AB37: 5 | AC37: 5 | AD37: 7 | AE37: 4 | AF37: 4 | AG37: 5 | AH37: 5 | AI37: 3 | AJ37: 5 | AK37: 5 | AL37: 3 | AM37: 4 | AN37: 4 | AO37: 4 | AP37: 5 | AQ37: 4 | AR37: 3 | AS37: 4 | AT37: =SUM(AB37:AS37) | AU37: =AU11 | AV37: =AT37-AU37 | AW37: =MAX(0,25-AV37)*1.0 | AX37: =AA37+AW37
A38: 26 | B38: Eva Silva | C38: 46437 | D38: Oporto | E38: 0.5 | F38: 5 | G38: 5 | H38: 5 | I38: 4 | J38: 3 | K38: 4 | L38: 6 | M38: 3 | N38: 4 | O38: 6 | P38: 3 | Q38: 5 | R38: 5 | S38: 4 | T38: 4 | U38: 5 | V38: 4 | W38: 5 | X38: =SUM(F38:W38) | Y38: =Y11 | Z38: =X38-Y38 | AA38: =MAX(0,25-Z38)*1.0 | AB38: 4 | AC38: 4 | AD38: 5 | AE38: 3 | AF38: 3 | AG38: 4 | AH38: 5 | AI38: 3 | AJ38: 4 | AK38: 5 | AL38: 3 | AM38: 3 | AN38: 7 | AO38: 4 | AP38: 5 | AQ38: 5 | AR38: 4 | AS38: 3 | AT38: =SUM(AB38:AS38) | AU38: =AU11 | AV38: =AT38-AU38 | AW38: =MAX(0,25-AV38)*1.0 | AX38: =AA38+AW38
A39: 26 | B39: João Araújo | C39: 49012 | D39: Citynorte | E39: 5.8 | F39: 5 | G39: 4 | H39: 7 | I39: 4 | J39: 3 | K39: 4 | L39: 5 | M39: 3 | N39: 4 | O39: 6 | P39: 4 | Q39: 4 | R39: 5 | S39: 4 | T39: 4 | U39: 6 | V39: 3 | W39: 5 | X39: =SUM(F39:W39) | Y39: =Y11 | Z39: =X39-Y39 | AA39: =MAX(0,25-Z39)*1.0 | AB39: 5 | AC39: 4 | AD39: 6 | AE39: 4 | AF39: 3 | AG39: 5 | AH39: 7 | AI39: 3 | AJ39: 7 | AK39: 6 | AL39: 3 | AM39: 4 | AN39: 5 | AO39: 4 | AP39: 4 | AQ39: 6 | AR39: 4 | AS39: 7 | AT39: =SUM(AB39:AS39) | AU39: =AU11 | AV39: =AT39-AU39 | AW39: =MAX(0,25-AV39)*1.0 | AX39: =AA39+AW39
A40: 28 | B40: Pedro Ferreira | C40: 43810 | D40: Oporto | E40: 0.2 | F40: 5 | G40: 4 | H40: 5 | I40: 5 | J40: 3 | K40: 4 | L40: 5 | M40: 4 | N40: 3 | O40: 6 | P40: 4 | Q40: 4 | R40: 6 | S40: 4 | T40: 5 | U40: 5 | V40: 4 | W40: 4 | X40: =SUM(F40:W40) | Y40: =Y11 | Z40: =X40-Y40 | AA40: =MAX(0,25-Z40)*1.0 | AB40: 4 | AC40: 4 | AD40: 6 | AE40: 5 | AF40: 3 | AG40: 4 | AH40: 5 | AI40: 5 | AJ40: 4 | AK40: 5 | AL40: 4 | AM40: 3 | AN40: 5 | AO40: 4 | AP40: 5 | AQ40: 5 | AR40: 3 | AS40: 4 | AT40: =SUM(AB40:AS40) | AU40: =AU11 | AV40: =AT40-AU40 | AW40: =MAX(0,25-AV40)*1.0 | AX40: =AA40+AW40
A41: 29 | B41: Angelina Gao | C41: 51523 | D41: Quinta do Peru | E41: 4.2 | F41: 5 | G41: 3 | H41: 6 | I41: 4 | J41: 3 | K41: 4 | L41: 5 | M41: 3 | N41: 5 | O41: 5 | P41: 3 | Q41: 5 | R41: 6 | S41: 5 | T41: 4 | U41: 6 | V41: 3 | W41: 5 | X41: =SUM(F41:W41) | Y41: =Y11 | Z41: =X41-Y41 | AA41: =MAX(0,25-Z41)*1.0 | AB41: 5 | AC41: 5 | AD41: 5 | AE41: 4 | AF41: 3 | AG41: 5 | AH41: 7 | AI41: 4 | AJ41: 5 | AK41: 6 | AL41: 4 | AM41: 6 | AN41: 6 | AO41: 6 | AP41: 3 | AQ41: 5 | AR41: 4 | AS41: 5 | AT41: =SUM(AB41:AS41) | AU41: =AU11 | AV41: =AT41-AU41 | AW41: =MAX(0,25-AV41)*1.0 | AX41: =AA41+AW41
A42: 30 | B42: Francisca Ferreira da Costa | C42: 40981 | D42: Miramar | E42: -0.3 | F42: 5 | G42: 7 | H42: 6 | I42: 4 | J42: 3 | K42: 4 | L42: 4 | M42: 4 | N42: 4 | O42: 5 | P42: 4 | Q42: 3 | R42: 4 | S42: 4 | T42: 5 | U42: 6 | V42: 4 | W42: 5 | X42: =SUM(F42:W42) | Y42: =Y11 | Z42: =X42-Y42 | AA42: =MAX(0,25-Z42)*1.0 | AB42: 4 | AC42: 4 | AD42: 7 | AE42: 5 | AF42: 3 | AG42: 4 | AH42: 5 | AI42: 3 | AJ42: 4 | AK42: 6 | AL42: 3 | AM42: 4 | AN42: 6 | AO42: 4 | AP42: 4 | AQ42: 6 | AR42: 5 | AS42: 4 | AT42: =SUM(AB42:AS42) | AU42: =AU11 | AV42: =AT42-AU42 | AW42: =MAX(0,25-AV42)*1.0 | AX42: =AA42+AW42
A43: 31 | B43: Rodrigo Marques Santos | C43: 37152 | D43: Vilamoura, C. G | E43: -1.7 | F43: 3 | G43: 4 | H43: 7 | I43: 4 | J43: 3 | K43: 4 | L43: 6 | M43: 4 | N43: 4 | O43: 6 | P43: 3 | Q43: 4 | R43: 9 | S43: 4 | T43: 3 | U43: 5 | V43: 4 | W43: 4 | X43: =SUM(F43:W43) | Y43: =Y11 | Z43: =X43-Y43 | AA43: =MAX(0,25-Z43)*1.0 | AB43: 5 | AC43: 5 | AD43: 5 | AE43: 4 | AF43: 5 | AG43: 5 | AH43: 5 | AI43: 3 | AJ43: 4 | AK43: 5 | AL43: 4 | AM43: 4 | AN43: 6 | AO43: 3 | AP43: 4 | AQ43: 4 | AR43: 3 | AS43: 4 | AT43: =SUM(AB43:AS43) | AU43: =AU11 | AV43: =AT43-AU43 | AW43: =MAX(0,25-AV43)*1.0 | AX43: =AA43+AW43
A44: 32 | B44: Camila Pazos | C44: 46297 | D44: Miramar | E44: 2.6 | F44: 4 | G44: 4 | H44: 5 | I44: 4 | J44: 3 | K44: 4 | L44: 6 | M44: 4 | N44: 4 | O44: 5 | P44: 3 | Q44: 4 | R44: 6 | S44: 5 | T44: 5 | U44: 4 | V44: 4 | W44: 7 | X44: =SUM(F44:W44) | Y44: =Y11 | Z44: =X44-Y44 | AA44: =MAX(0,25-Z44)*1.0 | AB44: 5 | AC44: 4 | AD44: 5 | AE44: 5 | AF44: 5 | AG44: 6 | AH44: 6 | AI44: 3 | AJ44: 6 | AK44: 6 | AL44: 3 | AM44: 4 | AN44: 5 | AO44: 4 | AP44: 4 | AQ44: 5 | AR44: 3 | AS44: 4 | AT44: =SUM(AB44:AS44) | AU44: =AU11 | AV44: =AT44-AU44 | AW44: =MAX(0,25-AV44)*1.0 | AX44: =AA44+AW44
A45: 33 | B45: Francisca Salgado | C45: 43832 | D45: Vale de Janelas | E45: 0.5 | F45: 5 | G45: 4 | H45: 6 | I45: 4 | J45: 4 | K45: 6 | L45: 6 | M45: 4 | N45: 4 | O45: 5 | P45: 4 | Q45: 4 | R45: 5 | S45: 4 | T45: 4 | U45: 6 | V45: 4 | W45: 3 | X45: =SUM(F45:W45) | Y45: =Y11 | Z45: =X45-Y45 | AA45: =MAX(0,25-Z45)*1.0 | AB45: 3 | AC45: 5 | AD45: 6 | AE45: 3 | AF45: 4 | AG45: 4 | AH45: 6 | AI45: 3 | AJ45: 4 | AK45: 5 | AL45: 3 | AM45: 4 | AN45: 6 | AO45: 3 | AP45: 4 | AQ45: 5 | AR45: 3 | AS45: 5 | AT45: =SUM(AB45:AS45) | AU45: =AU11 | AV45: =AT45-AU45 | AW45: =MAX(0,25-AV45)*1.0 | AX45: =AA45+AW45
A46: 34 | B46: Dinis Silva Rebelo | C46: 36678 | D46: Vilamoura, C. G | E46: 2.3 | F46: 4 | G46: 6 | H46: 9 | I46: 4 | J46: 4 | K46: 4 | L46: 5 | M46: 4 | N46: 3 | O46: 5 | P46: 3 | Q46: 4 | R46: 5 | S46: 4 | T46: 5 | U46: 5 | V46: 4 | W46: 4 | X46: =SUM(F46:W46) | Y46: =Y11 | Z46: =X46-Y46 | AA46: =MAX(0,25-Z46)*1.0 | AB46: 4 | AC46: 6 | AD46: 5 | AE46: 4 | AF46: 3 | AG46: 4 | AH46: 6 | AI46: 3 | AJ46: 3 | AK46: 6 | AL46: 5 | AM46: 4 | AN46: 6 | AO46: 5 | AP46: 4 | AQ46: 5 | AR46: 3 | AS46: 5 | AT46: =SUM(AB46:AS46) | AU46: =AU11 | AV46: =AT46-AU46 | AW46: =MAX(0,25-AV46)*1.0 | AX46: =AA46+AW46
A47: 35 | B47: Tomás Rente | C47: 46311 | D47: Miramar | E47: 5.5 | F47: 5 | G47: 5 | H47: 7 | I47: 5 | J47: 3 | K47: 4 | L47: 5 | M47: 4 | N47: 4 | O47: 6 | P47: 3 | Q47: 4 | R47: 5 | S47: 4 | T47: 6 | U47: 5 | V47: 3 | W47: 4 | X47: =SUM(F47:W47) | Y47: =Y11 | Z47: =X47-Y47 | AA47: =MAX(0,25-Z47)*1.0 | AB47: 4 | AC47: 5 | AD47: 6 | AE47: 5 | AF47: 4 | AG47: 5 | AH47: 6 | AI47: 6 | AJ47: 4 | AK47: 5 | AL47: 3 | AM47: 4 | AN47: 5 | AO47: 4 | AP47: 4 | AQ47: 5 | AR47: 4 | AS47: 5 | AT47: =SUM(AB47:AS47) | AU47: =AU11 | AV47: =AT47-AU47 | AW47: =MAX(0,25-AV47)*1.0 | AX47: =AA47+AW47
A48: 36 | B48: Santiago Dias | C48: 42908 | D48: Oporto | E48: 1.6 | F48: 4 | G48: 5 | H48: 8 | I48: 4 | J48: 3 | K48: 4 | L48: 5 | M48: 4 | N48: 5 | O48: 5 | P48: 3 | Q48: 5 | R48: 5 | S48: 4 | T48: 4 | U48: 5 | V48: 4 | W48: 5 | X48: =SUM(F48:W48) | Y48: =Y11 | Z48: =X48-Y48 | AA48: =MAX(0,25-Z48)*1.0 | AB48: 4 | AC48: 4 | AD48: 5 | AE48: 4 | AF48: 3 | AG48: 6 | AH48: 6 | AI48: 3 | AJ48: 4 | AK48: 5 | AL48: 2 | AM48: 4 | AN48: 5 | AO48: 5 | AP48: 4 | AQ48: 5 | AR48: 4 | AS48: 5 | AT48: =SUM(AB48:AS48) | AU48: =AU11 | AV48: =AT48-AU48 | AW48: =MAX(0,25-AV48)*1.0 | AX48: =AA48+AW48
A49: 37 | B49: Maria Francisca Santos | C49: 46853 | D49: Oporto | E49: 5.3 | F49: 5 | G49: 6 | H49: 6 | I49: 4 | J49: 4 | K49: 4 | L49: 5 | M49: 4 | N49: 4 | O49: 7 | P49: 3 | Q49: 3 | R49: 4 | S49: 4 | T49: 5 | U49: 4 | V49: 4 | W49: 6 | X49: =SUM(F49:W49) | Y49: =Y11 | Z49: =X49-Y49 | AA49: =MAX(0,25-Z49)*1.0 | AB49: 4 | AC49: 5 | AD49: 5 | AE49: 4 | AF49: 4 | AG49: 5 | AH49: 5 | AI49: 4 | AJ49: 6 | AK49: 5 | AL49: 4 | AM49: 4 | AN49: 5 | AO49: 3 | AP49: 4 | AQ49: 5 | AR49: 2 | AS49: 4 | AT49: =SUM(AB49:AS49) | AU49: =AU11 | AV49: =AT49-AU49 | AW49: =MAX(0,25-AV49)*1.0 | AX49: =AA49+AW49
A50: 38 | B50: João Setúbal | C50: 43732 | D50: Quinta do Peru | E50: 0.6 | F50: 4 | G50: 4 | H50: 5 | I50: 4 | J50: 4 | K50: 5 | L50: 9 | M50: 3 | N50: 4 | O50: 6 | P50: 3 | Q50: 3 | R50: 5 | S50: 5 | T50: 4 | U50: 6 | V50: 3 | W50: 5 | X50: =SUM(F50:W50) | Y50: =Y11 | Z50: =X50-Y50 | AA50: =MAX(0,25-Z50)*1.0 | AB50: 5 | AC50: 4 | AD50: 5 | AE50: 4 | AF50: 3 | AG50: 5 | AH50: 5 | AI50: 4 | AJ50: 4 | AK50: 5 | AL50: 5 | AM50: 4 | AN50: 6 | AO50: 6 | AP50: 5 | AQ50: 4 | AR50: 3 | AS50: 4 | AT50: =SUM(AB50:AS50) | AU50: =AU11 | AV50: =AT50-AU50 | AW50: =MAX(0,25-AV50)*1.0 | AX50: =AA50+AW50
A51: 39 | B51: Francisco Nunes (jr) | C51: 46299 | D51: Miramar | E51: 5.9 | F51: 4 | G51: 4 | H51: 7 | I51: 5 | J51: 3 | K51: 5 | L51: 5 | M51: 4 | N51: 4 | O51: 5 | P51: 3 | Q51: 5 | R51: 7 | S51: 4 | T51: 4 | U51: 5 | V51: 3 | W51: 5 | X51: =SUM(F51:W51) | Y51: =Y11 | Z51: =X51-Y51 | AA51: =MAX(0,25-Z51)*1.0 | AB51: 4 | AC51: 4 | AD51: 6 | AE51: 4 | AF51: 3 | AG51: 5 | AH51: 7 | AI51: 3 | AJ51: 5 | AK51: 6 | AL51: 5 | AM51: 4 | AN51: 6 | AO51: 4 | AP51: 4 | AQ51: 6 | AR51: 4 | AS51: 5 | AT51: =SUM(AB51:AS51) | AU51: =AU11 | AV51: =AT51-AU51 | AW51: =MAX(0,25-AV51)*1.0 | AX51: =AA51+AW51
A52: 40 | B52: João Santos | C52: 40645 | D52: PXO Clube | E52: 2.1 | F52: 4 | G52: 5 | H52: 6 | I52: 4 | J52: 5 | K52: 5 | L52: 4 | M52: 3 | N52: 4 | O52: 6 | P52: 3 | Q52: 4 | R52: 7 | S52: 4 | T52: 5 | U52: 5 | V52: 4 | W52: 4 | X52: =SUM(F52:W52) | Y52: =Y11 | Z52: =X52-Y52 | AA52: =MAX(0,25-Z52)*1.0 | AB52: 4 | AC52: 5 | AD52: 5 | AE52: 6 | AF52: 3 | AG52: 5 | AH52: 8 | AI52: 4 | AJ52: 5 | AK52: 5 | AL52: 3 | AM52: 4 | AN52: 4 | AO52: 5 | AP52: 6 | AQ52: 6 | AR52: 6 | AS52: 5 | AT52: =SUM(AB52:AS52) | AU52: =AU11 | AV52: =AT52-AU52 | AW52: =MAX(0,25-AV52)*1.0 | AX52: =AA52+AW52
A53: 41 | B53: Guilherme Grabner Moreira | C53: 42205 | D53: Oporto | E53: 0.5 | F53: 4 | G53: 4 | H53: 5 | I53: 6 | J53: 3 | K53: 4 | L53: 7 | M53: 3 | N53: 4 | O53: 5 | P53: 4 | Q53: 4 | R53: 5 | S53: 5 | T53: 4 | U53: 5 | V53: 4 | W53: 6 | X53: =SUM(F53:W53) | Y53: =Y11 | Z53: =X53-Y53 | AA53: =MAX(0,25-Z53)*1.0 | AB53: 4 | AC53: 4 | AD53: 6 | AE53: 5 | AF53: 4 | AG53: 5 | AH53: 6 | AI53: 4 | AJ53: 5 | AK53: 6 | AL53: 4 | AM53: 6 | AN53: 5 | AO53: 4 | AP53: 4 | AQ53: 5 | AR53: 3 | AS53: 4 | AT53: =SUM(AB53:AS53) | AU53: =AU11 | AV53: =AT53-AU53 | AW53: =MAX(0,25-AV53)*1.0 | AX53: =AA53+AW53
A54: 42 | B54: Sebastiao Sardinha Saraiva | C54: 46195 | D54: Oporto | E54: 5.8 | F54: 5 | G54: 5 | H54: 5 | I54: 4 | J54: 4 | K54: 6 | L54: 6 | M54: 4 | N54: 4 | O54: 6 | P54: 3 | Q54: 4 | R54: 4 | S54: 4 | T54: 5 | U54: 7 | V54: 3 | W54: 4 | X54: =SUM(F54:W54) | Y54: =Y11 | Z54: =X54-Y54 | AA54: =MAX(0,25-Z54)*1.0 | AB54: 5 | AC54: 4 | AD54: 5 | AE54: 5 | AF54: 3 | AG54: 5 | AH54: 6 | AI54: 4 | AJ54: 5 | AK54: 5 | AL54: 4 | AM54: 4 | AN54: 6 | AO54: 4 | AP54: 5 | AQ54: 4 | AR54: 3 | AS54: 5 | AT54: =SUM(AB54:AS54) | AU54: =AU11 | AV54: =AT54-AU54 | AW54: =MAX(0,25-AV54)*1.0 | AX54: =AA54+AW54
A55: 43 | B55: Pedro Costa Alemão | C55: 46706 | D55: Estoril | E55: 4 | F55: 4 | G55: 8 | H55: 5 | I55: 6 | J55: 4 | K55: 4 | L55: 4 | M55: 3 | N55: 4 | O55: 5 | P55: 4 | Q55: 3 | R55: 5 | S55: 4 | T55: 5 | U55: 7 | V55: 4 | W55: 4 | X55: =SUM(F55:W55) | Y55: =Y11 | Z55: =X55-Y55 | AA55: =MAX(0,25-Z55)*1.0 | AB55: 5 | AC55: 5 | AD55: 5 | AE55: 5 | AF55: 3 | AG55: 5 | AH55: 5 | AI55: 4 | AJ55: 4 | AK55: 6 | AL55: 3 | AM55: 4 | AN55: 7 | AO55: 4 | AP55: 4 | AQ55: 5 | AR55: 3 | AS55: 5 | AT55: =SUM(AB55:AS55) | AU55: =AU11 | AV55: =AT55-AU55 | AW55: =MAX(0,25-AV55)*1.0 | AX55: =AA55+AW55
A56: 44 | B56: Martim Sousa de Morais | C56: 41609 | D56: Belas | E56: 4.5 | F56: 4 | G56: 5 | H56: 6 | I56: 4 | J56: 3 | K56: 4 | L56: 6 | M56: 4 | N56: 5 | O56: 7 | P56: 3 | Q56: 4 | R56: 5 | S56: 6 | T56: 5 | U56: 5 | V56: 2 | W56: 5 | X56: =SUM(F56:W56) | Y56: =Y11 | Z56: =X56-Y56 | AA56: =MAX(0,25-Z56)*1.0 | AB56: 4 | AC56: 6 | AD56: 6 | AE56: 5 | AF56: 3 | AG56: 5 | AH56: 5 | AI56: 4 | AJ56: 4 | AK56: 6 | AL56: 3 | AM56: 5 | AN56: 5 | AO56: 4 | AP56: 4 | AQ56: 4 | AR56: 4 | AS56: 5 | AT56: =SUM(AB56:AS56) | AU56: =AU11 | AV56: =AT56-AU56 | AW56: =MAX(0,25-AV56)*1.0 | AX56: =AA56+AW56
A57: 45 | B57: João Rocha | C57: 48297 | D57: Estoril | E57: 3.9 | F57: 4 | G57: 4 | H57: 5 | I57: 4 | J57: 4 | K57: 4 | L57: 5 | M57: 4 | N57: 5 | O57: 5 | P57: 4 | Q57: 4 | R57: 7 | S57: 4 | T57: 4 | U57: 7 | V57: 4 | W57: 5 | X57: =SUM(F57:W57) | Y57: =Y11 | Z57: =X57-Y57 | AA57: =MAX(0,25-Z57)*1.0 | AB57: 4 | AC57: 5 | AD57: 7 | AE57: 4 | AF57: 3 | AG57: 5 | AH57: 5 | AI57: 3 | AJ57: 4 | AK57: 5 | AL57: 3 | AM57: 5 | AN57: 5 | AO57: 4 | AP57: 6 | AQ57: 5 | AR57: 3 | AS57: 4 | AT57: =SUM(AB57:AS57) | AU57: =AU11 | AV57: =AT57-AU57 | AW57: =MAX(0,25-AV57)*1.0 | AX57: =AA57+AW57
A58: 46 | B58: João Costa | C58: 35027 | D58: Quinta do Peru | E58: 5.8 | F58: 5 | G58: 4 | H58: 5 | I58: 4 | J58: 3 | K58: 4 | L58: 6 | M58: 4 | N58: 3 | O58: 6 | P58: 3 | Q58: 5 | R58: 6 | S58: 5 | T58: 6 | U58: 6 | V58: 3 | W58: 5 | X58: =SUM(F58:W58) | Y58: =Y11 | Z58: =X58-Y58 | AA58: =MAX(0,25-Z58)*1.0 | AB58: 3 | AC58: 5 | AD58: 4 | AE58: 5 | AF58: 2 | AG58: 4 | AH58: 6 | AI58: 3 | AJ58: 4 | AK58: 6 | AL58: 4 | AM58: 4 | AN58: 4 | AO58: 4 | AP58: 4 | AQ58: 5 | AR58: 5 | AS58: 5 | AT58: =SUM(AB58:AS58) | AU58: =AU11 | AV58: =AT58-AU58 | AW58: =MAX(0,25-AV58)*1.0 | AX58: =AA58+AW58
A59: 47 | B59: Dinis Silva | C59: 40910 | D59: Oporto | E59: 3.5 | F59: 5 | G59: 4 | H59: 5 | I59: 5 | J59: 4 | K59: 8 | L59: 5 | M59: 3 | N59: 4 | O59: 5 | P59: 4 | Q59: 4 | R59: 5 | S59: 4 | T59: 4 | U59: 8 | V59: 3 | W59: 4 | X59: =SUM(F59:W59) | Y59: =Y11 | Z59: =X59-Y59 | AA59: =MAX(0,25-Z59)*1.0 | AB59: 3 | AC59: 4 | AD59: 7 | AE59: 5 | AF59: 3 | AG59: 7 | AH59: 5 | AI59: 3 | AJ59: 4 | AK59: 6 | AL59: 4 | AM59: 4 | AN59: 5 | AO59: 4 | AP59: 4 | AQ59: 4 | AR59: 3 | AS59: 4 | AT59: =SUM(AB59:AS59) | AU59: =AU11 | AV59: =AT59-AU59 | AW59: =MAX(0,25-AV59)*1.0 | AX59: =AA59+AW59
A60: 48 | B60: Duarte Soares Franco | C60: 48531 | D60: Estoril | E60: 8.8 | F60: 4 | G60: 5 | H60: 6 | I60: 4 | J60: 4 | K60: 5 | L60: 6 | M60: 4 | N60: 4 | O60: 7 | P60: 4 | Q60: 3 | R60: 5 | S60: 5 | T60: 3 | U60: 6 | V60: 4 | W60: 5 | X60: =SUM(F60:W60) | Y60: =Y11 | Z60: =X60-Y60 | AA60: =MAX(0,25-Z60)*1.0 | AB60: 4 | AC60: 4 | AD60: 5 | AE60: 6 | AF60: 3 | AG60: 5 | AH60: 5 | AI60: 3 | AJ60: 5 | AK60: 6 | AL60: 4 | AM60: 5 | AN60: 7 | AO60: 4 | AP60: 4 | AQ60: 4 | AR60: 3 | AS60: 5 | AT60: =SUM(AB60:AS60) | AU60: =AU11 | AV60: =AT60-AU60 | AW60: =MAX(0,25-AV60)*1.0 | AX60: =AA60+AW60
A61: 49 | B61: Finn Gordon | C61: 55269 | D61: Vilamoura, C. G | E61: 6.1 | F61: 5 | G61: 4 | H61: 6 | I61: 3 | J61: 4 | K61: 5 | L61: 7 | M61: 4 | N61: 3 | O61: 6 | P61: 3 | Q61: 5 | R61: 5 | S61: 4 | T61: 5 | U61: 5 | V61: 4 | W61: 6 | X61: =SUM(F61:W61) | Y61: =Y11 | Z61: =X61-Y61 | AA61: =MAX(0,25-Z61)*1.0 | AB61: 4 | AC61: 5 | AD61: 5 | AE61: 6 | AF61: 3 | AG61: 4 | AH61: 6 | AI61: 3 | AJ61: 5 | AK61: 8 | AL61: 3 | AM61: 4 | AN61: 7 | AO61: 5 | AP61: 5 | AQ61: 4 | AR61: 3 | AS61: 5 | AT61: =SUM(AB61:AS61) | AU61: =AU11 | AV61: =AT61-AU61 | AW61: =MAX(0,25-AV61)*1.0 | AX61: =AA61+AW61
A62: 50 | B62: Diogo Sequeira | C62: 56654 | D62: Quinta do Peru | E62: 4.9 | F62: 4 | G62: 5 | H62: 5 | I62: 4 | J62: 3 | K62: 5 | L62: 5 | M62: 3 | N62: 4 | O62: 6 | P62: 4 | Q62: 4 | R62: 5 | S62: 5 | T62: 5 | U62: 6 | V62: 5 | W62: 6 | X62: =SUM(F62:W62) | Y62: =Y11 | Z62: =X62-Y62 | AA62: =MAX(0,25-Z62)*1.0 | AB62: 4 | AC62: 4 | AD62: 6 | AE62: 4 | AF62: 4 | AG62: 5 | AH62: 5 | AI62: 3 | AJ62: 5 | AK62: 6 | AL62: 4 | AM62: 4 | AN62: 5 | AO62: 4 | AP62: 4 | AQ62: 8 | AR62: 5 | AS62: 5 | AT62: =SUM(AB62:AS62) | AU62: =AU11 | AV62: =AT62-AU62 | AW62: =MAX(0,25-AV62)*1.0 | AX62: =AA62+AW62
A63: 51 | B63: Diogo Salgueiro | C63: 39524 | D63: Belas | E63: 2.5 | F63: 6 | G63: 4 | H63: 5 | I63: 5 | J63: 4 | K63: 6 | L63: 7 | M63: 3 | N63: 4 | O63: 5 | P63: 3 | Q63: 5 | R63: 5 | S63: 5 | T63: 5 | U63: 5 | V63: 4 | W63: 4 | X63: =SUM(F63:W63) | Y63: =Y11 | Z63: =X63-Y63 | AA63: =MAX(0,25-Z63)*1.0 | AB63: 6 | AC63: 5 | AD63: 5 | AE63: 4 | AF63: 4 | AG63: 4 | AH63: 5 | AI63: 3 | AJ63: 4 | AK63: 5 | AL63: 4 | AM63: 4 | AN63: 6 | AO63: 3 | AP63: 4 | AQ63: 5 | AR63: 4 | AS63: 5 | AT63: =SUM(AB63:AS63) | AU63: =AU11 | AV63: =AT63-AU63 | AW63: =MAX(0,25-AV63)*1.0 | AX63: =AA63+AW63
A64: 52 | B64: Clementy Tarasov | C64: 50919 | D64: Vila Sol | E64: 8.2 | F64: 5 | G64: 4 | H64: 7 | I64: 5 | J64: 4 | K64: 5 | L64: 6 | M64: 4 | N64: 4 | O64: 6 | P64: 3 | Q64: 4 | R64: 6 | S64: 5 | T64: 4 | U64: 6 | V64: 2 | W64: 5 | X64: =SUM(F64:W64) | Y64: =Y11 | Z64: =X64-Y64 | AA64: =MAX(0,25-Z64)*1.0 | AB64: 6 | AC64: 4 | AD64: 6 | AE64: 5 | AF64: 4 | AG64: 4 | AH64: 6 | AI64: 3 | AJ64: 5 | AK64: 4 | AL64: 4 | AM64: 5 | AN64: 5 | AO64: 4 | AP64: 5 | AQ64: 6 | AR64: 4 | AS64: 4 | AT64: =SUM(AB64:AS64) | AU64: =AU11 | AV64: =AT64-AU64 | AW64: =MAX(0,25-AV64)*1.0 | AX64: =AA64+AW64
A65: 53 | B65: Francisco Costa Mendes | C65: 40318 | D65: Citynorte | E65: 5.7 | F65: 5 | G65: 6 | H65: 5 | I65: 4 | J65: 4 | K65: 5 | L65: 6 | M65: 3 | N65: 4 | O65: 6 | P65: 3 | Q65: 5 | R65: 6 | S65: 4 | T65: 6 | U65: 6 | V65: 3 | W65: 4 | X65: =SUM(F65:W65) | Y65: =Y11 | Z65: =X65-Y65 | AA65: =MAX(0,25-Z65)*1.0 | AB65: 4 | AC65: 5 | AD65: 6 | AE65: 4 | AF65: 4 | AG65: 5 | AH65: 8 | AI65: 3 | AJ65: 4 | AK65: 6 | AL65: 3 | AM65: 3 | AN65: 7 | AO65: 5 | AP65: 5 | AQ65: 5 | AR65: 3 | AS65: 5 | AT65: =SUM(AB65:AS65) | AU65: =AU11 | AV65: =AT65-AU65 | AW65: =MAX(0,25-AV65)*1.0 | AX65: =AA65+AW65
A66: 54 | B66: Maria Cunha | C66: 46482 | D66: Palheiro | E66: 4.9 | F66: 6 | G66: 5 | H66: 8 | I66: 3 | J66: 3 | K66: 5 | L66: 5 | M66: 2 | N66: 4 | O66: 6 | P66: 4 | Q66: 6 | R66: 6 | S66: 4 | T66: 5 | U66: 6 | V66: 3 | W66: 4 | X66: =SUM(F66:W66) | Y66: =Y11 | Z66: =X66-Y66 | AA66: =MAX(0,25-Z66)*1.0 | AB66: 6 | AC66: 6 | AD66: 6 | AE66: 5 | AF66: 3 | AG66: 7 | AH66: 5 | AI66: 3 | AJ66: 5 | AK66: 5 | AL66: 3 | AM66: 7 | AN66: 4 | AO66: 4 | AP66: 5 | AQ66: 6 | AR66: 3 | AS66: 4 | AT66: =SUM(AB66:AS66) | AU66: =AU11 | AV66: =AT66-AU66 | AW66: =MAX(0,25-AV66)*1.0 | AX66: =AA66+AW66
A67: 55 | B67: Salvador Rodrigues | C67: 39465 | D67: Palheiro | E67: 6.2 | F67: 6 | G67: 5 | H67: 5 | I67: 4 | J67: 4 | K67: 4 | L67: 5 | M67: 4 | N67: 4 | O67: 7 | P67: 3 | Q67: 5 | R67: 5 | S67: 5 | T67: 5 | U67: 6 | V67: 4 | W67: 4 | X67: =SUM(F67:W67) | Y67: =Y11 | Z67: =X67-Y67 | AA67: =MAX(0,25-Z67)*1.0 | AB67: 5 | AC67: 5 | AD67: 5 | AE67: 4 | AF67: 4 | AG67: 5 | AH67: 5 | AI67: 5 | AJ67: 5 | AK67: 6 | AL67: 5 | AM67: 6 | AN67: 5 | AO67: 5 | AP67: 6 | AQ67: 5 | AR67: 3 | AS67: 6 | AT67: =SUM(AB67:AS67) | AU67: =AU11 | AV67: =AT67-AU67 | AW67: =MAX(0,25-AV67)*1.0 | AX67: =AA67+AW67
A68: 56 | B68: Teresa Ferreira | C68: 46589 | D68: Oporto | E68: 6.8 | F68: 4 | G68: 4 | H68: 6 | I68: 5 | J68: 4 | K68: 5 | L68: 5 | M68: 3 | N68: 4 | O68: 7 | P68: 4 | Q68: 6 | R68: 6 | S68: 4 | T68: 5 | U68: 5 | V68: 4 | W68: 4 | X68: =SUM(F68:W68) | Y68: =Y11 | Z68: =X68-Y68 | AA68: =MAX(0,25-Z68)*1.0 | AB68: 5 | AC68: 5 | AD68: 7 | AE68: 5 | AF68: 3 | AG68: 5 | AH68: 5 | AI68: 4 | AJ68: 4 | AK68: 5 | AL68: 4 | AM68: 5 | AN68: 5 | AO68: 4 | AP68: 5 | AQ68: 6 | AR68: 4 | AS68: 5 | AT68: =SUM(AB68:AS68) | AU68: =AU11 | AV68: =AT68-AU68 | AW68: =MAX(0,25-AV68)*1.0 | AX68: =AA68+AW68
A69: 57 | B69: Ashton Everest | C69: 47869 | D69: Vilamoura, C. G | E69: 4.6 | F69: 5 | G69: 6 | H69: 6 | I69: 4 | J69: 4 | K69: 6 | L69: 6 | M69: 4 | N69: 4 | O69: 5 | P69: 3 | Q69: 4 | R69: 6 | S69: 5 | T69: 4 | U69: 6 | V69: 4 | W69: 4 | X69: =SUM(F69:W69) | Y69: =Y11 | Z69: =X69-Y69 | AA69: =MAX(0,25-Z69)*1.0 | AB69: 4 | AC69: 5 | AD69: 5 | AE69: 3 | AF69: 3 | AG69: 5 | AH69: 5 | AI69: 3 | AJ69: 4 | AK69: 7 | AL69: 3 | AM69: 4 | AN69: 7 | AO69: 4 | AP69: 4 | AQ69: 5 | AR69: 4 | AS69: 5 | AT69: =SUM(AB69:AS69) | AU69: =AU11 | AV69: =AT69-AU69 | AW69: =MAX(0,25-AV69)*1.0 | AX69: =AA69+AW69
A70: 58 | B70: Margarida Rico | C70: 38633 | D70: Verdegolf | E70: 5.1 | F70: 6 | G70: 5 | H70: 6 | I70: 4 | J70: 4 | K70: 5 | L70: 5 | M70: 4 | N70: 4 | O70: 6 | P70: 2 | Q70: 6 | R70: 6 | S70: 5 | T70: 4 | U70: 6 | V70: 3 | W70: 5 | X70: =SUM(F70:W70) | Y70: =Y11 | Z70: =X70-Y70 | AA70: =MAX(0,25-Z70)*1.0 | AB70: 4 | AC70: 5 | AD70: 5 | AE70: 4 | AF70: 4 | AG70: 5 | AH70: 4 | AI70: 3 | AJ70: 5 | AK70: 6 | AL70: 4 | AM70: 5 | AN70: 7 | AO70: 4 | AP70: 4 | AQ70: 5 | AR70: 3 | AS70: 5 | AT70: =SUM(AB70:AS70) | AU70: =AU11 | AV70: =AT70-AU70 | AW70: =MAX(0,25-AV70)*1.0 | AX70: =AA70+AW70
A71: 59 | B71: Jorge Xavier Graça Silva | C71: 48705 | D71: Oporto | E71: 7.2 | F71: 3 | G71: 4 | H71: 7 | I71: 5 | J71: 4 | K71: 7 | L71: 5 | M71: 3 | N71: 4 | O71: 6 | P71: 4 | Q71: 4 | R71: 6 | S71: 4 | T71: 6 | U71: 6 | V71: 3 | W71: 5 | X71: =SUM(F71:W71) | Y71: =Y11 | Z71: =X71-Y71 | AA71: =MAX(0,25-Z71)*1.0 | AB71: 6 | AC71: 5 | AD71: 6 | AE71: 5 | AF71: 3 | AG71: 5 | AH71: 6 | AI71: 3 | AJ71: 5 | AK71: 5 | AL71: 6 | AM71: 4 | AN71: 7 | AO71: 4 | AP71: 4 | AQ71: 6 | AR71: 4 | AS71: 4 | AT71: =SUM(AB71:AS71) | AU71: =AU11 | AV71: =AT71-AU71 | AW71: =MAX(0,25-AV71)*1.0 | AX71: =AA71+AW71
A72: 60 | B72: Margarida Silva Pinto | C72: 46310 | D72: Miramar | E72: 5.6 | F72: 4 | G72: 5 | H72: 8 | I72: 4 | J72: 3 | K72: 5 | L72: 6 | M72: 3 | N72: 4 | O72: 7 | P72: 4 | Q72: 3 | R72: 5 | S72: 5 | T72: 4 | U72: 6 | V72: 4 | W72: 6 | X72: =SUM(F72:W72) | Y72: =Y11 | Z72: =X72-Y72 | AA72: =MAX(0,25-Z72)*1.0 | AB72: 4 | AC72: 4 | AD72: 4 | AE72: 5 | AF72: 3 | AG72: 4 | AH72: 6 | AI72: 3 | AJ72: 4 | AK72: 6 | AL72: 2 | AM72: 3 | AN72: 5 | AO72: 5 | AP72: 4 | AQ72: 4 | AR72: 4 | AS72: 5 | AT72: =SUM(AB72:AS72) | AU72: =AU11 | AV72: =AT72-AU72 | AW72: =MAX(0,25-AV72)*1.0 | AX72: =AA72+AW72
A73: 61 | B73: Madalena Alexandra Van Zeller | C73: 47078 | D73: Ilha Terceira | E73: 7.5 | F73: 6 | G73: 6 | H73: 6 | I73: 4 | J73: 4 | K73: 3 | L73: 5 | M73: 3 | N73: 4 | O73: 5 | P73: 3 | Q73: 4 | R73: 5 | S73: 5 | T73: 6 | U73: 8 | V73: 4 | W73: 5 | X73: =SUM(F73:W73) | Y73: =Y11 | Z73: =X73-Y73 | AA73: =MAX(0,25-Z73)*1.0 | AB73: 5 | AC73: 5 | AD73: 8 | AE73: 5 | AF73: 3 | AG73: 5 | AH73: 5 | AI73: 4 | AJ73: 5 | AK73: 6 | AL73: 4 | AM73: 6 | AN73: 6 | AO73: 4 | AP73: 5 | AQ73: 6 | AR73: 4 | AS73: 6 | AT73: =SUM(AB73:AS73) | AU73: =AU11 | AV73: =AT73-AU73 | AW73: =MAX(0,25-AV73)*1.0 | AX73: =AA73+AW73
A74: 62 | B74: Ion Orbu | C74: 51352 | D74: Amendoeira | E74: 7.8 | F74: 4 | G74: 7 | H74: 7 | I74: 6 | J74: 4 | K74: 4 | L74: 6 | M74: 5 | N74: 6 | O74: 5 | P74: 3 | Q74: 4 | R74: 6 | S74: 4 | T74: 4 | U74: 5 | V74: 3 | W74: 4 | X74: =SUM(F74:W74) | Y74: =Y11 | Z74: =X74-Y74 | AA74: =MAX(0,25-Z74)*1.0 | AW74: 0 | AX74: =AA74+AW74
A75: 63 | B75: André Gonçalves | C75: 41121 | D75: Palheiro | E75: 6.5 | F75: 4 | G75: 6 | H75: 7 | I75: 6 | J75: 8 | K75: 3 | L75: 6 | M75: 3 | N75: 4 | O75: 5 | P75: 3 | Q75: 4 | R75: 5 | S75: 3 | T75: 5 | U75: 6 | V75: 5 | W75: 4 | X75: =SUM(F75:W75) | Y75: =Y11 | Z75: =X75-Y75 | AA75: =MAX(0,25-Z75)*1.0 | AB75: 5 | AC75: 6 | AD75: 5 | AE75: 6 | AF75: 5 | AG75: 4 | AH75: 5 | AI75: 4 | AJ75: 3 | AK75: 6 | AL75: 5 | AM75: 4 | AN75: 5 | AO75: 3 | AP75: 3 | AQ75: 6 | AR75: 4 | AS75: 5 | AT75: =SUM(AB75:AS75) | AU75: =AU11 | AV75: =AT75-AU75 | AW75: =MAX(0,25-AV75)*1.0 | AX75: =AA75+AW75
A76: 64 | B76: Tomás Trigo Pereira | C76: 38722 | D76: Aroeira | E76: 7.7 | F76: 6 | G76: 5 | H76: 6 | I76: 5 | J76: 4 | K76: 5 | L76: 6 | M76: 5 | N76: 5 | O76: 5 | P76: 3 | Q76: 3 | R76: 6 | S76: 4 | T76: 4 | U76: 6 | V76: 4 | W76: 5 | X76: =SUM(F76:W76) | Y76: =Y11 | Z76: =X76-Y76 | AA76: =MAX(0,25-Z76)*1.0 | AB76: 5 | AC76: 4 | AD76: 5 | AE76: 3 | AF76: 4 | AG76: 5 | AH76: 5 | AI76: 4 | AJ76: 5 | AK76: 6 | AL76: 4 | AM76: 4 | AN76: 7 | AO76: 4 | AP76: 5 | AQ76: 6 | AR76: 5 | AS76: 5 | AT76: =SUM(AB76:AS76) | AU76: =AU11 | AV76: =AT76-AU76 | AW76: =MAX(0,25-AV76)*1.0 | AX76: =AA76+AW76
A77: 65 | B77: Salvador Ivo de Carvalho | C77: 43968 | D77: Vilamoura, C. G | E77: 8.1 | F77: 5 | G77: 4 | H77: 6 | I77: 5 | J77: 4 | K77: 5 | L77: 6 | M77: 3 | N77: 4 | O77: 6 | P77: 3 | Q77: 4 | R77: 6 | S77: 5 | T77: 5 | U77: 7 | V77: 4 | W77: 6 | X77: =SUM(F77:W77) | Y77: =Y11 | Z77: =X77-Y77 | AA77: =MAX(0,25-Z77)*1.0 | AB77: 5 | AC77: 5 | AD77: 5 | AE77: 6 | AF77: 4 | AG77: 4 | AH77: 6 | AI77: 3 | AJ77: 5 | AK77: 6 | AL77: 2 | AM77: 5 | AN77: 6 | AO77: 4 | AP77: 4 | AQ77: 5 | AR77: 4 | AS77: 5 | AT77: =SUM(AB77:AS77) | AU77: =AU11 | AV77: =AT77-AU77 | AW77: =MAX(0,25-AV77)*1.0 | AX77: =AA77+AW77
A78: 66 | B78: William Gao | C78: 51524 | D78: Quinta do Peru | E78: 8.7 | F78: 6 | G78: 5 | H78: 5 | I78: 5 | J78: 3 | K78: 4 | L78: 5 | M78: 3 | N78: 4 | O78: 6 | P78: 4 | Q78: 4 | R78: 7 | S78: 5 | T78: 6 | U78: 7 | V78: 3 | W78: 6 | X78: =SUM(F78:W78) | Y78: =Y11 | Z78: =X78-Y78 | AA78: =MAX(0,25-Z78)*1.0 | AB78: 5 | AC78: 5 | AD78: 5 | AE78: 5 | AF78: 3 | AG78: 6 | AH78: 7 | AI78: 3 | AJ78: 4 | AK78: 6 | AL78: 6 | AM78: 4 | AN78: 9 | AO78: 7 | AP78: 5 | AQ78: 6 | AR78: 4 | AS78: 6 | AT78: =SUM(AB78:AS78) | AU78: =AU11 | AV78: =AT78-AU78 | AW78: =MAX(0,25-AV78)*1.0 | AX78: =AA78+AW78
A79: 67 | B79: José Pedro Miranda | C79: 38976 | D79: Palheiro | E79: 6.8 | F79: 4 | G79: 4 | H79: 7 | I79: 6 | J79: 6 | K79: 8 | L79: 5 | M79: 4 | N79: 4 | O79: 5 | P79: 4 | Q79: 4 | R79: 6 | S79: 4 | T79: 5 | U79: 5 | V79: 4 | W79: 4 | X79: =SUM(F79:W79) | Y79: =Y11 | Z79: =X79-Y79 | AA79: =MAX(0,25-Z79)*1.0 | AB79: 5 | AC79: 5 | AD79: 7 | AE79: 4 | AF79: 4 | AG79: 5 | AH79: 7 | AI79: 3 | AJ79: 5 | AK79: 7 | AL79: 5 | AM79: 5 | AN79: 8 | AO79: 3 | AP79: 5 | AQ79: 6 | AR79: 4 | AS79: 4 | AT79: =SUM(AB79:AS79) | AU79: =AU11 | AV79: =AT79-AU79 | AW79: =MAX(0,25-AV79)*1.0 | AX79: =AA79+AW79
A80: 68 | B80: Maria Loureiro | C80: 46489 | D80: Oporto | E80: 6.7 | F80: 6 | G80: 5 | H80: 7 | I80: 4 | J80: 4 | K80: 4 | L80: 5 | M80: 4 | N80: 5 | O80: 6 | P80: 4 | Q80: 5 | R80: 6 | S80: 5 | T80: 4 | U80: 4 | V80: 5 | W80: 6 | X80: =SUM(F80:W80) | Y80: =Y11 | Z80: =X80-Y80 | AA80: =MAX(0,25-Z80)*1.0 | AB80: 4 | AC80: 5 | AD80: 6 | AE80: 6 | AF80: 3 | AG80: 5 | AH80: 6 | AI80: 2 | AJ80: 5 | AK80: 6 | AL80: 3 | AM80: 4 | AN80: 5 | AO80: 3 | AP80: 4 | AQ80: 5 | AR80: 3 | AS80: 4 | AT80: =SUM(AB80:AS80) | AU80: =AU11 | AV80: =AT80-AU80 | AW80: =MAX(0,25-AV80)*1.0 | AX80: =AA80+AW80
A81: 69 | B81: Gonçalo Maia | C81: 46395 | D81: Oporto | E81: 9.8 | F81: 4 | G81: 6 | H81: 5 | I81: 5 | J81: 3 | K81: 5 | L81: 6 | M81: 4 | N81: 4 | O81: 8 | P81: 3 | Q81: 6 | R81: 5 | S81: 4 | T81: 6 | U81: 5 | V81: 5 | W81: 5 | X81: =SUM(F81:W81) | Y81: =Y11 | Z81: =X81-Y81 | AA81: =MAX(0,25-Z81)*1.0 | AB81: 5 | AC81: 5 | AD81: 6 | AE81: 6 | AF81: 3 | AG81: 5 | AH81: 6 | AI81: 3 | AJ81: 4 | AK81: 6 | AL81: 3 | AM81: 4 | AN81: 6 | AO81: 5 | AP81: 4 | AQ81: 4 | AR81: 3 | AS81: 5 | AT81: =SUM(AB81:AS81) | AU81: =AU11 | AV81: =AT81-AU81 | AW81: =MAX(0,25-AV81)*1.0 | AX81: =AA81+AW81
A82: 70 | B82: Ethan Sutherland | C82: 48933 | D82: Vila Sol | E82: 4 | F82: 6 | G82: 7 | H82: 6 | I82: 3 | J82: 4 | K82: 4 | L82: 5 | M82: 3 | N82: 4 | O82: 5 | P82: 4 | Q82: 5 | R82: 4 | S82: 6 | T82: 6 | U82: 8 | V82: 5 | W82: 4 | X82: =SUM(F82:W82) | Y82: =Y11 | Z82: =X82-Y82 | AA82: =MAX(0,25-Z82)*1.0 | AB82: 6 | AC82: 4 | AD82: 6 | AE82: 6 | AF82: 3 | AG82: 5 | AH82: 5 | AI82: 2 | AJ82: 4 | AK82: 9 | AL82: 4 | AM82: 6 | AN82: 5 | AO82: 4 | AP82: 5 | AQ82: 7 | AR82: 3 | AS82: 5 | AT82: =SUM(AB82:AS82) | AU82: =AU11 | AV82: =AT82-AU82 | AW82: =MAX(0,25-AV82)*1.0 | AX82: =AA82+AW82
A83: 71 | B83: Madalena Figueiredo | C83: 52011 | D83: Belas | E83: 9.3 | F83: 5 | G83: 5 | H83: 6 | I83: 4 | J83: 3 | K83: 5 | L83: 8 | M83: 3 | N83: 5 | O83: 6 | P83: 3 | Q83: 5 | R83: 7 | S83: 4 | T83: 4 | U83: 7 | V83: 5 | W83: 5 | X83: =SUM(F83:W83) | Y83: =Y11 | Z83: =X83-Y83 | AA83: =MAX(0,25-Z83)*1.0 | AB83: 4 | AC83: 5 | AD83: 6 | AE83: 4 | AF83: 3 | AG83: 4 | AH83: 6 | AI83: 3 | AJ83: 4 | AK83: 6 | AL83: 5 | AM83: 4 | AN83: 5 | AO83: 5 | AP83: 5 | AQ83: 6 | AR83: 3 | AS83: 5 | AT83: =SUM(AB83:AS83) | AU83: =AU11 | AV83: =AT83-AU83 | AW83: =MAX(0,25-AV83)*1.0 | AX83: =AA83+AW83
A84: 72 | B84: Diogo Marques Lopes | C84: 35874 | D84: Citynorte | E84: 5.3 | F84: 4 | G84: 4 | H84: 8 | I84: 7 | J84: 3 | K84: 4 | L84: 6 | M84: 4 | N84: 4 | O84: 5 | P84: 5 | Q84: 5 | R84: 8 | S84: 5 | T84: 4 | U84: 6 | V84: 5 | W84: 4 | X84: =SUM(F84:W84) | Y84: =Y11 | Z84: =X84-Y84 | AA84: =MAX(0,25-Z84)*1.0 | AB84: 6 | AC84: 5 | AD84: 8 | AE84: 5 | AF84: 4 | AG84: 5 | AH84: 5 | AI84: 4 | AJ84: 4 | AK84: 5 | AL84: 4 | AM84: 4 | AN84: 6 | AO84: 4 | AP84: 5 | AQ84: 6 | AR84: 3 | AS84: 5 | AT84: =SUM(AB84:AS84) | AU84: =AU11 | AV84: =AT84-AU84 | AW84: =MAX(0,25-AV84)*1.0 | AX84: =AA84+AW84
A85: 73 | B85: Francisco Saraiva | C85: 39097 | D85: Oporto | E85: 7.6 | F85: 4 | G85: 5 | H85: 7 | I85: 6 | J85: 3 | K85: 6 | L85: 6 | M85: 4 | N85: 5 | O85: 6 | P85: 4 | Q85: 4 | R85: 6 | S85: 5 | T85: 5 | U85: 7 | V85: 4 | W85: 5 | X85: =SUM(F85:W85) | Y85: =Y11 | Z85: =X85-Y85 | AA85: =MAX(0,25-Z85)*1.0 | AB85: 5 | AC85: 5 | AD85: 5 | AE85: 5 | AF85: 3 | AG85: 6 | AH85: 5 | AI85: 5 | AJ85: 5 | AK85: 6 | AL85: 3 | AM85: 5 | AN85: 5 | AO85: 5 | AP85: 5 | AQ85: 6 | AR85: 3 | AS85: 5 | AT85: =SUM(AB85:AS85) | AU85: =AU11 | AV85: =AT85-AU85 | AW85: =MAX(0,25-AV85)*1.0 | AX85: =AA85+AW85
A86: 74 | B86: Tiago Abrantes | C86: 38315 | D86: Vilamoura, C. G | E86: 4.4 | F86: 4 | G86: 4 | H86: 7 | I86: 10 | J86: 5 | K86: 6 | L86: 8 | M86: 4 | N86: 5 | O86: 4 | P86: 3 | Q86: 3 | R86: 8 | S86: 4 | T86: 4 | U86: 6 | V86: 4 | W86: 4 | X86: =SUM(F86:W86) | Y86: =Y11 | Z86: =X86-Y86 | AA86: =MAX(0,25-Z86)*1.0 | AB86: 4 | AC86: 4 | AD86: 7 | AE86: 6 | AF86: 4 | AG86: 5 | AH86: 6 | AI86: 3 | AJ86: 5 | AK86: 7 | AL86: 4 | AM86: 4 | AN86: 5 | AO86: 3 | AP86: 5 | AQ86: 5 | AR86: 4 | AS86: 5 | AT86: =SUM(AB86:AS86) | AU86: =AU11 | AV86: =AT86-AU86 | AW86: =MAX(0,25-AV86)*1.0 | AX86: =AA86+AW86
A87: 75 | B87: Clara Trindade | C87: 45812 | D87: Belas | E87: 7.4 | F87: 5 | G87: 5 | H87: 8 | I87: 5 | J87: 5 | K87: 4 | L87: 5 | M87: 5 | N87: 5 | O87: 6 | P87: 3 | Q87: 4 | R87: 7 | S87: 5 | T87: 6 | U87: 5 | V87: 5 | W87: 5 | X87: =SUM(F87:W87) | Y87: =Y11 | Z87: =X87-Y87 | AA87: =MAX(0,25-Z87)*1.0 | AB87: 4 | AC87: 7 | AD87: 6 | AE87: 5 | AF87: 3 | AG87: 4 | AH87: 6 | AI87: 5 | AJ87: 5 | AK87: 6 | AL87: 4 | AM87: 5 | AN87: 5 | AO87: 4 | AP87: 4 | AQ87: 4 | AR87: 3 | AS87: 5 | AT87: =SUM(AB87:AS87) | AU87: =AU11 | AV87: =AT87-AU87 | AW87: =MAX(0,25-AV87)*1.0 | AX87: =AA87+AW87
A88: 76 | B88: Sabrina Ribeiro Crisóstomo | C88: 48971 | D88: Vilamoura, C. G | E88: 8 | F88: 5 | G88: 5 | H88: 6 | I88: 7 | J88: 4 | K88: 6 | L88: 6 | M88: 3 | N88: 5 | O88: 6 | P88: 4 | Q88: 5 | R88: 7 | S88: 6 | T88: 5 | U88: 6 | V88: 4 | W88: 6 | X88: =SUM(F88:W88) | Y88: =Y11 | Z88: =X88-Y88 | AA88: =MAX(0,25-Z88)*1.0 | AB88: 5 | AC88: 6 | AD88: 5 | AE88: 5 | AF88: 3 | AG88: 6 | AH88: 8 | AI88: 3 | AJ88: 6 | AK88: 7 | AL88: 5 | AM88: 4 | AN88: 6 | AO88: 5 | AP88: 6 | AQ88: 6 | AR88: 4 | AS88: 5 | AT88: =SUM(AB88:AS88) | AU88: =AU11 | AV88: =AT88-AU88 | AW88: =MAX(0,25-AV88)*1.0 | AX88: =AA88+AW88
A89: NS | B89: Jack Murtagh | D89: Vilamoura, C. G | E89: 8.9 | AA89: 0 | AW89: 0 | AX89: =AA89+AW89
A90: RET | B90: João Balixa | C90: 46038 | D90: Miramar | E90: 9.9 | AA90: 0 | AW90: 0 | AX90: =AA90+AW90
A91: RET | B91: Fernando Serpa | C91: 13870 | D91: Beloura - ACGB | E91: 7.7 | AA91: 0 | AW91: 0 | AX91: =AA91+AW91

Sheet dt2_sul_vilasol
A1: 2º Drive Tour Sul — Vila Sol
A2: Data: | B2: 2026-02-01
A3: Campo: | B3: Vila Sol
A4: ccode/tcode: | B4: 988/10293
A5: Link FPG: | B5: https://scoring.datagolf.pt/pt/Classifications.aspx?ccode=988&tcode=10293
A6: Multiplicador: | B6: 1
A7: Tipo: | B7: DT
A10: Pos | B10: Nome | C10: FedCode | D10: Clube | E10: HCP | F10: R1 h1 | G10: h2 | H10: h3 | I10: h4 | J10: h5 | K10: h6 | L10: h7 | M10: h8 | N10: h9 | O10: h10 | P10: h11 | Q10: h12 | R10: h13 | S10: h14 | T10: h15 | U10: h16 | V10: h17 | W10: h18 | X10: R1 Gross | Y10: R1 Par | Z10: R1 ToPar | AA10: R1 Pts | AB10: Total Pts
A11: —Par— | F11: 4 | G11: 4 | H11: 4 | I11: 3 | J11: 4 | K11: 5 | L11: 3 | M11: 5 | N11: 4 | O11: 4 | P11: 5 | Q11: 4 | R11: 3 | S11: 5 | T11: 3 | U11: 4 | V11: 4 | W11: 4 | Y11: =SUM(F11:W11)
A12: —SI— | F12: 3 | G12: 7 | H12: 1 | I12: 15 | J12: 11 | K12: 9 | L12: 13 | M12: 5 | N12: 17 | O12: 10 | P12: 16 | Q12: 6 | R12: 18 | S12: 2 | T12: 14 | U12: 8 | V12: 12 | W12: 4
A13: 1 | B13: Joe Short | C13: 51804 | D13: Vila Sol | E13: 6.3 | F13: 4 | G13: 5 | H13: 5 | I13: 2 | J13: 4 | K13: 5 | L13: 3 | M13: 5 | N13: 4 | O13: 4 | P13: 5 | Q13: 5 | R13: 4 | S13: 4 | T13: 4 | U13: 6 | V13: 5 | W13: 5 | X13: =SUM(F13:W13) | Y13: =Y11 | Z13: =X13-Y13 | AA13: =MAX(0,25-Z13)*1.0 | AB13: =AA13
A14: 2 | B14: Ethan Prybys Orton | C14: 42374 | D14: Vila Sol | E14: 3.5 | F14: 5 | G14: 5 | H14: 4 | I14: 4 | J14: 4 | K14: 5 | L14: 5 | M14: 7 | N14: 3 | O14: 4 | P14: 5 | Q14: 4 | R14: 4 | S14: 5 | T14: 3 | U14: 5 | V14: 4 | W14: 4 | X14: =SUM(F14:W14) | Y14: =Y11 | Z14: =X14-Y14 | AA14: =MAX(0,25-Z14)*1.0 | AB14: =AA14
A15: 3 | B15: Finn Gordon | C15: 55269 | D15: Vilamoura, C. G | E15: 6.1 | F15: 4 | G15: 5 | H15: 5 | I15: 3 | J15: 3 | K15: 6 | L15: 4 | M15: 6 | N15: 4 | O15: 7 | P15: 6 | Q15: 3 | R15: 5 | S15: 4 | T15: 3 | U15: 4 | V15: 4 | W15: 5 | X15: =SUM(F15:W15) | Y15: =Y11 | Z15: =X15-Y15 | AA15: =MAX(0,25-Z15)*1.0 | AB15: =AA15
A16: 4 | B16: Matteo Balzer | C16: 44406 | D16: Amendoeira | E16: 3.5 | F16: 7 | G16: 7 | H16: 4 | I16: 4 | J16: 4 | K16: 5 | L16: 3 | M16: 5 | N16: 4 | O16: 4 | P16: 5 | Q16: 5 | R16: 3 | S16: 5 | T16: 3 | U16: 4 | V16: 6 | W16: 4 | X16: =SUM(F16:W16) | Y16: =Y11 | Z16: =X16-Y16 | AA16: =MAX(0,25-Z16)*1.0 | AB16: =AA16
A17: 5 | B17: Martim Pinto Johansen | C17: 40115 | D17: Vilamoura, C. G | E17: -0.5 | F17: 4 | G17: 6 | H17: 4 | I17: 3 | J17: 4 | K17: 5 | L17: 3 | M17: 5 | N17: 4 | O17: 4 | P17: 4 | Q17: 4 | R17: 4 | S17: 5 | T17: 3 | U17: 9 | V17: 7 | W17: 4 | X17: =SUM(F17:W17) | Y17: =Y11 | Z17: =X17-Y17 | AA17: =MAX(0,25-Z17)*1.0 | AB17: =AA17
A18: 6 | B18: Beau Delfortrie | C18: 50247 | D18: Vila Sol | E18: 10.1 | F18: 5 | G18: 8 | H18: 5 | I18: 4 | J18: 4 | K18: 5 | L18: 4 | M18: 5 | N18: 4 | O18: 5 | P18: 5 | Q18: 4 | R18: 3 | S18: 5 | T18: 4 | U18: 5 | V18: 4 | W18: 4 | X18: =SUM(F18:W18) | Y18: =Y11 | Z18: =X18-Y18 | AA18: =MAX(0,25-Z18)*1.0 | AB18: =AA18
A19: 7 | B19: Ashton Everest | C19: 47869 | D19: Vilamoura, C. G | E19: 4.6 | F19: 4 | G19: 7 | H19: 5 | I19: 4 | J19: 4 | K19: 5 | L19: 3 | M19: 6 | N19: 4 | O19: 3 | P19: 5 | Q19: 5 | R19: 4 | S19: 6 | T19: 4 | U19: 5 | V19: 4 | W19: 6 | X19: =SUM(F19:W19) | Y19: =Y11 | Z19: =X19-Y19 | AA19: =MAX(0,25-Z19)*1.0 | AB19: =AA19
A20: 8 | B20: Ethan Sutherland | C20: 48933 | D20: Vila Sol | E20: 4.1 | F20: 5 | G20: 6 | H20: 5 | I20: 5 | J20: 4 | K20: 5 | L20: 3 | M20: 7 | N20: 4 | O20: 6 | P20: 5 | Q20: 4 | R20: 4 | S20: 5 | T20: 3 | U20: 5 | V20: 5 | W20: 4 | X20: =SUM(F20:W20) | Y20: =Y11 | Z20: =X20-Y20 | AA20: =MAX(0,25-Z20)*1.0 | AB20: =AA20
A21: 9 | B21: José Silva | C21: 54845 | D21: Amendoeira | E21: 11.5 | F21: 5 | G21: 5 | H21: 5 | I21: 4 | J21: 4 | K21: 6 | L21: 3 | M21: 5 | N21: 4 | O21: 6 | P21: 5 | Q21: 4 | R21: 4 | S21: 8 | T21: 4 | U21: 5 | V21: 4 | W21: 4 | X21: =SUM(F21:W21) | Y21: =Y11 | Z21: =X21-Y21 | AA21: =MAX(0,25-Z21)*1.0 | AB21: =AA21
A22: 10 | B22: Ethan Hutchinson | C22: 48990 | D22: Assoc. Qta.Lago | E22: 9.8 | F22: 5 | G22: 6 | H22: 5 | I22: 4 | J22: 6 | K22: 4 | L22: 3 | M22: 5 | N22: 4 | O22: 6 | P22: 5 | Q22: 6 | R22: 4 | S22: 7 | T22: 5 | U22: 4 | V22: 5 | W22: 4 | X22: =SUM(F22:W22) | Y22: =Y11 | Z22: =X22-Y22 | AA22: =MAX(0,25-Z22)*1.0 | AB22: =AA22
A23: 11 | B23: Jack Brando | C23: 54232 | D23: Vila Sol | E23: 12.1 | F23: 6 | G23: 7 | H23: 6 | I23: 5 | J23: 5 | K23: 6 | L23: 5 | M23: 5 | N23: 4 | O23: 6 | P23: 5 | Q23: 5 | R23: 3 | S23: 5 | T23: 4 | U23: 4 | V23: 4 | W23: 4 | X23: =SUM(F23:W23) | Y23: =Y11 | Z23: =X23-Y23 | AA23: =MAX(0,25-Z23)*1.0 | AB23: =AA23
A24: 12 | B24: Marek Pejas | C24: 52069 | D24: Vilamoura, C. G | E24: 20.1 | F24: 5 | G24: 6 | H24: 5 | I24: 4 | J24: 5 | K24: 6 | L24: 3 | M24: 7 | N24: 4 | O24: 5 | P24: 6 | Q24: 5 | R24: 4 | S24: 7 | T24: 4 | U24: 6 | V24: 5 | W24: 6 | X24: =SUM(F24:W24) | Y24: =Y11 | Z24: =X24-Y24 | AA24: =MAX(0,25-Z24)*1.0 | AB24: =AA24
A25: 13 | B25: Miguel Silva | C25: 48791 | D25: Amendoeira | E25: 9.4 | F25: 6 | G25: 7 | H25: 5 | I25: 4 | J25: 4 | K25: 6 | L25: 4 | M25: 6 | N25: 4 | O25: 6 | P25: 5 | Q25: 5 | R25: 5 | S25: 6 | T25: 5 | U25: 4 | V25: 7 | W25: 5 | X25: =SUM(F25:W25) | Y25: =Y11 | Z25: =X25-Y25 | AA25: =MAX(0,25-Z25)*1.0 | AB25: =AA25
A26: 14 | B26: Sabrina Ribeiro Crisóstomo | C26: 48971 | D26: Vilamoura, C. G | E26: 8.4 | F26: 7 | G26: 6 | H26: 6 | I26: 4 | J26: 3 | K26: 7 | L26: 3 | M26: 7 | N26: 5 | O26: 6 | P26: 7 | Q26: 4 | R26: 5 | S26: 6 | T26: 4 | U26: 5 | V26: 5 | W26: 5 | X26: =SUM(F26:W26) | Y26: =Y11 | Z26: =X26-Y26 | AA26: =MAX(0,25-Z26)*1.0 | AB26: =AA26
A27: 15 | B27: Catarina Sousa Conceição | C27: 48794 | D27: Vilamoura, C. G | E27: 10.7 | F27: 7 | G27: 7 | H27: 9 | I27: 5 | J27: 6 | K27: 6 | L27: 4 | M27: 5 | N27: 4 | O27: 5 | P27: 4 | Q27: 4 | R27: 5 | S27: 6 | T27: 4 | U27: 6 | V27: 6 | W27: 4 | X27: =SUM(F27:W27) | Y27: =Y11 | Z27: =X27-Y27 | AA27: =MAX(0,25-Z27)*1.0 | AB27: =AA27
A28: 16 | B28: Gabriel Costa | C28: 53838 | D28: Amendoeira | E28: 21.5 | F28: 6 | G28: 5 | H28: 7 | I28: 5 | J28: 4 | K28: 9 | L28: 4 | M28: 10 | N28: 5 | O28: 5 | P28: 4 | Q28: 4 | R28: 5 | S28: 5 | T28: 4 | U28: 6 | V28: 5 | W28: 5 | X28: =SUM(F28:W28) | Y28: =Y11 | Z28: =X28-Y28 | AA28: =MAX(0,25-Z28)*1.0 | AB28: =AA28
A29: 17 | B29: Ethan Van Vuuren Maciel | C29: 56765 | D29: Vila Sol | E29: 23.3 | F29: 5 | G29: 6 | H29: 7 | I29: 5 | J29: 5 | K29: 7 | L29: 5 | M29: 6 | N29: 5 | O29: 5 | P29: 6 | Q29: 4 | R29: 4 | S29: 8 | T29: 4 | U29: 6 | V29: 5 | W29: 5 | X29: =SUM(F29:W29) | Y29: =Y11 | Z29: =X29-Y29 | AA29: =MAX(0,25-Z29)*1.0 | AB29: =AA29
A30: 18 | B30: Nicholas Cordeiro | C30: 49066 | D30: Vilamoura, C. G | E30: 13.2 | F30: 6 | G30: 6 | H30: 6 | I30: 4 | J30: 6 | K30: 7 | L30: 4 | M30: 7 | N30: 5 | O30: 5 | P30: 5 | Q30: 5 | R30: 3 | S30: 6 | T30: 4 | U30: 7 | V30: 6 | W30: 7 | X30: =SUM(F30:W30) | Y30: =Y11 | Z30: =X30-Y30 | AA30: =MAX(0,25-Z30)*1.0 | AB30: =AA30
A31: 19 | B31: Carlotta Balzer | C31: 50628 | D31: Amendoeira | E31: 19.1 | F31: 6 | G31: 5 | H31: 6 | I31: 4 | J31: 4 | K31: 6 | L31: 3 | M31: 7 | N31: 4 | O31: 9 | P31: 6 | Q31: 6 | R31: 5 | S31: 7 | T31: 4 | U31: 8 | V31: 5 | W31: 7 | X31: =SUM(F31:W31) | Y31: =Y11 | Z31: =X31-Y31 | AA31: =MAX(0,25-Z31)*1.0 | AB31: =AA31
A32: 20 | B32: Cole Hutchison | C32: 55065 | D32: Vila Sol | E32: 25.4 | F32: 6 | G32: 4 | H32: 7 | I32: 4 | J32: 6 | K32: 7 | L32: 5 | M32: 8 | N32: 8 | O32: 5 | P32: 4 | Q32: 5 | R32: 4 | S32: 7 | T32: 5 | U32: 7 | V32: 7 | W32: 10 | X32: =SUM(F32:W32) | Y32: =Y11 | Z32: =X32-Y32 | AA32: =MAX(0,25-Z32)*1.0 | AB32: =AA32
A33: 21 | B33: Luke Samanek | C33: 56491 | D33: Vila Sol | E33: 18.2 | F33: 6 | G33: 7 | H33: 8 | I33: 7 | J33: 8 | K33: 9 | L33: 9 | M33: 7 | N33: 5 | O33: 8 | P33: 8 | Q33: 7 | R33: 6 | S33: 8 | T33: 7 | U33: 5 | V33: 6 | W33: 6 | X33: =SUM(F33:W33) | Y33: =Y11 | Z33: =X33-Y33 | AA33: =MAX(0,25-Z33)*1.0 | AB33: =AA33
A34: NS | B34: Jack Murtagh | D34: Vilamoura, C. G | E34: 8.9 | AA34: 0 | AB34: =AA34
A35: NS | B35: Grace Gordon | D35: Vilamoura, C. G | E35: 3.6 | AA35: 0 | AB35: =AA35
A36: NS | B36: Tomás Lima Pinto | D36: Vilamoura, C. G | E36: 9.6 | AA36: 0 | AB36: =AA36

Sheet dt2_madeira_sds
A1: 2º Drive Tour Madeira — Santo da Serra
A2: Data: | B2: 2026-02-07
A3: Campo: | B3: Santo da Serra
A4: ccode/tcode: | B4: 982/10199
A5: Link FPG: | B5: https://scoring.datagolf.pt/pt/Classifications.aspx?ccode=982&tcode=10199
A6: Multiplicador: | B6: 1
A7: Tipo: | B7: DT
A10: Pos | B10: Nome | C10: FedCode | D10: Clube | E10: HCP | F10: R1 h1 | G10: h2 | H10: h3 | I10: h4 | J10: h5 | K10: h6 | L10: h7 | M10: h8 | N10: h9 | O10: h10 | P10: h11 | Q10: h12 | R10: h13 | S10: h14 | T10: h15 | U10: h16 | V10: h17 | W10: h18 | X10: R1 Gross | Y10: R1 Par | Z10: R1 ToPar | AA10: R1 Pts | AB10: Total Pts
A11: —Par— | F11: 4 | G11: 5 | H11: 4 | I11: 4 | J11: 4 | K11: 3 | L11: 5 | M11: 3 | N11: 4 | O11: 5 | P11: 4 | Q11: 4 | R11: 4 | S11: 3 | T11: 4 | U11: 4 | V11: 3 | W11: 5 | Y11: =SUM(F11:W11)
A12: —SI— | F12: 5 | G12: 11 | H12: 7 | I12: 3 | J12: 9 | K12: 15 | L12: 1 | M12: 17 | N12: 13 | O12: 2 | P12: 4 | Q12: 14 | R12: 12 | S12: 8 | T12: 6 | U12: 16 | V12: 10 | W12: 18
A13: 1 | B13: Matilde Leal Gouveia | C13: 41131 | D13: Santo da Serra | E13: 3.6 | F13: 4 | G13: 5 | H13: 5 | I13: 4 | J13: 4 | K13: 2 | L13: 5 | M13: 4 | N13: 4 | O13: 4 | P13: 4 | Q13: 3 | R13: 4 | S13: 4 | T13: 4 | U13: 5 | V13: 3 | W13: 6 | X13: =SUM(F13:W13) | Y13: =Y11 | Z13: =X13-Y13 | AA13: =MAX(0,25-Z13)*1.0 | AB13: =AA13
A14: 2 | B14: Salvador Rodrigues | C14: 39465 | D14: Palheiro | E14: 6.4 | F14: 4 | G14: 5 | H14: 4 | I14: 3 | J14: 5 | K14: 3 | L14: 5 | M14: 3 | N14: 6 | O14: 7 | P14: 4 | Q14: 6 | R14: 4 | S14: 3 | T14: 5 | U14: 4 | V14: 3 | W14: 5 | X14: =SUM(F14:W14) | Y14: =Y11 | Z14: =X14-Y14 | AA14: =MAX(0,25-Z14)*1.0 | AB14: =AA14
A15: 3 | B15: André Gonçalves | C15: 41121 | D15: Palheiro | E15: 6.7 | F15: 4 | G15: 4 | H15: 6 | I15: 3 | J15: 6 | K15: 3 | L15: 6 | M15: 3 | N15: 5 | O15: 6 | P15: 7 | Q15: 4 | R15: 4 | S15: 2 | T15: 4 | U15: 4 | V15: 3 | W15: 7 | X15: =SUM(F15:W15) | Y15: =Y11 | Z15: =X15-Y15 | AA15: =MAX(0,25-Z15)*1.0 | AB15: =AA15
A16: 4 | B16: José Pedro Miranda | C16: 38976 | D16: Palheiro | E16: 6.8 | F16: 4 | G16: 7 | H16: 5 | I16: 3 | J16: 5 | K16: 5 | L16: 6 | M16: 2 | N16: 5 | O16: 4 | P16: 5 | Q16: 4 | R16: 6 | S16: 4 | T16: 4 | U16: 5 | V16: 3 | W16: 5 | X16: =SUM(F16:W16) | Y16: =Y11 | Z16: =X16-Y16 | AA16: =MAX(0,25-Z16)*1.0 | AB16: =AA16
A17: 5 | B17: Maria Cunha | C17: 46482 | D17: Palheiro | E17: 5.1 | F17: 4 | G17: 5 | H17: 4 | I17: 5 | J17: 5 | K17: 4 | L17: 6 | M17: 3 | N17: 3 | O17: 8 | P17: 6 | Q17: 5 | R17: 3 | S17: 4 | T17: 5 | U17: 3 | V17: 4 | W17: 7 | X17: =SUM(F17:W17) | Y17: =Y11 | Z17: =X17-Y17 | AA17: =MAX(0,25-Z17)*1.0 | AB17: =AA17
A18: 6 | B18: Maria Câmara | C18: 40990 | D18: Santo da Serra | E18: 9.4 | F18: 4 | G18: 6 | H18: 4 | I18: 6 | J18: 5 | K18: 3 | L18: 6 | M18: 3 | N18: 4 | O18: 6 | P18: 5 | Q18: 5 | R18: 4 | S18: 2 | T18: 6 | U18: 5 | V18: 3 | W18: 8 | X18: =SUM(F18:W18) | Y18: =Y11 | Z18: =X18-Y18 | AA18: =MAX(0,25-Z18)*1.0 | AB18: =AA18
A19: 7 | B19: Marcelo Gaspar | C19: 38006 | D19: Santo da Serra | E19: 6.9 | F19: 5 | G19: 6 | H19: 4 | I19: 5 | J19: 4 | K19: 4 | L19: 8 | M19: 2 | N19: 5 | O19: 6 | P19: 5 | Q19: 6 | R19: 4 | S19: 3 | T19: 5 | U19: 4 | V19: 4 | W19: 6 | X19: =SUM(F19:W19) | Y19: =Y11 | Z19: =X19-Y19 | AA19: =MAX(0,25-Z19)*1.0 | AB19: =AA19
A20: 8 | B20: Rodrigo Abreu | C20: 42684 | D20: Palheiro | E20: 10.5 | F20: 5 | G20: 5 | H20: 4 | I20: 3 | J20: 5 | K20: 3 | L20: 6 | M20: 3 | N20: 5 | O20: 7 | P20: 6 | Q20: 5 | R20: 6 | S20: 5 | T20: 5 | U20: 5 | V20: 4 | W20: 4 | X20: =SUM(F20:W20) | Y20: =Y11 | Z20: =X20-Y20 | AA20: =MAX(0,25-Z20)*1.0 | AB20: =AA20
A21: 9 | B21: Manuel Gouveia | C21: 41124 | D21: Santo da Serra | E21: 21.3 | F21: 5 | G21: 6 | H21: 5 | I21: 7 | J21: 6 | K21: 2 | L21: 5 | M21: 4 | N21: 6 | O21: 6 | P21: 4 | Q21: 5 | R21: 6 | S21: 3 | T21: 6 | U21: 4 | V21: 3 | W21: 6 | X21: =SUM(F21:W21) | Y21: =Y11 | Z21: =X21-Y21 | AA21: =MAX(0,25-Z21)*1.0 | AB21: =AA21
A22: 10 | B22: Vasco Leal Gouveia | C22: 41130 | D22: Santo da Serra | E22: 18.2 | F22: 5 | G22: 7 | H22: 6 | I22: 8 | J22: 5 | K22: 2 | L22: 7 | M22: 3 | N22: 5 | O22: 5 | P22: 7 | Q22: 4 | R22: 5 | S22: 4 | T22: 4 | U22: 4 | V22: 4 | W22: 7 | X22: =SUM(F22:W22) | Y22: =Y11 | Z22: =X22-Y22 | AA22: =MAX(0,25-Z22)*1.0 | AB22: =AA22
A23: 11 | B23: Mateus Penucho | C23: 52393 | D23: Santo da Serra | E23: 16.9 | F23: 6 | G23: 7 | H23: 4 | I23: 5 | J23: 7 | K23: 4 | L23: 6 | M23: 4 | N23: 5 | O23: 5 | P23: 7 | Q23: 4 | R23: 5 | S23: 4 | T23: 5 | U23: 5 | V23: 3 | W23: 7 | X23: =SUM(F23:W23) | Y23: =Y11 | Z23: =X23-Y23 | AA23: =MAX(0,25-Z23)*1.0 | AB23: =AA23
A24: 12 | B24: Manuel Goulartt Medeiros | C24: 52884 | D24: Santo da Serra | E24: 12.1 | F24: 5 | G24: 5 | H24: 6 | I24: 5 | J24: 5 | K24: 4 | L24: 6 | M24: 4 | N24: 4 | O24: 6 | P24: 8 | Q24: 7 | R24: 4 | S24: 5 | T24: 5 | U24: 5 | V24: 4 | W24: 6 | X24: =SUM(F24:W24) | Y24: =Y11 | Z24: =X24-Y24 | AA24: =MAX(0,25-Z24)*1.0 | AB24: =AA24
A25: 13 | B25: Gonçalo Gouveia | C25: 50398 | D25: Santo da Serra | E25: 23.5 | F25: 7 | G25: 10 | H25: 3 | I25: 6 | J25: 4 | K25: 4 | L25: 5 | M25: 4 | N25: 5 | O25: 7 | P25: 7 | Q25: 4 | R25: 6 | S25: 3 | T25: 6 | U25: 5 | V25: 5 | W25: 5 | X25: =SUM(F25:W25) | Y25: =Y11 | Z25: =X25-Y25 | AA25: =MAX(0,25-Z25)*1.0 | AB25: =AA25

Sheet gg_main
A1: Greatgolf Junior Open (Main 3R, Sub 16+)
A2: Data: | B2: 2026-02-15
A3: Campo: | B3: Vilamoura — Millennium
A4: ccode/tcode: | B4: 935/10294
A5: Link FPG: | B5: https://scoring.datagolf.pt/pt/Classifications.aspx?ccode=935&tcode=10294
A6: Multiplicador: | B6: 1
A7: Tipo: | B7: GG_MAIN
A8: Nota: | B8: 3 rondas; só R2+R3 contam para o ranking PJA (R1 omitida do total)
A10: Pos | B10: Nome | C10: FedCode | D10: Clube | E10: HCP | F10: R1 h1 | G10: h2 | H10: h3 | I10: h4 | J10: h5 | K10: h6 | L10: h7 | M10: h8 | N10: h9 | O10: h10 | P10: h11 | Q10: h12 | R10: h13 | S10: h14 | T10: h15 | U10: h16 | V10: h17 | W10: h18 | X10: R1 Gross | Y10: R1 Par | Z10: R1 ToPar | AA10: R1 Pts | AB10: R2 h1 | AC10: h2 | AD10: h3 | AE10: h4 | AF10: h5 | AG10: h6 | AH10: h7 | AI10: h8 | AJ10: h9 | AK10: h10 | AL10: h11 | AM10: h12 | AN10: h13 | AO10: h14 | AP10: h15 | AQ10: h16 | AR10: h17 | AS10: h18 | AT10: R2 Gross | AU10: R2 Par | AV10: R2 ToPar | AW10: R2 Pts | AX10: R3 h1 | AY10: h2 | AZ10: h3 | BA10: h4 | BB10: h5 | BC10: h6 | BD10: h7 | BE10: h8 | BF10: h9 | BG10: h10 | BH10: h11 | BI10: h12 | BJ10: h13 | BK10: h14 | BL10: h15 | BM10: h16 | BN10: h17 | BO10: h18 | BP10: R3 Gross | BQ10: R3 Par | BR10: R3 ToPar | BS10: R3 Pts | BT10: Total Pts
A11: —Par— | F11: 5 | G11: 3 | H11: 4 | I11: 3 | J11: 4 | K11: 4 | L11: 4 | M11: 5 | N11: 4 | O11: 5 | P11: 4 | Q11: 3 | R11: 4 | S11: 4 | T11: 5 | U11: 4 | V11: 3 | W11: 4 | Y11: =SUM(F11:W11) | AB11: 5 | AC11: 3 | AD11: 4 | AE11: 3 | AF11: 4 | AG11: 4 | AH11: 4 | AI11: 5 | AJ11: 4 | AK11: 5 | AL11: 4 | AM11: 3 | AN11: 4 | AO11: 4 | AP11: 5 | AQ11: 4 | AR11: 3 | AS11: 4 | AU11: =SUM(AB11:AS11) | AX11: 5 | AY11: 3 | AZ11: 4 | BA11: 3 | BB11: 4 | BC11: 4 | BD11: 4 | BE11: 5 | BF11: 4 | BG11: 5 | BH11: 4 | BI11: 3 | BJ11: 4 | BK11: 4 | BL11: 5 | BM11: 4 | BN11: 3 | BO11: 4 | BQ11: =SUM(AX11:BO11)
A12: —SI— | F12: 16 | G12: 12 | H12: 4 | I12: 6 | J12: 8 | K12: 18 | L12: 10 | M12: 14 | N12: 2 | O12: 17 | P12: 7 | Q12: 5 | R12: 1 | S12: 3 | T12: 13 | U12: 15 | V12: 11 | W12: 9 | AB12: 16 | AC12: 12 | AD12: 4 | AE12: 6 | AF12: 8 | AG12: 18 | AH12: 10 | AI12: 14 | AJ12: 2 | AK12: 17 | AL12: 7 | AM12: 5 | AN12: 1 | AO12: 3 | AP12: 13 | AQ12: 15 | AR12: 11 | AS12: 9 | AX12: 16 | AY12: 12 | AZ12: 4 | BA12: 6 | BB12: 8 | BC12: 18 | BD12: 10 | BE12: 14 | BF12: 2 | BG12: 17 | BH12: 7 | BI12: 5 | BJ12: 1 | BK12: 3 | BL12: 13 | BM12: 15 | BN12: 11 | BO12: 9
A13: 1 | B13: Guilherme Grabner Moreira | C13: 42205 | D13: Oporto | E13: 2.1 | F13: 6 | G13: 2 | H13: 6 | I13: 4 | J13: 4 | K13: 4 | L13: 4 | M13: 5 | N13: 4 | O13: 5 | P13: 3 | Q13: 2 | R13: 3 | S13: 4 | T13: 5 | U13: 5 | V13: 2 | W13: 3 | X13: =SUM(F13:W13) | Y13: =Y11 | Z13: =X13-Y13 | AA13: =MAX(0,25-Z13)*1.0 | AB13: 7 | AC13: 3 | AD13: 3 | AE13: 3 | AF13: 4 | AG13: 5 | AH13: 3 | AI13: 4 | AJ13: 4 | AK13: 5 | AL13: 3 | AM13: 4 | AN13: 4 | AO13: 3 | AP13: 7 | AQ13: 5 | AR13: 3 | AS13: 4 | AT13: =SUM(AB13:AS13) | AU13: =AU11 | AV13: =AT13-AU13 | AW13: =MAX(0,25-AV13)*1.0 | AX13: 6 | AY13: 3 | AZ13: 4 | BA13: 3 | BB13: 5 | BC13: 6 | BD13: 4 | BE13: 5 | BF13: 4 | BG13: 7 | BH13: 5 | BI13: 3 | BJ13: 4 | BK13: 5 | BL13: 5 | BM13: 5 | BN13: 2 | BO13: 4 | BP13: =SUM(AX13:BO13) | BQ13: =BQ11 | BR13: =BP13-BQ13 | BS13: =MAX(0,25-BR13)*1.0 | BT13: =AA13+AW13+BS13
A14: 2 | B14: Francisco Reis | C14: 40534 | D14: Vilamoura, C. G | E14: 0 | F14: 4 | G14: 3 | H14: 4 | I14: 3 | J14: 4 | K14: 4 | L14: 4 | M14: 5 | N14: 4 | O14: 4 | P14: 4 | Q14: 4 | R14: 4 | S14: 4 | T14: 6 | U14: 4 | V14: 3 | W14: 4 | X14: =SUM(F14:W14) | Y14: =Y11 | Z14: =X14-Y14 | AA14: =MAX(0,25-Z14)*1.0 | AB14: 4 | AC14: 3 | AD14: 4 | AE14: 4 | AF14: 4 | AG14: 3 | AH14: 5 | AI14: 4 | AJ14: 4 | AK14: 3 | AL14: 6 | AM14: 4 | AN14: 4 | AO14: 4 | AP14: 5 | AQ14: 4 | AR14: 5 | AS14: 5 | AT14: =SUM(AB14:AS14) | AU14: =AU11 | AV14: =AT14-AU14 | AW14: =MAX(0,25-AV14)*1.0 | AX14: 4 | AY14: 3 | AZ14: 5 | BA14: 3 | BB14: 4 | BC14: 4 | BD14: 4 | BE14: 5 | BF14: 4 | BG14: 6 | BH14: 4 | BI14: 4 | BJ14: 4 | BK14: 4 | BL14: 5 | BM14: 4 | BN14: 3 | BO14: 5 | BP14: =SUM(AX14:BO14) | BQ14: =BQ11 | BR14: =BP14-BQ14 | BS14: =MAX(0,25-BR14)*1.0 | BT14: =AA14+AW14+BS14
A15: 3 | B15: Diogo Silva Pinto Rocha | C15: 34186 | D15: Oporto | E15: -1.2 | F15: 4 | G15: 3 | H15: 4 | I15: 4 | J15: 4 | K15: 4 | L15: 4 | M15: 4 | N15: 5 | O15: 4 | P15: 4 | Q15: 3 | R15: 4 | S15: 4 | T15: 5 | U15: 5 | V15: 4 | W15: 4 | X15: =SUM(F15:W15) | Y15: =Y11 | Z15: =X15-Y15 | AA15: =MAX(0,25-Z15)*1.0 | AB15: 4 | AC15: 3 | AD15: 4 | AE15: 3 | AF15: 4 | AG15: 4 | AH15: 3 | AI15: 4 | AJ15: 4 | AK15: 4 | AL15: 3 | AM15: 3 | AN15: 4 | AO15: 3 | AP15: 5 | AQ15: 4 | AR15: 3 | AS15: 4 | AT15: =SUM(AB15:AS15) | AU15: =AU11 | AV15: =AT15-AU15 | AW15: =MAX(0,25-AV15)*1.0 | AX15: 3 | AY15: 3 | AZ15: 4 | BA15: 3 | BB15: 4 | BC15: 4 | BD15: 4 | BE15: 4 | BF15: 4 | BG15: 5 | BH15: 3 | BI15: 4 | BJ15: 4 | BK15: 4 | BL15: 4 | BM15: 4 | BN15: 2 | BO15: 4 | BP15: =SUM(AX15:BO15) | BQ15: =BQ11 | BR15: =BP15-BQ15 | BS15: =MAX(0,25-BR15)*1.0 | BT15: =AA15+AW15+BS15
A16: 4 | B16: João Crasi Alves | C16: 39701 | D16: Vilamoura, C. G | E16: -1.3 | F16: 5 | G16: 3 | H16: 5 | I16: 4 | J16: 3 | K16: 4 | L16: 5 | M16: 4 | N16: 4 | O16: 5 | P16: 4 | Q16: 4 | R16: 4 | S16: 5 | T16: 5 | U16: 3 | V16: 3 | W16: 4 | X16: =SUM(F16:W16) | Y16: =Y11 | Z16: =X16-Y16 | AA16: =MAX(0,25-Z16)*1.0 | AB16: 5 | AC16: 3 | AD16: 4 | AE16: 4 | AF16: 4 | AG16: 4 | AH16: 4 | AI16: 5 | AJ16: 3 | AK16: 5 | AL16: 4 | AM16: 2 | AN16: 7 | AO16: 7 | AP16: 5 | AQ16: 3 | AR16: 3 | AS16: 4 | AT16: =SUM(AB16:AS16) | AU16: =AU11 | AV16: =AT16-AU16 | AW16: =MAX(0,25-AV16)*1.0 | BS16: 0 | BT16: =AA16+AW16+BS16
A17: 5 | B17: Ethan Prybys Orton | C17: 42374 | D17: Vila Sol | E17: 3.5 | F17: 6 | G17: 3 | H17: 4 | I17: 4 | J17: 4 | K17: 4 | L17: 5 | M17: 5 | N17: 3 | O17: 5 | P17: 4 | Q17: 3 | R17: 4 | S17: 5 | T17: 4 | U17: 5 | V17: 3 | W17: 4 | X17: =SUM(F17:W17) | Y17: =Y11 | Z17: =X17-Y17 | AA17: =MAX(0,25-Z17)*1.0 | AB17: 6 | AC17: 4 | AD17: 5 | AE17: 3 | AF17: 5 | AG17: 4 | AH17: 5 | AI17: 4 | AJ17: 4 | AK17: 5 | AL17: 5 | AM17: 3 | AN17: 5 | AO17: 5 | AP17: 5 | AQ17: 4 | AR17: 4 | AS17: 3 | AT17: =SUM(AB17:AS17) | AU17: =AU11 | AV17: =AT17-AU17 | AW17: =MAX(0,25-AV17)*1.0 | AX17: 5 | AY17: 3 | AZ17: 5 | BA17: 3 | BB17: 4 | BC17: 3 | BD17: 3 | BE17: 4 | BF17: 4 | BG17: 5 | BH17: 3 | BI17: 4 | BJ17: 4 | BK17: 5 | BL17: 5 | BM17: 4 | BN17: 2 | BO17: 4 | BP17: =SUM(AX17:BO17) | BQ17: =BQ11 | BR17: =BP17-BQ17 | BS17: =MAX(0,25-BR17)*1.0 | BT17: =AA17+AW17+BS17
A18: 6 | B18: Santiago Dias | C18: 42908 | D18: Oporto | E18: 1.6 | F18: 5 | G18: 3 | H18: 4 | I18: 3 | J18: 4 | K18: 4 | L18: 4 | M18: 5 | N18: 3 | O18: 5 | P18: 5 | Q18: 3 | R18: 4 | S18: 5 | T18: 5 | U18: 5 | V18: 4 | W18: 4 | X18: =SUM(F18:W18) | Y18: =Y11 | Z18: =X18-Y18 | AA18: =MAX(0,25-Z18)*1.0 | AB18: 5 | AC18: 3 | AD18: 4 | AE18: 4 | AF18: 4 | AG18: 4 | AH18: 4 | AI18: 4 | AJ18: 5 | AK18: 6 | AL18: 5 | AM18: 5 | AN18: 5 | AO18: 4 | AP18: 5 | AQ18: 5 | AR18: 6 | AS18: 5 | AT18: =SUM(AB18:AS18) | AU18: =AU11 | AV18: =AT18-AU18 | AW18: =MAX(0,25-AV18)*1.0 | AX18: 6 | AY18: 3 | AZ18: 5 | BA18: 3 | BB18: 4 | BC18: 6 | BD18: 4 | BE18: 5 | BF18: 4 | BG18: 6 | BH18: 4 | BI18: 3 | BJ18: 4 | BK18: 5 | BL18: 7 | BM18: 4 | BN18: 5 | BO18: 5 | BP18: =SUM(AX18:BO18) | BQ18: =BQ11 | BR18: =BP18-BQ18 | BS18: =MAX(0,25-BR18)*1.0 | BT18: =AA18+AW18+BS18
A19: 7 | B19: João Maria Ivo de Carvalho | C19: 38334 | D19: Estoril | E19: -1.6 | F19: 4 | G19: 3 | H19: 4 | I19: 3 | J19: 4 | K19: 3 | L19: 3 | M19: 5 | N19: 5 | O19: 5 | P19: 5 | Q19: 5 | R19: 4 | S19: 5 | T19: 5 | U19: 5 | V19: 3 | W19: 4 | X19: =SUM(F19:W19) | Y19: =Y11 | Z19: =X19-Y19 | AA19: =MAX(0,25-Z19)*1.0 | AB19: 5 | AC19: 1 | AD19: 5 | AE19: 5 | AF19: 4 | AG19: 4 | AH19: 4 | AI19: 3 | AJ19: 5 | AK19: 5 | AL19: 3 | AM19: 3 | AN19: 5 | AO19: 4 | AP19: 5 | AQ19: 5 | AR19: 3 | AS19: 5 | AT19: =SUM(AB19:AS19) | AU19: =AU11 | AV19: =AT19-AU19 | AW19: =MAX(0,25-AV19)*1.0 | AX19: 5 | AY19: 3 | AZ19: 4 | BA19: 4 | BB19: 3 | BC19: 4 | BD19: 4 | BE19: 4 | BF19: 4 | BG19: 5 | BH19: 4 | BI19: 4 | BJ19: 5 | BK19: 4 | BL19: 5 | BM19: 3 | BN19: 3 | BO19: 4 | BP19: =SUM(AX19:BO19) | BQ19: =BQ11 | BR19: =BP19-BQ19 | BS19: =MAX(0,25-BR19)*1.0 | BT19: =AA19+AW19+BS19
A20: 8 | B20: Martim Pinto Johansen | C20: 40115 | D20: Vilamoura, C. G | E20: -0.6 | F20: 4 | G20: 4 | H20: 4 | I20: 3 | J20: 6 | K20: 4 | L20: 4 | M20: 5 | N20: 4 | O20: 5 | P20: 4 | Q20: 3 | R20: 4 | S20: 6 | T20: 5 | U20: 4 | V20: 3 | W20: 4 | X20: =SUM(F20:W20) | Y20: =Y11 | Z20: =X20-Y20 | AA20: =MAX(0,25-Z20)*1.0 | AB20: 5 | AC20: 4 | AD20: 5 | AE20: 3 | AF20: 4 | AG20: 3 | AH20: 4 | AI20: 5 | AJ20: 3 | AK20: 5 | AL20: 3 | AM20: 5 | AN20: 5 | AO20: 5 | AP20: 4 | AQ20: 5 | AR20: 6 | AS20: 4 | AT20: =SUM(AB20:AS20) | AU20: =AU11 | AV20: =AT20-AU20 | AW20: =MAX(0,25-AV20)*1.0 | AX20: 4 | AY20: 3 | AZ20: 4 | BA20: 3 | BB20: 4 | BC20: 4 | BD20: 4 | BE20: 3 | BF20: 5 | BG20: 5 | BH20: 4 | BI20: 3 | BJ20: 5 | BK20: 5 | BL20: 5 | BM20: 4 | BN20: 3 | BO20: 5 | BP20: =SUM(AX20:BO20) | BQ20: =BQ11 | BR20: =BP20-BQ20 | BS20: =MAX(0,25-BR20)*1.0 | BT20: =AA20+AW20+BS20
A21: 9 | B21: Doyeon Kim | D21: Internacional | E21: 5 | F21: 4 | G21: 3 | H21: 5 | I21: 3 | J21: 5 | K21: 3 | L21: 4 | M21: 4 | N21: 4 | O21: 8 | P21: 4 | Q21: 4 | R21: 4 | S21: 4 | T21: 6 | U21: 4 | V21: 3 | W21: 4 | X21: =SUM(F21:W21) | Y21: =Y11 | Z21: =X21-Y21 | AA21: =MAX(0,25-Z21)*1.0 | AB21: 6 | AC21: 3 | AD21: 5 | AE21: 4 | AF21: 4 | AG21: 5 | AH21: 4 | AI21: 5 | AJ21: 4 | AK21: 4 | AL21: 4 | AM21: 3 | AN21: 4 | AO21: 3 | AP21: 5 | AQ21: 5 | AR21: 4 | AS21: 5 | AT21: =SUM(AB21:AS21) | AU21: =AU11 | AV21: =AT21-AU21 | AW21: =MAX(0,25-AV21)*1.0 | AX21: 5 | AY21: 3 | AZ21: 3 | BA21: 2 | BB21: 3 | BC21: 4 | BD21: 5 | BE21: 4 | BF21: 6 | BG21: 5 | BH21: 4 | BI21: 3 | BJ21: 5 | BK21: 4 | BL21: 7 | BM21: 4 | BN21: 3 | BO21: 4 | BP21: =SUM(AX21:BO21) | BQ21: =BQ11 | BR21: =BP21-BQ21 | BS21: =MAX(0,25-BR21)*1.0 | BT21: =AA21+AW21+BS21
A22: 10 | B22: Pedro Costa Alemão | C22: 46706 | D22: Estoril | E22: 4.5 | F22: 5 | G22: 3 | H22: 4 | I22: 4 | J22: 5 | K22: 4 | L22: 4 | M22: 5 | N22: 6 | O22: 6 | P22: 4 | Q22: 3 | R22: 5 | S22: 4 | T22: 5 | U22: 5 | V22: 4 | W22: 4 | X22: =SUM(F22:W22) | Y22: =Y11 | Z22: =X22-Y22 | AA22: =MAX(0,25-Z22)*1.0 | AB22: 6 | AC22: 3 | AD22: 4 | AE22: 3 | AF22: 4 | AG22: 4 | AH22: 4 | AI22: 5 | AJ22: 5 | AK22: 4 | AL22: 5 | AM22: 5 | AN22: 3 | AO22: 4 | AP22: 5 | AQ22: 4 | AR22: 4 | AS22: 4 | AT22: =SUM(AB22:AS22) | AU22: =AU11 | AV22: =AT22-AU22 | AW22: =MAX(0,25-AV22)*1.0 | AX22: 5 | AY22: 4 | AZ22: 5 | BA22: 3 | BB22: 4 | BC22: 4 | BD22: 4 | BE22: 5 | BF22: 4 | BG22: 5 | BH22: 4 | BI22: 4 | BJ22: 4 | BK22: 5 | BL22: 8 | BM22: 4 | BN22: 3 | BO22: 5 | BP22: =SUM(AX22:BO22) | BQ22: =BQ11 | BR22: =BP22-BQ22 | BS22: =MAX(0,25-BR22)*1.0 | BT22: =AA22+AW22+BS22
A23: 11 | B23: Angelina Gao | C23: 51523 | D23: Quinta do Peru | E23: 4 | F23: 4 | G23: 3 | H23: 5 | I23: 5 | J23: 5 | K23: 4 | L23: 5 | M23: 5 | N23: 6 | O23: 5 | P23: 4 | Q23: 3 | R23: 5 | S23: 4 | T23: 7 | U23: 4 | V23: 3 | W23: 4 | X23: =SUM(F23:W23) | Y23: =Y11 | Z23: =X23-Y23 | AA23: =MAX(0,25-Z23)*1.0 | AB23: 6 | AC23: 4 | AD23: 9 | AE23: 4 | AF23: 4 | AG23: 5 | AH23: 4 | AI23: 5 | AJ23: 6 | AK23: 5 | AL23: 5 | AM23: 4 | AN23: 6 | AO23: 5 | AP23: 6 | AQ23: 4 | AR23: 3 | AS23: 6 | AT23: =SUM(AB23:AS23) | AU23: =AU11 | AV23: =AT23-AU23 | AW23: =MAX(0,25-AV23)*1.0 | AX23: 5 | AY23: 2 | AZ23: 5 | BA23: 3 | BB23: 4 | BC23: 5 | BD23: 5 | BE23: 5 | BF23: 4 | BG23: 6 | BH23: 4 | BI23: 3 | BJ23: 5 | BK23: 4 | BL23: 6 | BM23: 4 | BN23: 3 | BO23: 6 | BP23: =SUM(AX23:BO23) | BQ23: =BQ11 | BR23: =BP23-BQ23 | BS23: =MAX(0,25-BR23)*1.0 | BT23: =AA23+AW23+BS23
A24: 12 | B24: Rodrigo Sousa Correia | C24: 44934 | D24: Vilamoura, C. G | E24: 2.8 | F24: 5 | G24: 3 | H24: 4 | I24: 6 | J24: 3 | K24: 5 | L24: 4 | M24: 5 | N24: 4 | O24: 5 | P24: 4 | Q24: 4 | R24: 5 | S24: 4 | T24: 7 | U24: 6 | V24: 3 | W24: 4 | X24: =SUM(F24:W24) | Y24: =Y11 | Z24: =X24-Y24 | AA24: =MAX(0,25-Z24)*1.0 | AB24: 5 | AC24: 4 | AD24: 4 | AE24: 4 | AF24: 4 | AG24: 4 | AH24: 4 | AI24: 6 | AJ24: 5 | AK24: 5 | AL24: 5 | AM24: 4 | AN24: 4 | AO24: 5 | AP24: 4 | AQ24: 4 | AR24: 4 | AS24: 5 | AT24: =SUM(AB24:AS24) | AU24: =AU11 | AV24: =AT24-AU24 | AW24: =MAX(0,25-AV24)*1.0 | AX24: 4 | AY24: 4 | AZ24: 5 | BA24: 3 | BB24: 4 | BC24: 3 | BD24: 4 | BE24: 5 | BF24: 6 | BG24: 6 | BH24: 4 | BI24: 5 | BJ24: 5 | BK24: 4 | BL24: 5 | BM24: 4 | BN24: 3 | BO24: 4 | BP24: =SUM(AX24:BO24) | BQ24: =BQ11 | BR24: =BP24-BQ24 | BS24: =MAX(0,25-BR24)*1.0 | BT24: =AA24+AW24+BS24
A25: 13 | B25: Dinis Silva | C25: 40910 | D25: Oporto | E25: 3.3 | F25: 3 | G25: 3 | H25: 4 | I25: 3 | J25: 5 | K25: 5 | L25: 4 | M25: 6 | N25: 4 | O25: 7 | P25: 4 | Q25: 3 | R25: 4 | S25: 6 | T25: 6 | U25: 5 | V25: 4 | W25: 5 | X25: =SUM(F25:W25) | Y25: =Y11 | Z25: =X25-Y25 | AA25: =MAX(0,25-Z25)*1.0 | AB25: 6 | AC25: 4 | AD25: 4 | AE25: 4 | AF25: 5 | AG25: 4 | AH25: 4 | AI25: 4 | AJ25: 4 | AK25: 6 | AL25: 4 | AM25: 3 | AN25: 4 | AO25: 4 | AP25: 5 | AQ25: 5 | AR25: 4 | AS25: 4 | AT25: =SUM(AB25:AS25) | AU25: =AU11 | AV25: =AT25-AU25 | AW25: =MAX(0,25-AV25)*1.0 | AX25: 4 | AY25: 3 | AZ25: 7 | BA25: 4 | BB25: 5 | BC25: 5 | BD25: 5 | BE25: 5 | BF25: 4 | BG25: 6 | BH25: 4 | BI25: 3 | BJ25: 4 | BK25: 5 | BL25: 5 | BM25: 4 | BN25: 4 | BO25: 5 | BP25: =SUM(AX25:BO25) | BQ25: =BQ11 | BR25: =BP25-BQ25 | BS25: =MAX(0,25-BR25)*1.0 | BT25: =AA25+AW25+BS25
A26: 14 | B26: Filipe Pinheiro | C26: 46591 | D26: Belas | E26: 3.1 | F26: 7 | G26: 4 | H26: 4 | I26: 3 | J26: 4 | K26: 5 | L26: 4 | M26: 5 | N26: 5 | O26: 5 | P26: 4 | Q26: 5 | R26: 4 | S26: 5 | T26: 6 | U26: 5 | V26: 6 | W26: 4 | X26: =SUM(F26:W26) | Y26: =Y11 | Z26: =X26-Y26 | AA26: =MAX(0,25-Z26)*1.0 | AB26: 5 | AC26: 3 | AD26: 5 | AE26: 3 | AF26: 4 | AG26: 5 | AH26: 4 | AI26: 4 | AJ26: 4 | AK26: 5 | AL26: 7 | AM26: 4 | AN26: 4 | AO26: 4 | AP26: 5 | AQ26: 4 | AR26: 2 | AS26: 4 | AT26: =SUM(AB26:AS26) | AU26: =AU11 | AV26: =AT26-AU26 | AW26: =MAX(0,25-AV26)*1.0 | AX26: 5 | AY26: 3 | AZ26: 4 | BA26: 4 | BB26: 5 | BC26: 4 | BD26: 5 | BE26: 5 | BF26: 4 | BG26: 5 | BH26: 4 | BI26: 2 | BJ26: 4 | BK26: 4 | BL26: 5 | BM26: 5 | BN26: 3 | BO26: 4 | BP26: =SUM(AX26:BO26) | BQ26: =BQ11 | BR26: =BP26-BQ26 | BS26: =MAX(0,25-BR26)*1.0 | BT26: =AA26+AW26+BS26
A27: 15 | B27: Ryan Dantas | C27: 45439 | D27: Belas | E27: 6.9 | F27: 4 | G27: 4 | H27: 6 | I27: 4 | J27: 5 | K27: 4 | L27: 4 | M27: 6 | N27: 5 | O27: 5 | P27: 5 | Q27: 5 | R27: 5 | S27: 7 | T27: 5 | U27: 4 | V27: 3 | W27: 5 | X27: =SUM(F27:W27) | Y27: =Y11 | Z27: =X27-Y27 | AA27: =MAX(0,25-Z27)*1.0 | AB27: 5 | AC27: 3 | AD27: 5 | AE27: 4 | AF27: 3 | AG27: 4 | AH27: 6 | AI27: 5 | AJ27: 5 | AK27: 5 | AL27: 5 | AM27: 6 | AN27: 6 | AO27: 7 | AP27: 6 | AQ27: 5 | AR27: 4 | AS27: 5 | AT27: =SUM(AB27:AS27) | AU27: =AU11 | AV27: =AT27-AU27 | AW27: =MAX(0,25-AV27)*1.0 | AX27: 5 | AY27: 3 | AZ27: 5 | BA27: 4 | BB27: 5 | BC27: 8 | BD27: 4 | BE27: 5 | BF27: 5 | BG27: 5 | BH27: 6 | BI27: 5 | BJ27: 4 | BK27: 5 | BL27: 5 | BM27: 5 | BN27: 6 | BO27: 4 | BP27: =SUM(AX27:BO27) | BQ27: =BQ11 | BR27: =BP27-BQ27 | BS27: =MAX(0,25-BR27)*1.0 | BT27: =AA27+AW27+BS27
A28: 16 | B28: Matteo Balzer | C28: 44406 | D28: Amendoeira | E28: 3.7 | F28: 5 | G28: 5 | H28: 4 | I28: 4 | J28: 5 | K28: 4 | L28: 4 | M28: 5 | N28: 4 | O28: 6 | P28: 6 | Q28: 4 | R28: 4 | S28: 5 | T28: 7 | U28: 4 | V28: 4 | W28: 6 | X28: =SUM(F28:W28) | Y28: =Y11 | Z28: =X28-Y28 | AA28: =MAX(0,25-Z28)*1.0 | AB28: 5 | AC28: 4 | AD28: 4 | AE28: 3 | AF28: 4 | AG28: 4 | AH28: 4 | AI28: 5 | AJ28: 4 | AK28: 6 | AL28: 4 | AM28: 3 | AN28: 5 | AO28: 4 | AP28: 6 | AQ28: 4 | AR28: 2 | AS28: 5 | AT28: =SUM(AB28:AS28) | AU28: =AU11 | AV28: =AT28-AU28 | AW28: =MAX(0,25-AV28)*1.0 | AX28: 6 | AY28: 3 | AZ28: 4 | BA28: 4 | BB28: 4 | BC28: 5 | BD28: 4 | BE28: 5 | BF28: 4 | BG28: 5 | BH28: 4 | BI28: 4 | BJ28: 4 | BK28: 4 | BL28: 5 | BM28: 3 | BN28: 3 | BO28: 4 | BP28: =SUM(AX28:BO28) | BQ28: =BQ11 | BR28: =BP28-BQ28 | BS28: =MAX(0,25-BR28)*1.0 | BT28: =AA28+AW28+BS28
A29: 17 | B29: Miguel Teles de Menezes | C29: 52487 | D29: Oporto | E29: 9.5 | F29: 5 | G29: 3 | H29: 5 | I29: 5 | J29: 4 | K29: 5 | L29: 6 | M29: 6 | N29: 5 | O29: 6 | P29: 5 | Q29: 5 | R29: 4 | S29: 4 | T29: 6 | U29: 6 | V29: 3 | W29: 4 | X29: =SUM(F29:W29) | Y29: =Y11 | Z29: =X29-Y29 | AA29: =MAX(0,25-Z29)*1.0 | AB29: 5 | AC29: 4 | AD29: 4 | AE29: 4 | AF29: 6 | AG29: 3 | AH29: 4 | AI29: 4 | AJ29: 6 | AK29: 7 | AL29: 5 | AM29: 7 | AN29: 3 | AO29: 5 | AP29: 8 | AQ29: 5 | AR29: 4 | AS29: 6 | AT29: =SUM(AB29:AS29) | AU29: =AU11 | AV29: =AT29-AU29 | AW29: =MAX(0,25-AV29)*1.0 | AX29: 4 | AY29: 4 | AZ29: 5 | BA29: 4 | BB29: 6 | BC29: 9 | BD29: 4 | BE29: 5 | BF29: 6 | BG29: 7 | BH29: 4 | BI29: 2 | BJ29: 7 | BK29: 4 | BL29: 8 | BM29: 5 | BN29: 3 | BO29: 4 | BP29: =SUM(AX29:BO29) | BQ29: =BQ11 | BR29: =BP29-BQ29 | BS29: =MAX(0,25-BR29)*1.0 | BT29: =AA29+AW29+BS29
A30: 18 | B30: Igor Kostyn | C30: 56072 | D30: Vilamoura, C. G | E30: 10.8 | F30: 5 | G30: 3 | H30: 4 | I30: 6 | J30: 6 | K30: 3 | L30: 5 | M30: 6 | N30: 5 | O30: 6 | P30: 4 | Q30: 5 | R30: 5 | S30: 6 | T30: 5 | U30: 5 | V30: 4 | W30: 5 | X30: =SUM(F30:W30) | Y30: =Y11 | Z30: =X30-Y30 | AA30: =MAX(0,25-Z30)*1.0 | AB30: 6 | AC30: 4 | AD30: 5 | AE30: 3 | AF30: 4 | AG30: 5 | AH30: 4 | AI30: 5 | AJ30: 5 | AK30: 5 | AL30: 5 | AM30: 3 | AN30: 4 | AO30: 4 | AP30: 5 | AQ30: 5 | AR30: 4 | AS30: 4 | AT30: =SUM(AB30:AS30) | AU30: =AU11 | AV30: =AT30-AU30 | AW30: =MAX(0,25-AV30)*1.0 | AX30: 6 | AY30: 3 | AZ30: 4 | BA30: 4 | BB30: 4 | BC30: 4 | BD30: 5 | BE30: 5 | BF30: 5 | BG30: 6 | BH30: 4 | BI30: 3 | BJ30: 4 | BK30: 7 | BL30: 5 | BM30: 4 | BN30: 5 | BO30: 7 | BP30: =SUM(AX30:BO30) | BQ30: =BQ11 | BR30: =BP30-BQ30 | BS30: =MAX(0,25-BR30)*1.0 | BT30: =AA30+AW30+BS30
A31: 19 | B31: Min Sung Seo | D31: Internacional | E31: 5 | F31: 5 | G31: 3 | H31: 4 | I31: 8 | J31: 4 | K31: 5 | L31: 4 | M31: 7 | N31: 6 | O31: 6 | P31: 5 | Q31: 3 | R31: 4 | S31: 6 | T31: 6 | U31: 5 | V31: 4 | W31: 4 | X31: =SUM(F31:W31) | Y31: =Y11 | Z31: =X31-Y31 | AA31: =MAX(0,25-Z31)*1.0 | AB31: 4 | AC31: 3 | AD31: 5 | AE31: 4 | AF31: 4 | AG31: 7 | AH31: 5 | AI31: 5 | AJ31: 4 | AK31: 6 | AL31: 5 | AM31: 3 | AN31: 4 | AO31: 5 | AP31: 5 | AQ31: 5 | AR31: 3 | AS31: 4 | AT31: =SUM(AB31:AS31) | AU31: =AU11 | AV31: =AT31-AU31 | AW31: =MAX(0,25-AV31)*1.0 | AX31: 7 | AY31: 3 | AZ31: 5 | BA31: 4 | BB31: 4 | BC31: 3 | BD31: 4 | BE31: 5 | BF31: 5 | BG31: 5 | BH31: 3 | BI31: 4 | BJ31: 5 | BK31: 4 | BL31: 5 | BM31: 5 | BN31: 4 | BO31: 4 | BP31: =SUM(AX31:BO31) | BQ31: =BQ11 | BR31: =BP31-BQ31 | BS31: =MAX(0,25-BR31)*1.0 | BT31: =AA31+AW31+BS31
A32: 20 | B32: Beau Delfortrie | C32: 50247 | D32: Vila Sol | E32: 9.9 | F32: 5 | G32: 3 | H32: 4 | I32: 4 | J32: 5 | K32: 5 | L32: 4 | M32: 8 | N32: 5 | O32: 5 | P32: 4 | Q32: 6 | R32: 5 | S32: 7 | T32: 7 | U32: 5 | V32: 4 | W32: 5 | X32: =SUM(F32:W32) | Y32: =Y11 | Z32: =X32-Y32 | AA32: =MAX(0,25-Z32)*1.0 | AB32: 6 | AC32: 6 | AD32: 5 | AE32: 3 | AF32: 8 | AG32: 4 | AH32: 4 | AI32: 6 | AJ32: 6 | AK32: 6 | AL32: 6 | AM32: 4 | AN32: 7 | AO32: 6 | AP32: 6 | AQ32: 5 | AR32: 6 | AS32: 4 | AT32: =SUM(AB32:AS32) | AU32: =AU11 | AV32: =AT32-AU32 | AW32: =MAX(0,25-AV32)*1.0 | AX32: 5 | AY32: 5 | AZ32: 4 | BA32: 4 | BB32: 6 | BC32: 5 | BD32: 5 | BE32: 6 | BF32: 4 | BG32: 5 | BH32: 6 | BI32: 3 | BJ32: 6 | BK32: 6 | BL32: 5 | BM32: 6 | BN32: 5 | BO32: 5 | BP32: =SUM(AX32:BO32) | BQ32: =BQ11 | BR32: =BP32-BQ32 | BS32: =MAX(0,25-BR32)*1.0 | BT32: =AA32+AW32+BS32
A33: 21 | B33: Jack Murtagh | C33: 41593 | D33: Vilamoura, C. G | E33: 8.9 | F33: 7 | G33: 4 | H33: 6 | I33: 3 | J33: 7 | K33: 4 | L33: 4 | M33: 7 | N33: 5 | O33: 5 | P33: 6 | Q33: 4 | R33: 3 | S33: 6 | T33: 7 | U33: 5 | V33: 5 | W33: 5 | X33: =SUM(F33:W33) | Y33: =Y11 | Z33: =X33-Y33 | AA33: =MAX(0,25-Z33)*1.0 | AB33: 5 | AC33: 4 | AD33: 5 | AE33: 5 | AF33: 4 | AG33: 4 | AH33: 4 | AI33: 5 | AJ33: 6 | AK33: 6 | AL33: 4 | AM33: 4 | AN33: 5 | AO33: 5 | AP33: 6 | AQ33: 5 | AR33: 5 | AS33: 4 | AT33: =SUM(AB33:AS33) | AU33: =AU11 | AV33: =AT33-AU33 | AW33: =MAX(0,25-AV33)*1.0 | AX33: 7 | AY33: 3 | AZ33: 5 | BA33: 5 | BB33: 5 | BC33: 4 | BD33: 5 | BE33: 4 | BF33: 5 | BG33: 5 | BH33: 4 | BI33: 3 | BJ33: 5 | BK33: 4 | BL33: 5 | BM33: 4 | BN33: 3 | BO33: 5 | BP33: =SUM(AX33:BO33) | BQ33: =BQ11 | BR33: =BP33-BQ33 | BS33: =MAX(0,25-BR33)*1.0 | BT33: =AA33+AW33+BS33
A34: 22 | B34: Diogo Sequeira | C34: 56654 | D34: Quinta do Peru | E34: 4.9 | F34: 5 | G34: 5 | H34: 5 | I34: 5 | J34: 5 | K34: 4 | L34: 4 | M34: 6 | N34: 7 | O34: 5 | P34: 5 | Q34: 5 | R34: 6 | S34: 5 | T34: 7 | U34: 6 | V34: 4 | W34: 4 | X34: =SUM(F34:W34) | Y34: =Y11 | Z34: =X34-Y34 | AA34: =MAX(0,25-Z34)*1.0 | AB34: 5 | AC34: 3 | AD34: 5 | AE34: 3 | AF34: 4 | AG34: 4 | AH34: 4 | AI34: 4 | AJ34: 5 | AK34: 5 | AL34: 4 | AM34: 3 | AN34: 5 | AO34: 4 | AP34: 6 | AQ34: 3 | AR34: 4 | AS34: 4 | AT34: =SUM(AB34:AS34) | AU34: =AU11 | AV34: =AT34-AU34 | AW34: =MAX(0,25-AV34)*1.0 | AX34: 5 | AY34: 4 | AZ34: 4 | BA34: 4 | BB34: 4 | BC34: 4 | BD34: 5 | BE34: 5 | BF34: 5 | BG34: 5 | BH34: 4 | BI34: 3 | BJ34: 5 | BK34: 7 | BL34: 5 | BM34: 6 | BN34: 4 | BO34: 6 | BP34: =SUM(AX34:BO34) | BQ34: =BQ11 | BR34: =BP34-BQ34 | BS34: =MAX(0,25-BR34)*1.0 | BT34: =AA34+AW34+BS34
A35: 23 | B35: Maximilian O`callaghan | C35: 48623 | D35: Vilamoura, C. G | E35: 22.2 | F35: 6 | G35: 5 | H35: 5 | I35: 10 | J35: 5 | K35: 4 | L35: 5 | M35: 6 | N35: 4 | O35: 6 | P35: 5 | Q35: 3 | R35: 4 | S35: 6 | T35: 7 | U35: 4 | V35: 4 | W35: 5 | X35: =SUM(F35:W35) | Y35: =Y11 | Z35: =X35-Y35 | AA35: =MAX(0,25-Z35)*1.0 | AB35: 6 | AC35: 3 | AD35: 6 | AE35: 5 | AF35: 10 | AG35: 4 | AH35: 4 | AI35: 6 | AJ35: 6 | AK35: 5 | AL35: 5 | AM35: 4 | AN35: 6 | AO35: 4 | AP35: 6 | AQ35: 4 | AR35: 4 | AS35: 5 | AT35: =SUM(AB35:AS35) | AU35: =AU11 | AV35: =AT35-AU35 | AW35: =MAX(0,25-AV35)*1.0 | AX35: 5 | AY35: 5 | AZ35: 5 | BA35: 4 | BB35: 4 | BC35: 5 | BD35: 5 | BE35: 6 | BF35: 5 | BG35: 5 | BH35: 6 | BI35: 4 | BJ35: 6 | BK35: 5 | BL35: 5 | BM35: 5 | BN35: 4 | BO35: 5 | BP35: =SUM(AX35:BO35) | BQ35: =BQ11 | BR35: =BP35-BQ35 | BS35: =MAX(0,25-BR35)*1.0 | BT35: =AA35+AW35+BS35
A36: 24 | B36: Madalena Figueiredo | C36: 52011 | D36: Belas | E36: 8.8 | F36: 6 | G36: 5 | H36: 6 | I36: 4 | J36: 4 | K36: 5 | L36: 4 | M36: 7 | N36: 7 | O36: 6 | P36: 6 | Q36: 4 | R36: 5 | S36: 6 | T36: 8 | U36: 5 | V36: 3 | W36: 5 | X36: =SUM(F36:W36) | Y36: =Y11 | Z36: =X36-Y36 | AA36: =MAX(0,25-Z36)*1.0 | AB36: 7 | AC36: 3 | AD36: 5 | AE36: 4 | AF36: 5 | AG36: 5 | AH36: 5 | AI36: 6 | AJ36: 5 | AK36: 7 | AL36: 6 | AM36: 3 | AN36: 5 | AO36: 4 | AP36: 8 | AQ36: 6 | AR36: 4 | AS36: 5 | AT36: =SUM(AB36:AS36) | AU36: =AU11 | AV36: =AT36-AU36 | AW36: =MAX(0,25-AV36)*1.0 | AX36: 6 | AY36: 4 | AZ36: 5 | BA36: 3 | BB36: 4 | BC36: 4 | BD36: 4 | BE36: 5 | BF36: 6 | BG36: 7 | BH36: 5 | BI36: 3 | BJ36: 6 | BK36: 4 | BL36: 7 | BM36: 4 | BN36: 3 | BO36: 5 | BP36: =SUM(AX36:BO36) | BQ36: =BQ11 | BR36: =BP36-BQ36 | BS36: =MAX(0,25-BR36)*1.0 | BT36: =AA36+AW36+BS36
A37: 25 | B37: Ethan Van Vuuren Maciel | C37: 56765 | D37: Vila Sol | E37: 22.7 | F37: 6 | G37: 5 | H37: 5 | I37: 5 | J37: 5 | K37: 3 | L37: 5 | M37: 6 | N37: 6 | O37: 8 | P37: 4 | Q37: 4 | R37: 7 | S37: 5 | T37: 8 | U37: 5 | V37: 5 | W37: 5 | X37: =SUM(F37:W37) | Y37: =Y11 | Z37: =X37-Y37 | AA37: =MAX(0,25-Z37)*1.0 | AB37: 6 | AC37: 4 | AD37: 6 | AE37: 4 | AF37: 4 | AG37: 6 | AH37: 5 | AI37: 6 | AJ37: 5 | AK37: 8 | AL37: 8 | AM37: 5 | AN37: 6 | AO37: 5 | AP37: 6 | AQ37: 5 | AR37: 5 | AS37: 8 | AT37: =SUM(AB37:AS37) | AU37: =AU11 | AV37: =AT37-AU37 | AW37: =MAX(0,25-AV37)*1.0 | AX37: 5 | AY37: 4 | AZ37: 6 | BA37: 4 | BB37: 5 | BC37: 4 | BD37: 5 | BE37: 5 | BF37: 7 | BG37: 6 | BH37: 6 | BI37: 2 | BJ37: 8 | BK37: 5 | BL37: 6 | BM37: 6 | BN37: 3 | BO37: 5 | BP37: =SUM(AX37:BO37) | BQ37: =BQ11 | BR37: =BP37-BQ37 | BS37: =MAX(0,25-BR37)*1.0 | BT37: =AA37+AW37+BS37
A38: 26 | B38: Ethan Hutchinson | C38: 48990 | D38: Assoc. Qta.Lago | E38: 10.3 | F38: 8 | G38: 4 | H38: 6 | I38: 4 | J38: 4 | K38: 4 | L38: 5 | M38: 6 | N38: 5 | O38: 7 | P38: 5 | Q38: 6 | R38: 5 | S38: 10 | T38: 7 | U38: 6 | V38: 3 | W38: 6 | X38: =SUM(F38:W38) | Y38: =Y11 | Z38: =X38-Y38 | AA38: =MAX(0,25-Z38)*1.0 | AB38: 5 | AC38: 4 | AD38: 5 | AE38: 4 | AF38: 3 | AG38: 5 | AH38: 5 | AI38: 6 | AJ38: 5 | AK38: 5 | AL38: 5 | AM38: 3 | AN38: 4 | AO38: 4 | AP38: 5 | AQ38: 4 | AR38: 6 | AS38: 7 | AT38: =SUM(AB38:AS38) | AU38: =AU11 | AV38: =AT38-AU38 | AW38: =MAX(0,25-AV38)*1.0 | AX38: 6 | AY38: 3 | AZ38: 4 | BA38: 2 | BB38: 4 | BC38: 11 | BD38: 6 | BE38: 8 | BF38: 5 | BG38: 7 | BH38: 4 | BI38: 2 | BJ38: 7 | BK38: 4 | BL38: 5 | BM38: 4 | BN38: 4 | BO38: 5 | BP38: =SUM(AX38:BO38) | BQ38: =BQ11 | BR38: =BP38-BQ38 | BS38: =MAX(0,25-BR38)*1.0 | BT38: =AA38+AW38+BS38
A39: NS | B39: Javier Cobiella | D39: Internacional | E39: -3.3 | AA39: 0 | AW39: 0 | BS39: 0 | BT39: =AA39+AW39+BS39

Sheet gg_u14
A1: Greatgolf Junior Open U14
A2: Data: | B2: 2026-02-16
A3: Campo: | B3: Vilamoura — Millennium
A4: ccode/tcode: | B4: 935/10295
A5: Link FPG: | B5: https://scoring.datagolf.pt/pt/Classifications.aspx?ccode=935&tcode=10295
A6: Multiplicador: | B6: 1
A7: Tipo: | B7: GG_U14
A10: Pos | B10: Nome | C10: FedCode | D10: Clube | E10: HCP | F10: R1 h1 | G10: h2 | H10: h3 | I10: h4 | J10: h5 | K10: h6 | L10: h7 | M10: h8 | N10: h9 | O10: h10 | P10: h11 | Q10: h12 | R10: h13 | S10: h14 | T10: h15 | U10: h16 | V10: h17 | W10: h18 | X10: R1 Gross | Y10: R1 Par | Z10: R1 ToPar | AA10: R1 Pts | AB10: R2 h1 | AC10: h2 | AD10: h3 | AE10: h4 | AF10: h5 | AG10: h6 | AH10: h7 | AI10: h8 | AJ10: h9 | AK10: h10 | AL10: h11 | AM10: h12 | AN10: h13 | AO10: h14 | AP10: h15 | AQ10: h16 | AR10: h17 | AS10: h18 | AT10: R2 Gross | AU10: R2 Par | AV10: R2 ToPar | AW10: R2 Pts | AX10: Total Pts
A11: —Par— | F11: 5 | G11: 3 | H11: 4 | I11: 3 | J11: 4 | K11: 4 | L11: 4 | M11: 5 | N11: 4 | O11: 5 | P11: 4 | Q11: 3 | R11: 4 | S11: 4 | T11: 5 | U11: 4 | V11: 3 | W11: 4 | Y11: =SUM(F11:W11) | AB11: 5 | AC11: 3 | AD11: 4 | AE11: 3 | AF11: 4 | AG11: 4 | AH11: 4 | AI11: 5 | AJ11: 4 | AK11: 5 | AL11: 4 | AM11: 3 | AN11: 4 | AO11: 4 | AP11: 5 | AQ11: 4 | AR11: 3 | AS11: 4 | AU11: =SUM(AB11:AS11)
A12: —SI— | F12: 16 | G12: 12 | H12: 4 | I12: 6 | J12: 8 | K12: 18 | L12: 10 | M12: 14 | N12: 2 | O12: 17 | P12: 7 | Q12: 5 | R12: 1 | S12: 3 | T12: 13 | U12: 15 | V12: 11 | W12: 9 | AB12: 16 | AC12: 12 | AD12: 4 | AE12: 6 | AF12: 8 | AG12: 18 | AH12: 10 | AI12: 14 | AJ12: 2 | AK12: 17 | AL12: 7 | AM12: 5 | AN12: 1 | AO12: 3 | AP12: 13 | AQ12: 15 | AR12: 11 | AS12: 9
A13: 1 | B13: Nuno Palmares Jr. | C13: 49124 | D13: Estoril | E13: 4.4 | F13: 4 | G13: 3 | H13: 4 | I13: 3 | J13: 4 | K13: 2 | L13: 3 | M13: 5 | N13: 4 | O13: 5 | P13: 5 | Q13: 4 | R13: 5 | S13: 4 | T13: 6 | U13: 5 | V13: 3 | W13: 5 | X13: =SUM(F13:W13) | Y13: =Y11 | Z13: =X13-Y13 | AA13: =MAX(0,25-Z13)*1.0 | AB13: 5 | AC13: 3 | AD13: 4 | AE13: 3 | AF13: 5 | AG13: 5 | AH13: 4 | AI13: 5 | AJ13: 5 | AK13: 5 | AL13: 4 | AM13: 3 | AN13: 5 | AO13: 3 | AP13: 5 | AQ13: 6 | AR13: 5 | AS13: 4 | AT13: =SUM(AB13:AS13) | AU13: =AU11 | AV13: =AT13-AU13 | AW13: =MAX(0,25-AV13)*1.0 | AX13: =AA13+AW13
A14: 2 | B14: João Rocha | C14: 48297 | D14: Estoril | E14: 4.3 | F14: 6 | G14: 4 | H14: 6 | I14: 3 | J14: 4 | K14: 3 | L14: 5 | M14: 5 | N14: 4 | O14: 5 | P14: 4 | Q14: 2 | R14: 5 | S14: 4 | T14: 6 | U14: 5 | V14: 3 | W14: 5 | X14: =SUM(F14:W14) | Y14: =Y11 | Z14: =X14-Y14 | AA14: =MAX(0,25-Z14)*1.0 | AB14: 5 | AC14: 3 | AD14: 5 | AE14: 3 | AF14: 5 | AG14: 5 | AH14: 5 | AI14: 4 | AJ14: 4 | AK14: 6 | AL14: 3 | AM14: 3 | AN14: 5 | AO14: 7 | AP14: 6 | AQ14: 4 | AR14: 3 | AS14: 4 | AT14: =SUM(AB14:AS14) | AU14: =AU11 | AV14: =AT14-AU14 | AW14: =MAX(0,25-AV14)*1.0 | AX14: =AA14+AW14
A15: 3 | B15: Tomás Lima Pinto | C15: 46037 | D15: Vilamoura, C. G | E15: 9.6 | F15: 4 | G15: 3 | H15: 5 | I15: 4 | J15: 4 | K15: 5 | L15: 5 | M15: 5 | N15: 5 | O15: 8 | P15: 5 | Q15: 3 | R15: 4 | S15: 4 | T15: 5 | U15: 4 | V15: 4 | W15: 5 | X15: =SUM(F15:W15) | Y15: =Y11 | Z15: =X15-Y15 | AA15: =MAX(0,25-Z15)*1.0 | AB15: 5 | AC15: 4 | AD15: 4 | AE15: 4 | AF15: 5 | AG15: 5 | AH15: 5 | AI15: 6 | AJ15: 5 | AK15: 5 | AL15: 5 | AM15: 3 | AN15: 5 | AO15: 4 | AP15: 6 | AQ15: 7 | AR15: 3 | AS15: 3 | AT15: =SUM(AB15:AS15) | AU15: =AU11 | AV15: =AT15-AU15 | AW15: =MAX(0,25-AV15)*1.0 | AX15: =AA15+AW15
A16: 4 | B16: Finn Gordon | C16: 55269 | D16: Vilamoura, C. G | E16: 6 | F16: 5 | G16: 3 | H16: 3 | I16: 3 | J16: 4 | K16: 5 | L16: 5 | M16: 7 | N16: 4 | O16: 6 | P16: 5 | Q16: 3 | R16: 5 | S16: 4 | T16: 5 | U16: 6 | V16: 4 | W16: 5 | X16: =SUM(F16:W16) | Y16: =Y11 | Z16: =X16-Y16 | AA16: =MAX(0,25-Z16)*1.0 | AB16: 5 | AC16: 3 | AD16: 5 | AE16: 4 | AF16: 5 | AG16: 6 | AH16: 4 | AI16: 7 | AJ16: 4 | AK16: 6 | AL16: 4 | AM16: 3 | AN16: 5 | AO16: 4 | AP16: 5 | AQ16: 4 | AR16: 3 | AS16: 5 | AT16: =SUM(AB16:AS16) | AU16: =AU11 | AV16: =AT16-AU16 | AW16: =MAX(0,25-AV16)*1.0 | AX16: =AA16+AW16
A17: 5 | B17: Salvador Ivo de Carvalho | C17: 43968 | D17: Estoril | E17: 7.9 | F17: 5 | G17: 4 | H17: 5 | I17: 3 | J17: 5 | K17: 3 | L17: 5 | M17: 6 | N17: 6 | O17: 6 | P17: 4 | Q17: 4 | R17: 5 | S17: 4 | T17: 6 | U17: 5 | V17: 3 | W17: 5 | X17: =SUM(F17:W17) | Y17: =Y11 | Z17: =X17-Y17 | AA17: =MAX(0,25-Z17)*1.0 | AB17: 5 | AC17: 3 | AD17: 4 | AE17: 4 | AF17: 5 | AG17: 4 | AH17: 5 | AI17: 5 | AJ17: 4 | AK17: 5 | AL17: 5 | AM17: 5 | AN17: 6 | AO17: 4 | AP17: 6 | AQ17: 5 | AR17: 4 | AS17: 5 | AT17: =SUM(AB17:AS17) | AU17: =AU11 | AV17: =AT17-AU17 | AW17: =MAX(0,25-AV17)*1.0 | AX17: =AA17+AW17
A18: 6 | B18: William Gao | C18: 51524 | D18: Quinta do Peru | E18: 8.7 | F18: 6 | G18: 4 | H18: 4 | I18: 4 | J18: 3 | K18: 7 | L18: 4 | M18: 6 | N18: 6 | O18: 6 | P18: 4 | Q18: 3 | R18: 5 | S18: 5 | T18: 5 | U18: 5 | V18: 3 | W18: 5 | X18: =SUM(F18:W18) | Y18: =Y11 | Z18: =X18-Y18 | AA18: =MAX(0,25-Z18)*1.0 | AB18: 6 | AC18: 3 | AD18: 6 | AE18: 3 | AF18: 5 | AG18: 4 | AH18: 4 | AI18: 6 | AJ18: 6 | AK18: 6 | AL18: 5 | AM18: 5 | AN18: 5 | AO18: 4 | AP18: 5 | AQ18: 4 | AR18: 3 | AS18: 5 | AT18: =SUM(AB18:AS18) | AU18: =AU11 | AV18: =AT18-AU18 | AW18: =MAX(0,25-AV18)*1.0 | AX18: =AA18+AW18
A19: 7 | B19: Tomás Rente | C19: 46311 | D19: Miramar | E19: 5.7 | F19: 5 | G19: 3 | H19: 5 | I19: 3 | J19: 5 | K19: 4 | L19: 4 | M19: 6 | N19: 5 | O19: 5 | P19: 6 | Q19: 4 | R19: 5 | S19: 4 | T19: 6 | U19: 5 | V19: 5 | W19: 5 | X19: =SUM(F19:W19) | Y19: =Y11 | Z19: =X19-Y19 | AA19: =MAX(0,25-Z19)*1.0 | AB19: 6 | AC19: 4 | AD19: 3 | AE19: 3 | AF19: 5 | AG19: 4 | AH19: 4 | AI19: 6 | AJ19: 5 | AK19: 7 | AL19: 3 | AM19: 3 | AN19: 6 | AO19: 6 | AP19: 5 | AQ19: 4 | AR19: 3 | AS19: 5 | AT19: =SUM(AB19:AS19) | AU19: =AU11 | AV19: =AT19-AU19 | AW19: =MAX(0,25-AV19)*1.0 | AX19: =AA19+AW19
A20: 8 | B20: Seb Toft | C20: 57291 | D20: Vilamoura, C. G | E20: 5.3 | F20: 4 | G20: 3 | H20: 4 | I20: 3 | J20: 5 | K20: 4 | L20: 4 | M20: 6 | N20: 6 | O20: 6 | P20: 5 | Q20: 3 | R20: 5 | S20: 7 | T20: 6 | U20: 5 | V20: 4 | W20: 5 | X20: =SUM(F20:W20) | Y20: =Y11 | Z20: =X20-Y20 | AA20: =MAX(0,25-Z20)*1.0 | AB20: 6 | AC20: 2 | AD20: 4 | AE20: 3 | AF20: 3 | AG20: 4 | AH20: 3 | AI20: 5 | AJ20: 5 | AK20: 5 | AL20: 5 | AM20: 3 | AN20: 6 | AO20: 5 | AP20: 5 | AQ20: 5 | AR20: 2 | AS20: 5 | AT20: =SUM(AB20:AS20) | AU20: =AU11 | AV20: =AT20-AU20 | AW20: =MAX(0,25-AV20)*1.0 | AX20: =AA20+AW20
A21: 9 | B21: Yoon Jun Lee | D21: Internacional | E21: 7 | F21: 5 | G21: 3 | H21: 6 | I21: 3 | J21: 5 | K21: 4 | L21: 4 | M21: 5 | N21: 7 | O21: 6 | P21: 7 | Q21: 3 | R21: 5 | S21: 4 | T21: 5 | U21: 5 | V21: 3 | W21: 6 | X21: =SUM(F21:W21) | Y21: =Y11 | Z21: =X21-Y21 | AA21: =MAX(0,25-Z21)*1.0 | AB21: 7 | AC21: 3 | AD21: 4 | AE21: 3 | AF21: 4 | AG21: 4 | AH21: 5 | AI21: 6 | AJ21: 4 | AK21: 4 | AL21: 6 | AM21: 3 | AN21: 4 | AO21: 4 | AP21: 8 | AQ21: 3 | AR21: 3 | AS21: 5 | AT21: =SUM(AB21:AS21) | AU21: =AU11 | AV21: =AT21-AU21 | AW21: =MAX(0,25-AV21)*1.0 | AX21: =AA21+AW21
A22: 10 | B22: Afonso de Sousa Pinto | C22: 46480 | D22: Oporto | E22: 10.2 | F22: 5 | G22: 3 | H22: 5 | I22: 3 | J22: 5 | K22: 5 | L22: 4 | M22: 6 | N22: 5 | O22: 5 | P22: 5 | Q22: 3 | R22: 5 | S22: 7 | T22: 6 | U22: 5 | V22: 6 | W22: 4 | X22: =SUM(F22:W22) | Y22: =Y11 | Z22: =X22-Y22 | AA22: =MAX(0,25-Z22)*1.0 | AB22: 5 | AC22: 2 | AD22: 7 | AE22: 4 | AF22: 5 | AG22: 5 | AH22: 4 | AI22: 5 | AJ22: 7 | AK22: 6 | AL22: 5 | AM22: 4 | AN22: 5 | AO22: 5 | AP22: 6 | AQ22: 4 | AR22: 4 | AS22: 5 | AT22: =SUM(AB22:AS22) | AU22: =AU11 | AV22: =AT22-AU22 | AW22: =MAX(0,25-AV22)*1.0 | AX22: =AA22+AW22
A23: 11 | B23: José Silva | C23: 54845 | D23: Amendoeira | E23: 11.1 | F23: 5 | G23: 3 | H23: 5 | I23: 4 | J23: 7 | K23: 3 | L23: 4 | M23: 6 | N23: 6 | O23: 6 | P23: 5 | Q23: 4 | R23: 4 | S23: 5 | T23: 6 | U23: 5 | V23: 4 | W23: 6 | X23: =SUM(F23:W23) | Y23: =Y11 | Z23: =X23-Y23 | AA23: =MAX(0,25-Z23)*1.0 | AB23: 6 | AC23: 4 | AD23: 5 | AE23: 4 | AF23: 4 | AG23: 4 | AH23: 4 | AI23: 5 | AJ23: 5 | AK23: 5 | AL23: 5 | AM23: 3 | AN23: 6 | AO23: 5 | AP23: 6 | AQ23: 5 | AR23: 4 | AS23: 5 | AT23: =SUM(AB23:AS23) | AU23: =AU11 | AV23: =AT23-AU23 | AW23: =MAX(0,25-AV23)*1.0 | AX23: =AA23+AW23
A24: 12 | B24: Catarina Sousa Conceição | C24: 48794 | D24: Vilamoura, C. G | E24: 10.9 | F24: 7 | G24: 5 | H24: 6 | I24: 3 | J24: 10 | K24: 4 | L24: 4 | M24: 8 | N24: 5 | O24: 6 | P24: 5 | Q24: 3 | R24: 4 | S24: 6 | T24: 6 | U24: 5 | V24: 4 | W24: 5 | X24: =SUM(F24:W24) | Y24: =Y11 | Z24: =X24-Y24 | AA24: =MAX(0,25-Z24)*1.0 | AB24: 6 | AC24: 3 | AD24: 5 | AE24: 3 | AF24: 5 | AG24: 4 | AH24: 5 | AI24: 5 | AJ24: 6 | AK24: 6 | AL24: 6 | AM24: 3 | AN24: 6 | AO24: 6 | AP24: 5 | AQ24: 4 | AR24: 4 | AS24: 5 | AT24: =SUM(AB24:AS24) | AU24: =AU11 | AV24: =AT24-AU24 | AW24: =MAX(0,25-AV24)*1.0 | AX24: =AA24+AW24
A25: 13 | B25: David Filip Jun. | C25: 51949 | D25: Lisbon SC | E25: 7.8 | F25: 8 | G25: 6 | H25: 6 | I25: 4 | J25: 11 | K25: 4 | L25: 5 | M25: 6 | N25: 6 | O25: 5 | P25: 4 | Q25: 3 | R25: 4 | S25: 5 | T25: 6 | U25: 5 | V25: 4 | W25: 5 | X25: =SUM(F25:W25) | Y25: =Y11 | Z25: =X25-Y25 | AA25: =MAX(0,25-Z25)*1.0 | AB25: 6 | AC25: 4 | AD25: 5 | AE25: 4 | AF25: 4 | AG25: 5 | AH25: 5 | AI25: 5 | AJ25: 5 | AK25: 5 | AL25: 5 | AM25: 4 | AN25: 6 | AO25: 5 | AP25: 8 | AQ25: 4 | AR25: 3 | AS25: 4 | AT25: =SUM(AB25:AS25) | AU25: =AU11 | AV25: =AT25-AU25 | AW25: =MAX(0,25-AV25)*1.0 | AX25: =AA25+AW25
A26: 14 | B26: Alfie Kelley | C26: 58043 | D26: Belas | E26: 18.8 | F26: 10 | G26: 3 | H26: 6 | I26: 3 | J26: 8 | K26: 5 | L26: 4 | M26: 7 | N26: 7 | O26: 5 | P26: 4 | Q26: 3 | R26: 5 | S26: 6 | T26: 6 | U26: 6 | V26: 5 | W26: 6 | X26: =SUM(F26:W26) | Y26: =Y11 | Z26: =X26-Y26 | AA26: =MAX(0,25-Z26)*1.0 | AB26: 6 | AC26: 3 | AD26: 5 | AE26: 3 | AF26: 5 | AG26: 6 | AH26: 4 | AI26: 6 | AJ26: 8 | AK26: 9 | AL26: 6 | AM26: 5 | AN26: 5 | AO26: 4 | AP26: 5 | AQ26: 5 | AR26: 3 | AS26: 5 | AT26: =SUM(AB26:AS26) | AU26: =AU11 | AV26: =AT26-AU26 | AW26: =MAX(0,25-AV26)*1.0 | AX26: =AA26+AW26

Sheet gg_u12
A1: Greatgolf Junior Open U12
A2: Data: | B2: 2026-02-16
A3: Campo: | B3: Vilamoura — Millennium
A4: ccode/tcode: | B4: 935/10296
A5: Link FPG: | B5: https://scoring.datagolf.pt/pt/Classifications.aspx?ccode=935&tcode=10296
A6: Multiplicador: | B6: 1
A7: Tipo: | B7: GG_U12
A10: Pos | B10: Nome | C10: FedCode | D10: Clube | E10: HCP | F10: R1 h1 | G10: h2 | H10: h3 | I10: h4 | J10: h5 | K10: h6 | L10: h7 | M10: h8 | N10: h9 | O10: h10 | P10: h11 | Q10: h12 | R10: h13 | S10: h14 | T10: h15 | U10: h16 | V10: h17 | W10: h18 | X10: R1 Gross | Y10: R1 Par | Z10: R1 ToPar | AA10: R1 Pts | AB10: R2 h1 | AC10: h2 | AD10: h3 | AE10: h4 | AF10: h5 | AG10: h6 | AH10: h7 | AI10: h8 | AJ10: h9 | AK10: h10 | AL10: h11 | AM10: h12 | AN10: h13 | AO10: h14 | AP10: h15 | AQ10: h16 | AR10: h17 | AS10: h18 | AT10: R2 Gross | AU10: R2 Par | AV10: R2 ToPar | AW10: R2 Pts | AX10: Total Pts
A11: —Par— | F11: 5 | G11: 3 | H11: 4 | I11: 3 | J11: 4 | K11: 4 | L11: 4 | M11: 5 | N11: 4 | O11: 5 | P11: 4 | Q11: 3 | R11: 4 | S11: 4 | T11: 5 | U11: 4 | V11: 3 | W11: 4 | Y11: =SUM(F11:W11) | AB11: 5 | AC11: 3 | AD11: 4 | AE11: 3 | AF11: 4 | AG11: 4 | AH11: 4 | AI11: 5 | AJ11: 4 | AK11: 5 | AL11: 4 | AM11: 3 | AN11: 4 | AO11: 4 | AP11: 5 | AQ11: 4 | AR11: 3 | AS11: 4 | AU11: =SUM(AB11:AS11)
A12: —SI— | F12: 16 | G12: 12 | H12: 4 | I12: 6 | J12: 8 | K12: 18 | L12: 10 | M12: 14 | N12: 2 | O12: 17 | P12: 7 | Q12: 5 | R12: 1 | S12: 3 | T12: 13 | U12: 15 | V12: 11 | W12: 9 | AB12: 16 | AC12: 12 | AD12: 4 | AE12: 6 | AF12: 8 | AG12: 18 | AH12: 10 | AI12: 14 | AJ12: 2 | AK12: 17 | AL12: 7 | AM12: 5 | AN12: 1 | AO12: 3 | AP12: 13 | AQ12: 15 | AR12: 11 | AS12: 9
A13: 1 | B13: Ricardo Castro Ferreira | C13: 49085 | D13: Estoril | E13: 7.7 | F13: 5 | G13: 3 | H13: 4 | I13: 3 | J13: 5 | K13: 5 | L13: 4 | M13: 5 | N13: 4 | O13: 4 | P13: 5 | Q13: 3 | R13: 5 | S13: 6 | T13: 5 | U13: 4 | V13: 2 | W13: 5 | X13: =SUM(F13:W13) | Y13: =Y11 | Z13: =X13-Y13 | AA13: =MAX(0,25-Z13)*1.0 | AB13: 5 | AC13: 3 | AD13: 4 | AE13: 3 | AF13: 5 | AG13: 4 | AH13: 4 | AI13: 5 | AJ13: 5 | AK13: 5 | AL13: 5 | AM13: 3 | AN13: 5 | AO13: 4 | AP13: 5 | AQ13: 4 | AR13: 4 | AS13: 4 | AT13: =SUM(AB13:AS13) | AU13: =AU11 | AV13: =AT13-AU13 | AW13: =MAX(0,25-AV13)*1.0 | AX13: =AA13+AW13
A14: 2 | B14: Joe Short | C14: 51804 | D14: Vila Sol | E14: 6.1 | F14: 5 | G14: 3 | H14: 7 | I14: 3 | J14: 3 | K14: 3 | L14: 5 | M14: 5 | N14: 5 | O14: 5 | P14: 4 | Q14: 3 | R14: 4 | S14: 4 | T14: 6 | U14: 5 | V14: 4 | W14: 5 | X14: =SUM(F14:W14) | Y14: =Y11 | Z14: =X14-Y14 | AA14: =MAX(0,25-Z14)*1.0 | AB14: 6 | AC14: 4 | AD14: 5 | AE14: 4 | AF14: 5 | AG14: 4 | AH14: 5 | AI14: 5 | AJ14: 5 | AK14: 7 | AL14: 4 | AM14: 5 | AN14: 6 | AO14: 5 | AP14: 7 | AQ14: 3 | AR14: 3 | AS14: 4 | AT14: =SUM(AB14:AS14) | AU14: =AU11 | AV14: =AT14-AU14 | AW14: =MAX(0,25-AV14)*1.0 | AX14: =AA14+AW14
A15: 3 | B15: Guo Ziyang | C15: 57904 | D15: Estoril | E15: 11.4 | F15: 7 | G15: 3 | H15: 5 | I15: 4 | J15: 4 | K15: 4 | L15: 5 | M15: 6 | N15: 4 | O15: 6 | P15: 5 | Q15: 4 | R15: 5 | S15: 4 | T15: 6 | U15: 5 | V15: 3 | W15: 5 | X15: =SUM(F15:W15) | Y15: =Y11 | Z15: =X15-Y15 | AA15: =MAX(0,25-Z15)*1.0 | AB15: 6 | AC15: 2 | AD15: 4 | AE15: 3 | AF15: 4 | AG15: 4 | AH15: 4 | AI15: 7 | AJ15: 5 | AK15: 6 | AL15: 4 | AM15: 3 | AN15: 7 | AO15: 5 | AP15: 6 | AQ15: 5 | AR15: 3 | AS15: 4 | AT15: =SUM(AB15:AS15) | AU15: =AU11 | AV15: =AT15-AU15 | AW15: =MAX(0,25-AV15)*1.0 | AX15: =AA15+AW15
A16: 4 | B16: Manuel Goulartt Medeiros | C16: 52884 | D16: Santo da Serra | E16: 12 | F16: 6 | G16: 4 | H16: 4 | I16: 3 | J16: 6 | K16: 3 | L16: 3 | M16: 6 | N16: 5 | O16: 7 | P16: 5 | Q16: 4 | R16: 6 | S16: 4 | T16: 8 | U16: 5 | V16: 5 | W16: 3 | X16: =SUM(F16:W16) | Y16: =Y11 | Z16: =X16-Y16 | AA16: =MAX(0,25-Z16)*1.0 | AB16: 6 | AC16: 4 | AD16: 5 | AE16: 3 | AF16: 4 | AG16: 4 | AH16: 5 | AI16: 5 | AJ16: 4 | AK16: 5 | AL16: 5 | AM16: 4 | AN16: 4 | AO16: 5 | AP16: 6 | AQ16: 4 | AR16: 4 | AS16: 5 | AT16: =SUM(AB16:AS16) | AU16: =AU11 | AV16: =AT16-AU16 | AW16: =MAX(0,25-AV16)*1.0 | AX16: =AA16+AW16
A17: 5 | B17: Benji Botham | D17: Internacional | E17: 13 | F17: 5 | G17: 4 | H17: 5 | I17: 5 | J17: 5 | K17: 4 | L17: 4 | M17: 5 | N17: 5 | O17: 7 | P17: 5 | Q17: 3 | R17: 5 | S17: 6 | T17: 7 | U17: 6 | V17: 3 | W17: 4 | X17: =SUM(F17:W17) | Y17: =Y11 | Z17: =X17-Y17 | AA17: =MAX(0,25-Z17)*1.0 | AB17: 5 | AC17: 3 | AD17: 4 | AE17: 5 | AF17: 5 | AG17: 5 | AH17: 5 | AI17: 6 | AJ17: 4 | AK17: 6 | AL17: 6 | AM17: 3 | AN17: 5 | AO17: 5 | AP17: 7 | AQ17: 4 | AR17: 4 | AS17: 5 | AT17: =SUM(AB17:AS17) | AU17: =AU11 | AV17: =AT17-AU17 | AW17: =MAX(0,25-AV17)*1.0 | AX17: =AA17+AW17
A18: 6 | B18: Marek Pejas | C18: 52069 | D18: Vilamoura, C. G | E18: 20.4 | F18: 6 | G18: 4 | H18: 6 | I18: 4 | J18: 6 | K18: 4 | L18: 4 | M18: 6 | N18: 5 | O18: 6 | P18: 5 | Q18: 4 | R18: 6 | S18: 4 | T18: 6 | U18: 7 | V18: 3 | W18: 6 | X18: =SUM(F18:W18) | Y18: =Y11 | Z18: =X18-Y18 | AA18: =MAX(0,25-Z18)*1.0 | AB18: 7 | AC18: 3 | AD18: 7 | AE18: 3 | AF18: 8 | AG18: 5 | AH18: 5 | AI18: 6 | AJ18: 5 | AK18: 6 | AL18: 5 | AM18: 4 | AN18: 6 | AO18: 6 | AP18: 7 | AQ18: 5 | AR18: 4 | AS18: 5 | AT18: =SUM(AB18:AS18) | AU18: =AU11 | AV18: =AT18-AU18 | AW18: =MAX(0,25-AV18)*1.0 | AX18: =AA18+AW18
A19: 7 | B19: Miguel Santos Pereira | C19: 48946 | D19: Vilamoura, C. G | E19: 21.3 | F19: 6 | G19: 3 | H19: 5 | I19: 4 | J19: 5 | K19: 4 | L19: 5 | M19: 5 | N19: 5 | O19: 6 | P19: 6 | Q19: 4 | R19: 4 | S19: 6 | T19: 9 | U19: 6 | V19: 3 | W19: 7 | X19: =SUM(F19:W19) | Y19: =Y11 | Z19: =X19-Y19 | AA19: =MAX(0,25-Z19)*1.0 | AB19: 7 | AC19: 4 | AD19: 6 | AE19: 3 | AF19: 5 | AG19: 4 | AH19: 4 | AI19: 5 | AJ19: 5 | AK19: 5 | AL19: 6 | AM19: 3 | AN19: 5 | AO19: 3 | AP19: 7 | AQ19: 5 | AR19: 4 | AS19: 7 | AT19: =SUM(AB19:AS19) | AU19: =AU11 | AV19: =AT19-AU19 | AW19: =MAX(0,25-AV19)*1.0 | AX19: =AA19+AW19
A20: 8 | B20: George Campbell | D20: Internacional | E20: 20 | F20: 7 | G20: 3 | H20: 5 | I20: 3 | J20: 7 | K20: 5 | L20: 5 | M20: 8 | N20: 5 | O20: 6 | P20: 3 | Q20: 3 | R20: 6 | S20: 5 | T20: 7 | U20: 6 | V20: 5 | W20: 5 | X20: =SUM(F20:W20) | Y20: =Y11 | Z20: =X20-Y20 | AA20: =MAX(0,25-Z20)*1.0 | AB20: 5 | AC20: 2 | AD20: 6 | AE20: 3 | AF20: 5 | AG20: 5 | AH20: 4 | AI20: 5 | AJ20: 7 | AK20: 6 | AL20: 6 | AM20: 3 | AN20: 8 | AO20: 5 | AP20: 7 | AQ20: 5 | AR20: 4 | AS20: 6 | AT20: =SUM(AB20:AS20) | AU20: =AU11 | AV20: =AT20-AU20 | AW20: =MAX(0,25-AV20)*1.0 | AX20: =AA20+AW20
A21: 9 | B21: Harry Seabrook | C21: 54264 | D21: Vila Sol | E21: 28.6 | F21: 6 | G21: 5 | H21: 4 | I21: 3 | J21: 6 | K21: 7 | L21: 4 | M21: 6 | N21: 7 | O21: 6 | P21: 5 | Q21: 5 | R21: 5 | S21: 7 | T21: 6 | U21: 6 | V21: 6 | W21: 4 | X21: =SUM(F21:W21) | Y21: =Y11 | Z21: =X21-Y21 | AA21: =MAX(0,25-Z21)*1.0 | AB21: 5 | AC21: 3 | AD21: 5 | AE21: 2 | AF21: 5 | AG21: 5 | AH21: 3 | AI21: 6 | AJ21: 5 | AK21: 7 | AL21: 6 | AM21: 5 | AN21: 6 | AO21: 4 | AP21: 6 | AQ21: 4 | AR21: 4 | AS21: 6 | AT21: =SUM(AB21:AS21) | AU21: =AU11 | AV21: =AT21-AU21 | AW21: =MAX(0,25-AV21)*1.0 | AX21: =AA21+AW21
A22: 10 | B22: Harley Botham | D22: Internacional | E22: 26 | F22: 6 | G22: 3 | H22: 7 | I22: 4 | J22: 5 | K22: 5 | L22: 5 | M22: 7 | N22: 6 | O22: 6 | P22: 5 | Q22: 3 | R22: 4 | S22: 7 | T22: 10 | U22: 7 | V22: 3 | W22: 5 | X22: =SUM(F22:W22) | Y22: =Y11 | Z22: =X22-Y22 | AA22: =MAX(0,25-Z22)*1.0 | AB22: 7 | AC22: 2 | AD22: 5 | AE22: 4 | AF22: 4 | AG22: 4 | AH22: 6 | AI22: 6 | AJ22: 5 | AK22: 6 | AL22: 6 | AM22: 5 | AN22: 5 | AO22: 6 | AP22: 7 | AQ22: 6 | AR22: 3 | AS22: 6 | AT22: =SUM(AB22:AS22) | AU22: =AU11 | AV22: =AT22-AU22 | AW22: =MAX(0,25-AV22)*1.0 | AX22: =AA22+AW22
A23: 11 | B23: Gabriel Costa | C23: 53838 | D23: Amendoeira | E23: 21.4 | F23: 6 | G23: 4 | H23: 5 | I23: 4 | J23: 5 | K23: 5 | L23: 7 | M23: 7 | N23: 8 | O23: 6 | P23: 5 | Q23: 4 | R23: 4 | S23: 3 | T23: 9 | U23: 6 | V23: 6 | W23: 5 | X23: =SUM(F23:W23) | Y23: =Y11 | Z23: =X23-Y23 | AA23: =MAX(0,25-Z23)*1.0 | AB23: 7 | AC23: 4 | AD23: 4 | AE23: 4 | AF23: 6 | AG23: 4 | AH23: 6 | AI23: 3 | AJ23: 5 | AK23: 7 | AL23: 5 | AM23: 3 | AN23: 4 | AO23: 7 | AP23: 5 | AQ23: 5 | AR23: 5 | AS23: 7 | AT23: =SUM(AB23:AS23) | AU23: =AU11 | AV23: =AT23-AU23 | AW23: =MAX(0,25-AV23)*1.0 | AX23: =AA23+AW23
A24: 12 | B24: Yeonjin Seo | D24: Internacional | E24: 24 | F24: 5 | G24: 3 | H24: 7 | I24: 5 | J24: 7 | K24: 4 | L24: 4 | M24: 7 | N24: 7 | O24: 6 | P24: 7 | Q24: 4 | R24: 6 | S24: 8 | T24: 8 | U24: 7 | V24: 7 | W24: 5 | X24: =SUM(F24:W24) | Y24: =Y11 | Z24: =X24-Y24 | AA24: =MAX(0,25-Z24)*1.0 | AB24: 5 | AC24: 4 | AD24: 6 | AE24: 4 | AF24: 5 | AG24: 5 | AH24: 6 | AI24: 6 | AJ24: 7 | AK24: 7 | AL24: 5 | AM24: 5 | AN24: 5 | AO24: 5 | AP24: 6 | AQ24: 5 | AR24: 4 | AS24: 6 | AT24: =SUM(AB24:AS24) | AU24: =AU11 | AV24: =AT24-AU24 | AW24: =MAX(0,25-AV24)*1.0 | AX24: =AA24+AW24

Sheet dt3_norte_valepisao
A1: 3º Drive Tour Norte — Vale Pisão
A2: Data: | B2: 2026-02-28
A3: Campo: | B3: Vale Pisão
A4: ccode/tcode: | B4: 987/10208
A5: Link FPG: | B5: https://scoring.datagolf.pt/pt/Classifications.aspx?ccode=987&tcode=10208
A6: Multiplicador: | B6: 1
A7: Tipo: | B7: DT
A10: Pos | B10: Nome | C10: FedCode | D10: Clube | E10: HCP | F10: R1 h1 | G10: h2 | H10: h3 | I10: h4 | J10: h5 | K10: h6 | L10: h7 | M10: h8 | N10: h9 | O10: h10 | P10: h11 | Q10: h12 | R10: h13 | S10: h14 | T10: h15 | U10: h16 | V10: h17 | W10: h18 | X10: R1 Gross | Y10: R1 Par | Z10: R1 ToPar | AA10: R1 Pts | AB10: R2 h1 | AC10: h2 | AD10: h3 | AE10: h4 | AF10: h5 | AG10: h6 | AH10: h7 | AI10: h8 | AJ10: h9 | AK10: h10 | AL10: h11 | AM10: h12 | AN10: h13 | AO10: h14 | AP10: h15 | AQ10: h16 | AR10: h17 | AS10: h18 | AT10: R2 Gross | AU10: R2 Par | AV10: R2 ToPar | AW10: R2 Pts | AX10: Total Pts
A11: —Par— | F11: 5 | G11: 4 | H11: 4 | I11: 3 | J11: 5 | K11: 4 | L11: 3 | M11: 5 | N11: 4 | O11: 5 | P11: 4 | Q11: 4 | R11: 3 | S11: 5 | T11: 4 | U11: 3 | V11: 5 | W11: 4 | Y11: =SUM(F11:W11) | AB11: 5 | AC11: 4 | AD11: 4 | AE11: 3 | AF11: 5 | AG11: 4 | AH11: 3 | AI11: 5 | AJ11: 4 | AK11: 5 | AL11: 4 | AM11: 4 | AN11: 3 | AO11: 5 | AP11: 4 | AQ11: 3 | AR11: 5 | AS11: 4 | AU11: =SUM(AB11:AS11)
A12: —SI— | F12: 1 | G12: 9 | H12: 13 | I12: 11 | J12: 7 | K12: 15 | L12: 17 | M12: 5 | N12: 3 | O12: 2 | P12: 10 | Q12: 14 | R12: 12 | S12: 8 | T12: 16 | U12: 18 | V12: 6 | W12: 4 | AB12: 1 | AC12: 9 | AD12: 13 | AE12: 11 | AF12: 7 | AG12: 15 | AH12: 17 | AI12: 5 | AJ12: 3 | AK12: 2 | AL12: 10 | AM12: 14 | AN12: 12 | AO12: 8 | AP12: 16 | AQ12: 18 | AR12: 6 | AS12: 4
A13: 1 | B13: Santiago Dias | C13: 42908 | D13: Oporto | E13: 1.8 | F13: 4 | G13: 4 | H13: 4 | I13: 3 | J13: 4 | K13: 3 | L13: 3 | M13: 4 | N13: 4 | O13: 4 | P13: 3 | Q13: 4 | R13: 3 | S13: 5 | T13: 4 | U13: 3 | V13: 4 | W13: 4 | X13: =SUM(F13:W13) | Y13: =Y11 | Z13: =X13-Y13 | AA13: =MAX(0,25-Z13)*1.0 | AB13: 10 | AC13: 5 | AD13: 3 | AE13: 3 | AF13: 4 | AG13: 5 | AH13: 4 | AI13: 5 | AJ13: 4 | AK13: 4 | AL13: 4 | AM13: 4 | AN13: 2 | AO13: 5 | AP13: 3 | AQ13: 3 | AR13: 5 | AS13: 4 | AT13: =SUM(AB13:AS13) | AU13: =AU11 | AV13: =AT13-AU13 | AW13: =MAX(0,25-AV13)*1.0 | AX13: =AA13+AW13
A14: 2 | B14: Luis António Silva | C14: 42845 | D14: Oporto | E14: -3.9 | F14: 4 | G14: 4 | H14: 4 | I14: 3 | J14: 6 | K14: 4 | L14: 3 | M14: 4 | N14: 4 | O14: 5 | P14: 4 | Q14: 3 | R14: 4 | S14: 5 | T14: 4 | U14: 3 | V14: 4 | W14: 4 | X14: =SUM(F14:W14) | Y14: =Y11 | Z14: =X14-Y14 | AA14: =MAX(0,25-Z14)*1.0 | AB14: 5 | AC14: 4 | AD14: 4 | AE14: 3 | AF14: 5 | AG14: 4 | AH14: 3 | AI14: 5 | AJ14: 4 | AK14: 6 | AL14: 4 | AM14: 4 | AN14: 3 | AO14: 5 | AP14: 3 | AQ14: 3 | AR14: 4 | AS14: 3 | AT14: =SUM(AB14:AS14) | AU14: =AU11 | AV14: =AT14-AU14 | AW14: =MAX(0,25-AV14)*1.0 | AX14: =AA14+AW14
A15: 3 | B15: Maria Loureiro | C15: 46489 | D15: Oporto | E15: 6.3 | F15: 4 | G15: 4 | H15: 3 | I15: 4 | J15: 5 | K15: 5 | L15: 3 | M15: 6 | N15: 4 | O15: 5 | P15: 5 | Q15: 4 | R15: 3 | S15: 5 | T15: 4 | U15: 4 | V15: 4 | W15: 5 | X15: =SUM(F15:W15) | Y15: =Y11 | Z15: =X15-Y15 | AA15: =MAX(0,25-Z15)*1.0 | AB15: 6 | AC15: 4 | AD15: 4 | AE15: 4 | AF15: 5 | AG15: 4 | AH15: 3 | AI15: 5 | AJ15: 5 | AK15: 4 | AL15: 4 | AM15: 5 | AN15: 3 | AO15: 5 | AP15: 5 | AQ15: 3 | AR15: 6 | AS15: 5 | AT15: =SUM(AB15:AS15) | AU15: =AU11 | AV15: =AT15-AU15 | AW15: =MAX(0,25-AV15)*1.0 | AX15: =AA15+AW15
A16: 4 | B16: Pedro Ferreira | C16: 43810 | D16: Oporto | E16: 0.4 | F16: 5 | G16: 4 | H16: 4 | I16: 4 | J16: 4 | K16: 4 | L16: 4 | M16: 6 | N16: 4 | O16: 6 | P16: 5 | Q16: 4 | R16: 4 | S16: 4 | T16: 4 | U16: 3 | V16: 5 | W16: 5 | X16: =SUM(F16:W16) | Y16: =Y11 | Z16: =X16-Y16 | AA16: =MAX(0,25-Z16)*1.0 | AB16: 6 | AC16: 5 | AD16: 4 | AE16: 4 | AF16: 5 | AG16: 4 | AH16: 3 | AI16: 6 | AJ16: 5 | AK16: 5 | AL16: 3 | AM16: 4 | AN16: 3 | AO16: 3 | AP16: 5 | AQ16: 3 | AR16: 7 | AS16: 4 | AT16: =SUM(AB16:AS16) | AU16: =AU11 | AV16: =AT16-AU16 | AW16: =MAX(0,25-AV16)*1.0 | AX16: =AA16+AW16
A17: 5 | B17: Eva Silva | C17: 46437 | D17: Oporto | E17: 1.3 | F17: 6 | G17: 5 | H17: 4 | I17: 3 | J17: 4 | K17: 4 | L17: 2 | M17: 5 | N17: 6 | O17: 6 | P17: 4 | Q17: 4 | R17: 3 | S17: 5 | T17: 4 | U17: 3 | V17: 6 | W17: 5 | X17: =SUM(F17:W17) | Y17: =Y11 | Z17: =X17-Y17 | AA17: =MAX(0,25-Z17)*1.0 | AB17: 6 | AC17: 4 | AD17: 4 | AE17: 3 | AF17: 5 | AG17: 4 | AH17: 2 | AI17: 5 | AJ17: 6 | AK17: 5 | AL17: 4 | AM17: 3 | AN17: 5 | AO17: 4 | AP17: 5 | AQ17: 3 | AR17: 5 | AS17: 5 | AT17: =SUM(AB17:AS17) | AU17: =AU11 | AV17: =AT17-AU17 | AW17: =MAX(0,25-AV17)*1.0 | AX17: =AA17+AW17
A18: 6 | B18: Francisco Nunes (jr) | C18: 46299 | D18: Miramar | E18: 5.9 | F18: 7 | G18: 3 | H18: 4 | I18: 3 | J18: 5 | K18: 5 | L18: 3 | M18: 5 | N18: 5 | O18: 5 | P18: 4 | Q18: 4 | R18: 3 | S18: 7 | T18: 3 | U18: 3 | V18: 7 | W18: 4 | X18: =SUM(F18:W18) | Y18: =Y11 | Z18: =X18-Y18 | AA18: =MAX(0,25-Z18)*1.0 | AB18: 4 | AC18: 4 | AD18: 5 | AE18: 3 | AF18: 5 | AG18: 5 | AH18: 3 | AI18: 5 | AJ18: 4 | AK18: 5 | AL18: 4 | AM18: 5 | AN18: 2 | AO18: 6 | AP18: 3 | AQ18: 2 | AR18: 6 | AS18: 5 | AT18: =SUM(AB18:AS18) | AU18: =AU11 | AV18: =AT18-AU18 | AW18: =MAX(0,25-AV18)*1.0 | AX18: =AA18+AW18
A19: 7 | B19: Gaspard Maes | C19: 51074 | D19: Miramar | E19: 0.9 | F19: 4 | G19: 4 | H19: 4 | I19: 4 | J19: 5 | K19: 4 | L19: 3 | M19: 6 | N19: 5 | O19: 4 | P19: 4 | Q19: 4 | R19: 4 | S19: 5 | T19: 4 | U19: 4 | V19: 6 | W19: 6 | X19: =SUM(F19:W19) | Y19: =Y11 | Z19: =X19-Y19 | AA19: =MAX(0,25-Z19)*1.0 | AB19: 5 | AC19: 4 | AD19: 4 | AE19: 4 | AF19: 5 | AG19: 4 | AH19: 3 | AI19: 7 | AJ19: 4 | AK19: 5 | AL19: 4 | AM19: 5 | AN19: 3 | AO19: 8 | AP19: 5 | AQ19: 4 | AR19: 6 | AS19: 6 | AT19: =SUM(AB19:AS19) | AU19: =AU11 | AV19: =AT19-AU19 | AW19: =MAX(0,25-AV19)*1.0 | AX19: =AA19+AW19
A20: 8 | B20: Gabriel Marques Guerreiro | C20: 43053 | D20: Estela | E20: 4.4 | F20: 6 | G20: 5 | H20: 5 | I20: 5 | J20: 5 | K20: 4 | L20: 4 | M20: 3 | N20: 5 | O20: 4 | P20: 5 | Q20: 4 | R20: 3 | S20: 4 | T20: 7 | U20: 4 | V20: 5 | W20: 3 | X20: =SUM(F20:W20) | Y20: =Y11 | Z20: =X20-Y20 | AA20: =MAX(0,25-Z20)*1.0 | AB20: 10 | AC20: 7 | AD20: 5 | AE20: 3 | AF20: 6 | AG20: 4 | AH20: 2 | AI20: 6 | AJ20: 6 | AK20: 5 | AL20: 4 | AM20: 4 | AN20: 3 | AO20: 5 | AP20: 5 | AQ20: 3 | AR20: 5 | AS20: 6 | AT20: =SUM(AB20:AS20) | AU20: =AU11 | AV20: =AT20-AU20 | AW20: =MAX(0,25-AV20)*1.0 | AX20: =AA20+AW20
A21: 9 | B21: Margarida Silva Pinto | C21: 46310 | D21: Miramar | E21: 3.9 | F21: 5 | G21: 4 | H21: 4 | I21: 3 | J21: 7 | K21: 5 | L21: 4 | M21: 5 | N21: 4 | O21: 6 | P21: 5 | Q21: 5 | R21: 2 | S21: 5 | T21: 4 | U21: 3 | V21: 5 | W21: 5 | X21: =SUM(F21:W21) | Y21: =Y11 | Z21: =X21-Y21 | AA21: =MAX(0,25-Z21)*1.0 | AB21: 5 | AC21: 3 | AD21: 4 | AE21: 3 | AF21: 6 | AG21: 4 | AH21: 5 | AI21: 5 | AJ21: 3 | AK21: 5 | AL21: 7 | AM21: 4 | AN21: 3 | AO21: 5 | AP21: 5 | AQ21: 2 | AR21: 6 | AS21: 4 | AT21: =SUM(AB21:AS21) | AU21: =AU11 | AV21: =AT21-AU21 | AW21: =MAX(0,25-AV21)*1.0 | AX21: =AA21+AW21
A22: 10 | B22: Maria Francisca Santos | C22: 46853 | D22: Oporto | E22: 3.9 | F22: 6 | G22: 5 | H22: 4 | I22: 3 | J22: 4 | K22: 4 | L22: 4 | M22: 5 | N22: 5 | O22: 7 | P22: 5 | Q22: 4 | R22: 3 | S22: 5 | T22: 4 | U22: 3 | V22: 4 | W22: 6 | X22: =SUM(F22:W22) | Y22: =Y11 | Z22: =X22-Y22 | AA22: =MAX(0,25-Z22)*1.0 | AB22: 6 | AC22: 4 | AD22: 4 | AE22: 3 | AF22: 4 | AG22: 4 | AH22: 5 | AI22: 6 | AJ22: 4 | AK22: 5 | AL22: 5 | AM22: 4 | AN22: 5 | AO22: 5 | AP22: 3 | AQ22: 2 | AR22: 4 | AS22: 6 | AT22: =SUM(AB22:AS22) | AU22: =AU11 | AV22: =AT22-AU22 | AW22: =MAX(0,25-AV22)*1.0 | AX22: =AA22+AW22
A23: 11 | B23: Tomás Rente | C23: 46311 | D23: Miramar | E23: 6 | F23: 6 | G23: 4 | H23: 5 | I23: 3 | J23: 5 | K23: 4 | L23: 4 | M23: 5 | N23: 4 | O23: 5 | P23: 5 | Q23: 4 | R23: 4 | S23: 5 | T23: 5 | U23: 3 | V23: 4 | W23: 6 | X23: =SUM(F23:W23) | Y23: =Y11 | Z23: =X23-Y23 | AA23: =MAX(0,25-Z23)*1.0 | AB23: 7 | AC23: 4 | AD23: 4 | AE23: 4 | AF23: 4 | AG23: 4 | AH23: 3 | AI23: 6 | AJ23: 6 | AK23: 5 | AL23: 6 | AM23: 5 | AN23: 3 | AO23: 4 | AP23: 4 | AQ23: 4 | AR23: 4 | AS23: 4 | AT23: =SUM(AB23:AS23) | AU23: =AU11 | AV23: =AT23-AU23 | AW23: =MAX(0,25-AV23)*1.0 | AX23: =AA23+AW23
A24: 12 | B24: Lucas Pereira Amorim | C24: 54330 | D24: Oporto | E24: 15.9 | F24: 7 | G24: 5 | H24: 4 | I24: 5 | J24: 5 | K24: 4 | L24: 4 | M24: 5 | N24: 4 | O24: 5 | P24: 4 | Q24: 5 | R24: 3 | S24: 4 | T24: 5 | U24: 3 | V24: 6 | W24: 5 | X24: =SUM(F24:W24) | Y24: =Y11 | Z24: =X24-Y24 | AA24: =MAX(0,25-Z24)*1.0 | AB24: 6 | AC24: 4 | AD24: 5 | AE24: 4 | AF24: 6 | AG24: 3 | AH24: 3 | AI24: 6 | AJ24: 5 | AK24: 6 | AL24: 5 | AM24: 5 | AN24: 3 | AO24: 5 | AP24: 5 | AQ24: 3 | AR24: 6 | AS24: 5 | AT24: =SUM(AB24:AS24) | AU24: =AU11 | AV24: =AT24-AU24 | AW24: =MAX(0,25-AV24)*1.0 | AX24: =AA24+AW24
A25: 13 | B25: Camila Pazos | C25: 46297 | D25: Miramar | E25: 2.4 | F25: 6 | G25: 4 | H25: 4 | I25: 3 | J25: 5 | K25: 5 | L25: 3 | M25: 4 | N25: 4 | O25: 9 | P25: 5 | Q25: 4 | R25: 3 | S25: 5 | T25: 4 | U25: 4 | V25: 6 | W25: 5 | X25: =SUM(F25:W25) | Y25: =Y11 | Z25: =X25-Y25 | AA25: =MAX(0,25-Z25)*1.0 | AB25: 6 | AC25: 5 | AD25: 3 | AE25: 4 | AF25: 6 | AG25: 4 | AH25: 4 | AI25: 5 | AJ25: 5 | AK25: 5 | AL25: 5 | AM25: 4 | AN25: 3 | AO25: 4 | AP25: 4 | AQ25: 3 | AR25: 6 | AS25: 4 | AT25: =SUM(AB25:AS25) | AU25: =AU11 | AV25: =AT25-AU25 | AW25: =MAX(0,25-AV25)*1.0 | AX25: =AA25+AW25
A26: 14 | B26: Marc Costa | C26: 46308 | D26: Citynorte | E26: 13.5 | F26: 6 | G26: 6 | H26: 4 | I26: 3 | J26: 6 | K26: 5 | L26: 3 | M26: 8 | N26: 3 | O26: 5 | P26: 5 | Q26: 4 | R26: 4 | S26: 4 | T26: 5 | U26: 3 | V26: 5 | W26: 5 | X26: =SUM(F26:W26) | Y26: =Y11 | Z26: =X26-Y26 | AA26: =MAX(0,25-Z26)*1.0 | AB26: 6 | AC26: 6 | AD26: 5 | AE26: 4 | AF26: 5 | AG26: 5 | AH26: 3 | AI26: 6 | AJ26: 4 | AK26: 6 | AL26: 5 | AM26: 6 | AN26: 4 | AO26: 5 | AP26: 3 | AQ26: 3 | AR26: 6 | AS26: 5 | AT26: =SUM(AB26:AS26) | AU26: =AU11 | AV26: =AT26-AU26 | AW26: =MAX(0,25-AV26)*1.0 | AX26: =AA26+AW26
A27: 15 | B27: Sebastiao Sardinha Saraiva | C27: 46195 | D27: Oporto | E27: 5.8 | F27: 7 | G27: 5 | H27: 5 | I27: 3 | J27: 5 | K27: 4 | L27: 3 | M27: 5 | N27: 6 | O27: 5 | P27: 6 | Q27: 4 | R27: 4 | S27: 4 | T27: 3 | U27: 4 | V27: 6 | W27: 5 | X27: =SUM(F27:W27) | Y27: =Y11 | Z27: =X27-Y27 | AA27: =MAX(0,25-Z27)*1.0 | AB27: 5 | AC27: 5 | AD27: 6 | AE27: 4 | AF27: 5 | AG27: 4 | AH27: 5 | AI27: 6 | AJ27: 4 | AK27: 6 | AL27: 4 | AM27: 6 | AN27: 4 | AO27: 7 | AP27: 4 | AQ27: 4 | AR27: 6 | AS27: 5 | AT27: =SUM(AB27:AS27) | AU27: =AU11 | AV27: =AT27-AU27 | AW27: =MAX(0,25-AV27)*1.0 | AX27: =AA27+AW27
A28: 16 | B28: Afonso de Sousa Pinto | C28: 46480 | D28: Oporto | E28: 10.3 | F28: 5 | G28: 6 | H28: 4 | I28: 3 | J28: 5 | K28: 4 | L28: 2 | M28: 7 | N28: 6 | O28: 6 | P28: 4 | Q28: 4 | R28: 3 | S28: 5 | T28: 5 | U28: 3 | V28: 6 | W28: 6 | X28: =SUM(F28:W28) | Y28: =Y11 | Z28: =X28-Y28 | AA28: =MAX(0,25-Z28)*1.0 | AB28: 5 | AC28: 7 | AD28: 5 | AE28: 3 | AF28: 5 | AG28: 4 | AH28: 4 | AI28: 6 | AJ28: 4 | AK28: 6 | AL28: 5 | AM28: 4 | AN28: 4 | AO28: 6 | AP28: 4 | AQ28: 4 | AR28: 5 | AS28: 4 | AT28: =SUM(AB28:AS28) | AU28: =AU11 | AV28: =AT28-AU28 | AW28: =MAX(0,25-AV28)*1.0 | AX28: =AA28+AW28
A29: 17 | B29: André Von Hafe | C29: 40473 | D29: Estela | E29: 17.5 | F29: 7 | G29: 5 | H29: 4 | I29: 3 | J29: 5 | K29: 3 | L29: 3 | M29: 6 | N29: 5 | O29: 6 | P29: 5 | Q29: 3 | R29: 3 | S29: 8 | T29: 5 | U29: 4 | V29: 5 | W29: 4 | X29: =SUM(F29:W29) | Y29: =Y11 | Z29: =X29-Y29 | AA29: =MAX(0,25-Z29)*1.0 | AB29: 6 | AC29: 5 | AD29: 5 | AE29: 4 | AF29: 4 | AG29: 4 | AH29: 4 | AI29: 7 | AJ29: 5 | AK29: 6 | AL29: 5 | AM29: 4 | AN29: 4 | AO29: 7 | AP29: 4 | AQ29: 2 | AR29: 5 | AS29: 4 | AT29: =SUM(AB29:AS29) | AU29: =AU11 | AV29: =AT29-AU29 | AW29: =MAX(0,25-AV29)*1.0 | AX29: =AA29+AW29
A30: 18 | B30: Jorge Xavier Graça Silva | C30: 48705 | D30: Oporto | E30: 7.7 | F30: 7 | G30: 7 | H30: 4 | I30: 3 | J30: 6 | K30: 5 | L30: 3 | M30: 5 | N30: 5 | O30: 6 | P30: 6 | Q30: 4 | R30: 3 | S30: 4 | T30: 4 | U30: 4 | V30: 5 | W30: 4 | X30: =SUM(F30:W30) | Y30: =Y11 | Z30: =X30-Y30 | AA30: =MAX(0,25-Z30)*1.0 | AB30: 7 | AC30: 4 | AD30: 4 | AE30: 6 | AF30: 5 | AG30: 5 | AH30: 3 | AI30: 5 | AJ30: 4 | AK30: 5 | AL30: 4 | AM30: 5 | AN30: 3 | AO30: 5 | AP30: 4 | AQ30: 4 | AR30: 6 | AS30: 5 | AT30: =SUM(AB30:AS30) | AU30: =AU11 | AV30: =AT30-AU30 | AW30: =MAX(0,25-AV30)*1.0 | AX30: =AA30+AW30
A31: 19 | B31: Manuel Dias | C31: 52815 | D31: Braga | E31: 20 | F31: 7 | G31: 7 | H31: 5 | I31: 3 | J31: 6 | K31: 4 | L31: 3 | M31: 6 | N31: 4 | O31: 6 | P31: 4 | Q31: 4 | R31: 3 | S31: 5 | T31: 4 | U31: 3 | V31: 6 | W31: 5 | X31: =SUM(F31:W31) | Y31: =Y11 | Z31: =X31-Y31 | AA31: =MAX(0,25-Z31)*1.0 | AB31: 6 | AC31: 6 | AD31: 4 | AE31: 5 | AF31: 7 | AG31: 5 | AH31: 3 | AI31: 7 | AJ31: 5 | AK31: 5 | AL31: 4 | AM31: 5 | AN31: 3 | AO31: 5 | AP31: 5 | AQ31: 4 | AR31: 6 | AS31: 5 | AT31: =SUM(AB31:AS31) | AU31: =AU11 | AV31: =AT31-AU31 | AW31: =MAX(0,25-AV31)*1.0 | AX31: =AA31+AW31
A32: 20 | B32: Henrique Pereira | C32: 53646 | D32: Miramar | E32: 13.4 | F32: 6 | G32: 5 | H32: 4 | I32: 4 | J32: 5 | K32: 3 | L32: 3 | M32: 7 | N32: 4 | O32: 7 | P32: 5 | Q32: 4 | R32: 4 | S32: 5 | T32: 5 | U32: 3 | V32: 6 | W32: 5 | X32: =SUM(F32:W32) | Y32: =Y11 | Z32: =X32-Y32 | AA32: =MAX(0,25-Z32)*1.0 | AB32: 4 | AC32: 6 | AD32: 4 | AE32: 4 | AF32: 4 | AG32: 5 | AH32: 4 | AI32: 8 | AJ32: 4 | AK32: 4 | AL32: 5 | AM32: 4 | AN32: 3 | AO32: 5 | AP32: 5 | AQ32: 2 | AR32: 7 | AS32: 10 | AT32: =SUM(AB32:AS32) | AU32: =AU11 | AV32: =AT32-AU32 | AW32: =MAX(0,25-AV32)*1.0 | AX32: =AA32+AW32
A33: 21 | B33: João Balixa | C33: 46038 | D33: Miramar | E33: 9.9 | F33: 5 | G33: 6 | H33: 4 | I33: 3 | J33: 7 | K33: 5 | L33: 3 | M33: 7 | N33: 3 | O33: 6 | P33: 5 | Q33: 5 | R33: 3 | S33: 5 | T33: 7 | U33: 3 | V33: 4 | W33: 5 | X33: =SUM(F33:W33) | Y33: =Y11 | Z33: =X33-Y33 | AA33: =MAX(0,25-Z33)*1.0 | AB33: 6 | AC33: 4 | AD33: 5 | AE33: 4 | AF33: 6 | AG33: 4 | AH33: 3 | AI33: 6 | AJ33: 4 | AK33: 5 | AL33: 4 | AM33: 5 | AN33: 3 | AO33: 5 | AP33: 5 | AQ33: 3 | AR33: 4 | AS33: 4 | AT33: =SUM(AB33:AS33) | AU33: =AU11 | AV33: =AT33-AU33 | AW33: =MAX(0,25-AV33)*1.0 | AX33: =AA33+AW33
A34: 22 | B34: Afonso Silva Pinto | C34: 46309 | D34: Miramar | E34: 5.4 | F34: 6 | G34: 4 | H34: 4 | I34: 3 | J34: 6 | K34: 5 | L34: 3 | M34: 7 | N34: 4 | O34: 6 | P34: 7 | Q34: 4 | R34: 3 | S34: 5 | T34: 5 | U34: 3 | V34: 6 | W34: 6 | X34: =SUM(F34:W34) | Y34: =Y11 | Z34: =X34-Y34 | AA34: =MAX(0,25-Z34)*1.0 | AB34: 6 | AC34: 4 | AD34: 4 | AE34: 5 | AF34: 4 | AG34: 4 | AH34: 3 | AI34: 6 | AJ34: 6 | AK34: 5 | AL34: 5 | AM34: 5 | AN34: 4 | AO34: 4 | AP34: 4 | AQ34: 3 | AR34: 5 | AS34: 5 | AT34: =SUM(AB34:AS34) | AU34: =AU11 | AV34: =AT34-AU34 | AW34: =MAX(0,25-AV34)*1.0 | AX34: =AA34+AW34
A35: 23 | B35: Teresa Ferreira | C35: 46589 | D35: Oporto | E35: 6.8 | F35: 6 | G35: 6 | H35: 4 | I35: 6 | J35: 5 | K35: 4 | L35: 3 | M35: 6 | N35: 5 | O35: 7 | P35: 5 | Q35: 4 | R35: 4 | S35: 5 | T35: 4 | U35: 4 | V35: 5 | W35: 5 | X35: =SUM(F35:W35) | Y35: =Y11 | Z35: =X35-Y35 | AA35: =MAX(0,25-Z35)*1.0 | AB35: 7 | AC35: 5 | AD35: 4 | AE35: 3 | AF35: 4 | AG35: 5 | AH35: 2 | AI35: 5 | AJ35: 6 | AK35: 6 | AL35: 5 | AM35: 5 | AN35: 3 | AO35: 5 | AP35: 4 | AQ35: 3 | AR35: 5 | AS35: 5 | AT35: =SUM(AB35:AS35) | AU35: =AU11 | AV35: =AT35-AU35 | AW35: =MAX(0,25-AV35)*1.0 | AX35: =AA35+AW35
A36: 24 | B36: Francisco Saraiva | C36: 39097 | D36: Oporto | E36: 7.9 | F36: 6 | G36: 5 | H36: 4 | I36: 4 | J36: 6 | K36: 6 | L36: 4 | M36: 5 | N36: 7 | O36: 5 | P36: 5 | Q36: 4 | R36: 3 | S36: 4 | T36: 5 | U36: 3 | V36: 8 | W36: 5 | X36: =SUM(F36:W36) | Y36: =Y11 | Z36: =X36-Y36 | AA36: =MAX(0,25-Z36)*1.0 | AB36: 6 | AC36: 4 | AD36: 5 | AE36: 3 | AF36: 4 | AG36: 4 | AH36: 3 | AI36: 6 | AJ36: 6 | AK36: 4 | AL36: 6 | AM36: 7 | AN36: 4 | AO36: 6 | AP36: 4 | AQ36: 3 | AR36: 6 | AS36: 3 | AT36: =SUM(AB36:AS36) | AU36: =AU11 | AV36: =AT36-AU36 | AW36: =MAX(0,25-AV36)*1.0 | AX36: =AA36+AW36
A37: 25 | B37: António Maria Cavalinhos | C37: 40992 | D37: Miramar | E37: 8.3 | F37: 8 | G37: 4 | H37: 4 | I37: 5 | J37: 6 | K37: 4 | L37: 5 | M37: 5 | N37: 5 | O37: 6 | P37: 4 | Q37: 3 | R37: 4 | S37: 5 | T37: 6 | U37: 3 | V37: 6 | W37: 6 | X37: =SUM(F37:W37) | Y37: =Y11 | Z37: =X37-Y37 | AA37: =MAX(0,25-Z37)*1.0 | AB37: 6 | AC37: 4 | AD37: 4 | AE37: 4 | AF37: 5 | AG37: 6 | AH37: 3 | AI37: 6 | AJ37: 6 | AK37: 5 | AL37: 6 | AM37: 4 | AN37: 6 | AO37: 6 | AP37: 5 | AQ37: 3 | AR37: 5 | AS37: 5 | AT37: =SUM(AB37:AS37) | AU37: =AU11 | AV37: =AT37-AU37 | AW37: =MAX(0,25-AV37)*1.0 | AX37: =AA37+AW37
A38: 26 | B38: Raul Pazos (jr) | C38: 46296 | D38: Miramar | E38: 10.8 | F38: 5 | G38: 5 | H38: 5 | I38: 3 | J38: 5 | K38: 5 | L38: 4 | M38: 10 | N38: 4 | O38: 6 | P38: 4 | Q38: 5 | R38: 3 | S38: 6 | T38: 7 | U38: 3 | V38: 6 | W38: 4 | X38: =SUM(F38:W38) | Y38: =Y11 | Z38: =X38-Y38 | AA38: =MAX(0,25-Z38)*1.0 | AB38: 6 | AC38: 5 | AD38: 4 | AE38: 4 | AF38: 5 | AG38: 4 | AH38: 3 | AI38: 5 | AJ38: 6 | AK38: 7 | AL38: 4 | AM38: 5 | AN38: 3 | AO38: 6 | AP38: 3 | AQ38: 4 | AR38: 7 | AS38: 5 | AT38: =SUM(AB38:AS38) | AU38: =AU11 | AV38: =AT38-AU38 | AW38: =MAX(0,25-AV38)*1.0 | AX38: =AA38+AW38
A39: 27 | B39: Eduardo Rocha Ferreira | C39: 51182 | D39: Miramar | E39: 22.7 | F39: 6 | G39: 6 | H39: 4 | I39: 6 | J39: 5 | K39: 4 | L39: 4 | M39: 7 | N39: 4 | O39: 7 | P39: 4 | Q39: 4 | R39: 4 | S39: 5 | T39: 6 | U39: 4 | V39: 4 | W39: 6 | X39: =SUM(F39:W39) | Y39: =Y11 | Z39: =X39-Y39 | AA39: =MAX(0,25-Z39)*1.0 | AB39: 7 | AC39: 4 | AD39: 5 | AE39: 3 | AF39: 6 | AG39: 4 | AH39: 3 | AI39: 6 | AJ39: 4 | AK39: 7 | AL39: 5 | AM39: 4 | AN39: 3 | AO39: 7 | AP39: 5 | AQ39: 4 | AR39: 6 | AS39: 5 | AT39: =SUM(AB39:AS39) | AU39: =AU11 | AV39: =AT39-AU39 | AW39: =MAX(0,25-AV39)*1.0 | AX39: =AA39+AW39
A40: 28 | B40: Afonso Paiva Gonçalves | C40: 47819 | D40: Citynorte | E40: 15.1 | F40: 10 | G40: 5 | H40: 5 | I40: 2 | J40: 6 | K40: 5 | L40: 3 | M40: 6 | N40: 6 | O40: 6 | P40: 5 | Q40: 4 | R40: 5 | S40: 6 | T40: 4 | U40: 3 | V40: 5 | W40: 5 | X40: =SUM(F40:W40) | Y40: =Y11 | Z40: =X40-Y40 | AA40: =MAX(0,25-Z40)*1.0 | AB40: 6 | AC40: 4 | AD40: 6 | AE40: 4 | AF40: 4 | AG40: 4 | AH40: 4 | AI40: 5 | AJ40: 4 | AK40: 5 | AL40: 8 | AM40: 6 | AN40: 3 | AO40: 5 | AP40: 5 | AQ40: 4 | AR40: 5 | AS40: 5 | AT40: =SUM(AB40:AS40) | AU40: =AU11 | AV40: =AT40-AU40 | AW40: =MAX(0,25-AV40)*1.0 | AX40: =AA40+AW40
A41: 29 | B41: João Araújo | C41: 49012 | D41: Citynorte | E41: 6.3 | F41: 7 | G41: 4 | H41: 5 | I41: 4 | J41: 5 | K41: 6 | L41: 4 | M41: 6 | N41: 5 | O41: 6 | P41: 6 | Q41: 4 | R41: 5 | S41: 5 | T41: 4 | U41: 3 | V41: 7 | W41: 5 | X41: =SUM(F41:W41) | Y41: =Y11 | Z41: =X41-Y41 | AA41: =MAX(0,25-Z41)*1.0 | AB41: 5 | AC41: 5 | AD41: 5 | AE41: 5 | AF41: 5 | AG41: 6 | AH41: 3 | AI41: 5 | AJ41: 5 | AK41: 6 | AL41: 4 | AM41: 4 | AN41: 3 | AO41: 5 | AP41: 4 | AQ41: 3 | AR41: 6 | AS41: 4 | AT41: =SUM(AB41:AS41) | AU41: =AU11 | AV41: =AT41-AU41 | AW41: =MAX(0,25-AV41)*1.0 | AX41: =AA41+AW41
A42: 30 | B42: Diogo Lima | C42: 49717 | D42: Citynorte | E42: 11.9 | F42: 7 | G42: 5 | H42: 3 | I42: 6 | J42: 4 | K42: 6 | L42: 4 | M42: 6 | N42: 6 | O42: 9 | P42: 5 | Q42: 4 | R42: 3 | S42: 5 | T42: 4 | U42: 4 | V42: 6 | W42: 5 | X42: =SUM(F42:W42) | Y42: =Y11 | Z42: =X42-Y42 | AA42: =MAX(0,25-Z42)*1.0 | AB42: 8 | AC42: 4 | AD42: 5 | AE42: 4 | AF42: 5 | AG42: 4 | AH42: 3 | AI42: 5 | AJ42: 4 | AK42: 5 | AL42: 4 | AM42: 6 | AN42: 4 | AO42: 5 | AP42: 4 | AQ42: 3 | AR42: 5 | AS42: 6 | AT42: =SUM(AB42:AS42) | AU42: =AU11 | AV42: =AT42-AU42 | AW42: =MAX(0,25-AV42)*1.0 | AX42: =AA42+AW42
A43: 31 | B43: Sebastião Soares | C43: 47341 | D43: Oporto | E43: 14.3 | F43: 6 | G43: 6 | H43: 6 | I43: 4 | J43: 6 | K43: 4 | L43: 4 | M43: 5 | N43: 6 | O43: 5 | P43: 7 | Q43: 4 | R43: 3 | S43: 6 | T43: 5 | U43: 4 | V43: 6 | W43: 5 | X43: =SUM(F43:W43) | Y43: =Y11 | Z43: =X43-Y43 | AA43: =MAX(0,25-Z43)*1.0 | AB43: 6 | AC43: 4 | AD43: 5 | AE43: 3 | AF43: 6 | AG43: 5 | AH43: 3 | AI43: 7 | AJ43: 6 | AK43: 6 | AL43: 4 | AM43: 6 | AN43: 4 | AO43: 8 | AP43: 5 | AQ43: 4 | AR43: 6 | AS43: 6 | AT43: =SUM(AB43:AS43) | AU43: =AU11 | AV43: =AT43-AU43 | AW43: =MAX(0,25-AV43)*1.0 | AX43: =AA43+AW43
