Workbook

Sheet Ranking
A1: PJA TOUR 2025 — Race to Dunas Ranking
A2: Fórmula por ronda: pts = MAX(0, 25 − toPar) × multiplicador (1.0 standard · 1.75 Royal Óbidos · 1.5 Grande Final)
A3: Regra 2025: Top-7 melhores torneios regulares contam + Grande Final adicionada separadamente. Vale Pisão D1+D2 contam como 1 torneio só.
E4: Royal Óbidos AT&T | F4: Aroeira Master by Details (Fev) | G4: Ribagolfe Oaks Masters | H4: Greatgolf Junior Open w/ Luis Figo Foundation | I4: PJA António Dantas Classic | J4: PJA TOUR Vale Pisão | K4: PJA Race to Dunas | L4: PJA Tour Troia | M4: PJA Masters by Details — Aroeira 2 | N4: Soma top 7 torneios | O4: Grande Final | P4: Top-7 + GF
A5: Pos | B5: Jogador | C5: FedCode | D5: Escalão | E5: royal_obidos | F5: aroeira_fev | G5: ribagolfe | H5: greatgolf | I5: antonio_dantas | J5: vale_pisao | K5: race_to_dunas | L5: troia | M5: aroeira_2 | N5: Top-7 | O5: GF ×1.5 | P5: TOTAL
A6: =RANK(P6,$P$6:$P$45) | B6: João Maria Ivo de Carvalho | C6: 38334 | D6: Sub 23 | E6: ='royal_obidos'!AB12 | F6: ='aroeira_fev'!AX14 | G6: ='ribagolfe'!AX12 | H6: 0 | I6: ='antonio_dantas'!AX15 | J6: 0 | K6: ='race_to_dunas'!AX18 | L6: 0 | M6: ='aroeira_2'!AX12 | N6: =IFERROR(LARGE(E6:M6,1),0)+IFERROR(LARGE(E6:M6,2),0)+IFERROR(LARGE(E6:M6,3),0)+IFERROR(LARGE(E6:M6,4),0)+IFERROR(LARGE(E6:M6,5),0)+IFERROR(LARGE(E6:M6,6),0)+IFERROR(LARGE(E6:M6,7),0) | O6: ='grande_final'!AX12 | P6: =N6+O6
A7: =RANK(P7,$P$6:$P$45) | B7: Santiago Dias | C7: 42908 | D7: Sub 14 | E7: ='royal_obidos'!AB13 | F7: 0 | G7: 0 | H7: ='greatgolf'!AX15 | I7: 0 | J7: 0 | K7: 0 | L7: ='troia'!AX13 | M7: 0 | N7: =IFERROR(LARGE(E7:M7,1),0)+IFERROR(LARGE(E7:M7,2),0)+IFERROR(LARGE(E7:M7,3),0)+IFERROR(LARGE(E7:M7,4),0)+IFERROR(LARGE(E7:M7,5),0)+IFERROR(LARGE(E7:M7,6),0)+IFERROR(LARGE(E7:M7,7),0) | O7: 0 | P7: =N7+O7
A8: =RANK(P8,$P$6:$P$45) | B8: João Setúbal | C8: 43732 | D8: Sub 14 | E8: ='royal_obidos'!AB14 | F8: 0 | G8: 0 | H8: ='greatgolf'!AX17 | I8: ='antonio_dantas'!AX13 | J8: 0 | K8: ='race_to_dunas'!AX12 | L8: ='troia'!AX12 | M8: 0 | N8: =IFERROR(LARGE(E8:M8,1),0)+IFERROR(LARGE(E8:M8,2),0)+IFERROR(LARGE(E8:M8,3),0)+IFERROR(LARGE(E8:M8,4),0)+IFERROR(LARGE(E8:M8,5),0)+IFERROR(LARGE(E8:M8,6),0)+IFERROR(LARGE(E8:M8,7),0) | O8: ='grande_final'!AX13 | P8: =N8+O8
A9: =RANK(P9,$P$6:$P$45) | B9: Clara Trindade | C9: 45812 | D9: Sub 14 | E9: ='royal_obidos'!AB15 | F9: ='aroeira_fev'!AX19 | G9: ='ribagolfe'!AX20 | H9: ='greatgolf'!AX41 | I9: 0 | J9: 0 | K9: ='race_to_dunas'!AX20 | L9: ='troia'!AX17 | M9: 0 | N9: =IFERROR(LARGE(E9:M9,1),0)+IFERROR(LARGE(E9:M9,2),0)+IFERROR(LARGE(E9:M9,3),0)+IFERROR(LARGE(E9:M9,4),0)+IFERROR(LARGE(E9:M9,5),0)+IFERROR(LARGE(E9:M9,6),0)+IFERROR(LARGE(E9:M9,7),0) | O9: ='grande_final'!AX23 | P9: =N9+O9
A10: =RANK(P10,$P$6:$P$45) | B10: Miguel Coelho Porfirio | C10: 44160 | D10: Sub 12 | E10: ='royal_obidos'!AB16 | F10: ='aroeira_fev'!AX17 | G10: 0 | H10: ='greatgolf'!AX28 | I10: ='antonio_dantas'!AX17 | J10: 0 | K10: 0 | L10: 0 | M10: 0 | N10: =IFERROR(LARGE(E10:M10,1),0)+IFERROR(LARGE(E10:M10,2),0)+IFERROR(LARGE(E10:M10,3),0)+IFERROR(LARGE(E10:M10,4),0)+IFERROR(LARGE(E10:M10,5),0)+IFERROR(LARGE(E10:M10,6),0)+IFERROR(LARGE(E10:M10,7),0) | O10: 0 | P10: =N10+O10
A11: =RANK(P11,$P$6:$P$45) | B11: Henrique Almeida da Silva | C11: 41612 | D11: Sub 16 | E11: ='royal_obidos'!AB17 | F11: 0 | G11: 0 | H11: 0 | I11: 0 | J11: 0 | K11: 0 | L11: 0 | M11: 0 | N11: =IFERROR(LARGE(E11:M11,1),0)+IFERROR(LARGE(E11:M11,2),0)+IFERROR(LARGE(E11:M11,3),0)+IFERROR(LARGE(E11:M11,4),0)+IFERROR(LARGE(E11:M11,5),0)+IFERROR(LARGE(E11:M11,6),0)+IFERROR(LARGE(E11:M11,7),0) | O11: 0 | P11: =N11+O11
A12: =RANK(P12,$P$6:$P$45) | B12: Ricardo Castro Ferreira | C12: 49085 | D12: Sub 12 | E12: ='royal_obidos'!AB18 | F12: ='aroeira_fev'!AX13 | G12: ='ribagolfe'!AX17 | H12: ='greatgolf'!AX22 | I12: ='antonio_dantas'!AX12 | J12: ='vale_pisao'!AX12 | K12: ='race_to_dunas'!AX14 | L12: ='troia'!AX25 | M12: ='aroeira_2'!AX13 | N12: =IFERROR(LARGE(E12:M12,1),0)+IFERROR(LARGE(E12:M12,2),0)+IFERROR(LARGE(E12:M12,3),0)+IFERROR(LARGE(E12:M12,4),0)+IFERROR(LARGE(E12:M12,5),0)+IFERROR(LARGE(E12:M12,6),0)+IFERROR(LARGE(E12:M12,7),0) | O12: ='grande_final'!AX17 | P12: =N12+O12
A13: =RANK(P13,$P$6:$P$45) | B13: Rafael Gonçales Benesi | C13: 54774 | D13: Sub 14 | E13: ='royal_obidos'!AB19 | F13: ='aroeira_fev'!AX16 | G13: ='ribagolfe'!AX13 | H13: 0 | I13: ='antonio_dantas'!AX23 | J13: 0 | K13: ='race_to_dunas'!AX26 | L13: ='troia'!AX27 | M13: ='aroeira_2'!AX20 | N13: =IFERROR(LARGE(E13:M13,1),0)+IFERROR(LARGE(E13:M13,2),0)+IFERROR(LARGE(E13:M13,3),0)+IFERROR(LARGE(E13:M13,4),0)+IFERROR(LARGE(E13:M13,5),0)+IFERROR(LARGE(E13:M13,6),0)+IFERROR(LARGE(E13:M13,7),0) | O13: 0 | P13: =N13+O13
A14: =RANK(P14,$P$6:$P$45) | B14: Pedro Costa Alemão | C14: 46706 | D14: Sub 14 | E14: ='royal_obidos'!AB20 | F14: ='aroeira_fev'!AX15 | G14: ='ribagolfe'!AX14 | H14: ='greatgolf'!AX13 | I14: ='antonio_dantas'!AX24 | J14: 0 | K14: ='race_to_dunas'!AX22 | L14: ='troia'!AX22 | M14: ='aroeira_2'!AX19 | N14: =IFERROR(LARGE(E14:M14,1),0)+IFERROR(LARGE(E14:M14,2),0)+IFERROR(LARGE(E14:M14,3),0)+IFERROR(LARGE(E14:M14,4),0)+IFERROR(LARGE(E14:M14,5),0)+IFERROR(LARGE(E14:M14,6),0)+IFERROR(LARGE(E14:M14,7),0) | O14: ='grande_final'!AX21 | P14: =N14+O14
A15: =RANK(P15,$P$6:$P$45) | B15: Nuno Palmares Jr. | C15: 49124 | D15: Sub 14 | E15: ='royal_obidos'!AB21 | F15: ='aroeira_fev'!AX18 | G15: 0 | H15: ='greatgolf'!AX24 | I15: ='antonio_dantas'!AX19 | J15: 0 | K15: ='race_to_dunas'!AX15 | L15: ='troia'!AX15 | M15: ='aroeira_2'!AX17 | N15: =IFERROR(LARGE(E15:M15,1),0)+IFERROR(LARGE(E15:M15,2),0)+IFERROR(LARGE(E15:M15,3),0)+IFERROR(LARGE(E15:M15,4),0)+IFERROR(LARGE(E15:M15,5),0)+IFERROR(LARGE(E15:M15,6),0)+IFERROR(LARGE(E15:M15,7),0) | O15: ='grande_final'!AX18 | P15: =N15+O15
A16: =RANK(P16,$P$6:$P$45) | B16: Filipe Pinheiro | C16: 46591 | D16: Sub 14 | E16: ='royal_obidos'!AB22 | F16: ='aroeira_fev'!AX22 | G16: ='ribagolfe'!AX18 | H16: ='greatgolf'!AX16 | I16: ='antonio_dantas'!AX16 | J16: 0 | K16: ='race_to_dunas'!AX17 | L16: 0 | M16: 0 | N16: =IFERROR(LARGE(E16:M16,1),0)+IFERROR(LARGE(E16:M16,2),0)+IFERROR(LARGE(E16:M16,3),0)+IFERROR(LARGE(E16:M16,4),0)+IFERROR(LARGE(E16:M16,5),0)+IFERROR(LARGE(E16:M16,6),0)+IFERROR(LARGE(E16:M16,7),0) | O16: 0 | P16: =N16+O16
A17: =RANK(P17,$P$6:$P$45) | B17: Salvador Ivo de Carvalho | C17: 43968 | D17: Sub 14 | E17: ='royal_obidos'!AB23 | F17: ='aroeira_fev'!AX24 | G17: ='ribagolfe'!AX21 | H17: 0 | I17: ='antonio_dantas'!AX21 | J17: 0 | K17: ='race_to_dunas'!AX25 | L17: ='troia'!AX24 | M17: ='aroeira_2'!AX21 | N17: =IFERROR(LARGE(E17:M17,1),0)+IFERROR(LARGE(E17:M17,2),0)+IFERROR(LARGE(E17:M17,3),0)+IFERROR(LARGE(E17:M17,4),0)+IFERROR(LARGE(E17:M17,5),0)+IFERROR(LARGE(E17:M17,6),0)+IFERROR(LARGE(E17:M17,7),0) | O17: ='grande_final'!AX16 | P17: =N17+O17
A18: =RANK(P18,$P$6:$P$45) | B18: Martim Sousa de Morais | C18: 41609 | D18: Sub 23 | E18: ='royal_obidos'!AB24 | F18: ='aroeira_fev'!AX25 | G18: ='ribagolfe'!AX23 | H18: 0 | I18: ='antonio_dantas'!AX30 | J18: 0 | K18: 0 | L18: ='troia'!AX26 | M18: ='aroeira_2'!AX25 | N18: =IFERROR(LARGE(E18:M18,1),0)+IFERROR(LARGE(E18:M18,2),0)+IFERROR(LARGE(E18:M18,3),0)+IFERROR(LARGE(E18:M18,4),0)+IFERROR(LARGE(E18:M18,5),0)+IFERROR(LARGE(E18:M18,6),0)+IFERROR(LARGE(E18:M18,7),0) | O18: ='grande_final'!AX29 | P18: =N18+O18
A19: =RANK(P19,$P$6:$P$45) | B19: Ryan Dantas | C19: 45439 | D19: Sub 14 | E19: ='royal_obidos'!AB25 | F19: ='aroeira_fev'!AX27 | G19: 0 | H19: ='greatgolf'!AX47 | I19: 0 | J19: 0 | K19: 0 | L19: ='troia'!AX32 | M19: ='aroeira_2'!AX28 | N19: =IFERROR(LARGE(E19:M19,1),0)+IFERROR(LARGE(E19:M19,2),0)+IFERROR(LARGE(E19:M19,3),0)+IFERROR(LARGE(E19:M19,4),0)+IFERROR(LARGE(E19:M19,5),0)+IFERROR(LARGE(E19:M19,6),0)+IFERROR(LARGE(E19:M19,7),0) | O19: 0 | P19: =N19+O19
A20: =RANK(P20,$P$6:$P$45) | B20: Rodrigo Faria Constantino | C20: 45278 | D20: Sub 23 | E20: ='royal_obidos'!AB26 | F20: ='aroeira_fev'!AX23 | G20: ='ribagolfe'!AX16 | H20: 0 | I20: ='antonio_dantas'!AX31 | J20: 0 | K20: ='race_to_dunas'!AX19 | L20: ='troia'!AX21 | M20: ='aroeira_2'!AX16 | N20: =IFERROR(LARGE(E20:M20,1),0)+IFERROR(LARGE(E20:M20,2),0)+IFERROR(LARGE(E20:M20,3),0)+IFERROR(LARGE(E20:M20,4),0)+IFERROR(LARGE(E20:M20,5),0)+IFERROR(LARGE(E20:M20,6),0)+IFERROR(LARGE(E20:M20,7),0) | O20: ='grande_final'!AX19 | P20: =N20+O20
A21: =RANK(P21,$P$6:$P$45) | B21: João Rocha | C21: 48297 | D21: Sub 14 | E21: ='royal_obidos'!AB27 | F21: ='aroeira_fev'!AX20 | G21: ='ribagolfe'!AX19 | H21: ='greatgolf'!AX29 | I21: ='antonio_dantas'!AX28 | J21: 0 | K21: ='race_to_dunas'!AX23 | L21: ='troia'!AX19 | M21: 0 | N21: =IFERROR(LARGE(E21:M21,1),0)+IFERROR(LARGE(E21:M21,2),0)+IFERROR(LARGE(E21:M21,3),0)+IFERROR(LARGE(E21:M21,4),0)+IFERROR(LARGE(E21:M21,5),0)+IFERROR(LARGE(E21:M21,6),0)+IFERROR(LARGE(E21:M21,7),0) | O21: ='grande_final'!AX28 | P21: =N21+O21
A22: =RANK(P22,$P$6:$P$45) | B22: Frederico Almeida da Silva | C22: 41613 | D22: Sub 14 | E22: ='royal_obidos'!AB28 | F22: ='aroeira_fev'!AX21 | G22: 0 | H22: 0 | I22: 0 | J22: 0 | K22: 0 | L22: 0 | M22: 0 | N22: =IFERROR(LARGE(E22:M22,1),0)+IFERROR(LARGE(E22:M22,2),0)+IFERROR(LARGE(E22:M22,3),0)+IFERROR(LARGE(E22:M22,4),0)+IFERROR(LARGE(E22:M22,5),0)+IFERROR(LARGE(E22:M22,6),0)+IFERROR(LARGE(E22:M22,7),0) | O22: 0 | P22: =N22+O22
A23: =RANK(P23,$P$6:$P$45) | B23: Manuel Goulartt Medeiros | C23: 52884 | D23: Sub 12 | E23: ='royal_obidos'!AB29 | F23: ='aroeira_fev'!AX26 | G23: ='ribagolfe'!AX24 | H23: ='greatgolf'!AX39 | I23: 0 | J23: ='vale_pisao'!AX18 | K23: ='race_to_dunas'!AX27 | L23: ='troia'!AX20 | M23: ='aroeira_2'!AX26 | N23: =IFERROR(LARGE(E23:M23,1),0)+IFERROR(LARGE(E23:M23,2),0)+IFERROR(LARGE(E23:M23,3),0)+IFERROR(LARGE(E23:M23,4),0)+IFERROR(LARGE(E23:M23,5),0)+IFERROR(LARGE(E23:M23,6),0)+IFERROR(LARGE(E23:M23,7),0) | O23: ='grande_final'!AX26 | P23: =N23+O23
A24: =RANK(P24,$P$6:$P$45) | B24: Luís Pinheiro Jr. | C24: 46590 | D24: Sub 16 | E24: ='royal_obidos'!AB30 | F24: 0 | G24: 0 | H24: ='greatgolf'!AX48 | I24: 0 | J24: 0 | K24: ='race_to_dunas'!AX30 | L24: 0 | M24: 0 | N24: =IFERROR(LARGE(E24:M24,1),0)+IFERROR(LARGE(E24:M24,2),0)+IFERROR(LARGE(E24:M24,3),0)+IFERROR(LARGE(E24:M24,4),0)+IFERROR(LARGE(E24:M24,5),0)+IFERROR(LARGE(E24:M24,6),0)+IFERROR(LARGE(E24:M24,7),0) | O24: 0 | P24: =N24+O24
A25: =RANK(P25,$P$6:$P$45) | B25: Rafaela Pinto | C25: 40390 | D25: Sub 23 | E25: 0 | F25: ='aroeira_fev'!AX12 | G25: ='ribagolfe'!AX15 | H25: ='greatgolf'!AX23 | I25: ='antonio_dantas'!AX29 | J25: 0 | K25: 0 | L25: 0 | M25: ='aroeira_2'!AX24 | N25: =IFERROR(LARGE(E25:M25,1),0)+IFERROR(LARGE(E25:M25,2),0)+IFERROR(LARGE(E25:M25,3),0)+IFERROR(LARGE(E25:M25,4),0)+IFERROR(LARGE(E25:M25,5),0)+IFERROR(LARGE(E25:M25,6),0)+IFERROR(LARGE(E25:M25,7),0) | O25: ='grande_final'!AX15 | P25: =N25+O25
A26: =RANK(P26,$P$6:$P$45) | B26: Tomás Rente | C26: 46311 | D26: Sub 14 | E26: 0 | F26: 0 | G26: 0 | H26: ='greatgolf'!AX25 | I26: 0 | J26: ='vale_pisao'!AX16 | K26: 0 | L26: 0 | M26: 0 | N26: =IFERROR(LARGE(E26:M26,1),0)+IFERROR(LARGE(E26:M26,2),0)+IFERROR(LARGE(E26:M26,3),0)+IFERROR(LARGE(E26:M26,4),0)+IFERROR(LARGE(E26:M26,5),0)+IFERROR(LARGE(E26:M26,6),0)+IFERROR(LARGE(E26:M26,7),0) | O26: 0 | P26: =N26+O26
A27: =RANK(P27,$P$6:$P$45) | B27: David Filip | C27: 51949 | D27: Sub 12 | E27: 0 | F27: 0 | G27: 0 | H27: ='greatgolf'!AX27 | I27: ='antonio_dantas'!AX22 | J27: 0 | K27: 0 | L27: ='troia'!AX23 | M27: ='aroeira_2'!AX18 | N27: =IFERROR(LARGE(E27:M27,1),0)+IFERROR(LARGE(E27:M27,2),0)+IFERROR(LARGE(E27:M27,3),0)+IFERROR(LARGE(E27:M27,4),0)+IFERROR(LARGE(E27:M27,5),0)+IFERROR(LARGE(E27:M27,6),0)+IFERROR(LARGE(E27:M27,7),0) | O27: ='grande_final'!AX14 | P27: =N27+O27
A28: =RANK(P28,$P$6:$P$45) | B28: Tomás Lima Pinto | C28: 46037 | D28: Sub 14 | E28: 0 | F28: 0 | G28: 0 | H28: ='greatgolf'!AX30 | I28: ='antonio_dantas'!AX34 | J28: 0 | K28: 0 | L28: ='troia'!AX30 | M28: 0 | N28: =IFERROR(LARGE(E28:M28,1),0)+IFERROR(LARGE(E28:M28,2),0)+IFERROR(LARGE(E28:M28,3),0)+IFERROR(LARGE(E28:M28,4),0)+IFERROR(LARGE(E28:M28,5),0)+IFERROR(LARGE(E28:M28,6),0)+IFERROR(LARGE(E28:M28,7),0) | O28: ='grande_final'!AX24 | P28: =N28+O28
A29: =RANK(P29,$P$6:$P$45) | B29: Rodrigo Sousa Correia | C29: 44934 | D29: Sub 14 | E29: 0 | F29: 0 | G29: 0 | H29: ='greatgolf'!AX32 | I29: ='antonio_dantas'!AX26 | J29: 0 | K29: ='race_to_dunas'!AX16 | L29: ='troia'!AX16 | M29: 0 | N29: =IFERROR(LARGE(E29:M29,1),0)+IFERROR(LARGE(E29:M29,2),0)+IFERROR(LARGE(E29:M29,3),0)+IFERROR(LARGE(E29:M29,4),0)+IFERROR(LARGE(E29:M29,5),0)+IFERROR(LARGE(E29:M29,6),0)+IFERROR(LARGE(E29:M29,7),0) | O29: ='grande_final'!AX20 | P29: =N29+O29
A30: =RANK(P30,$P$6:$P$45) | B30: Sabrina Ribeiro Crisóstomo | C30: 48971 | D30: Sub 12 | E30: 0 | F30: 0 | G30: 0 | H30: ='greatgolf'!AX33 | I30: ='antonio_dantas'!AX18 | J30: 0 | K30: 0 | L30: 0 | M30: 0 | N30: =IFERROR(LARGE(E30:M30,1),0)+IFERROR(LARGE(E30:M30,2),0)+IFERROR(LARGE(E30:M30,3),0)+IFERROR(LARGE(E30:M30,4),0)+IFERROR(LARGE(E30:M30,5),0)+IFERROR(LARGE(E30:M30,6),0)+IFERROR(LARGE(E30:M30,7),0) | O30: 0 | P30: =N30+O30
A31: =RANK(P31,$P$6:$P$45) | B31: Carlota Braz Gil | C31: 47374 | D31: Sub 14 | E31: 0 | F31: 0 | G31: 0 | H31: ='greatgolf'!AX42 | I31: 0 | J31: 0 | K31: 0 | L31: 0 | M31: 0 | N31: =IFERROR(LARGE(E31:M31,1),0)+IFERROR(LARGE(E31:M31,2),0)+IFERROR(LARGE(E31:M31,3),0)+IFERROR(LARGE(E31:M31,4),0)+IFERROR(LARGE(E31:M31,5),0)+IFERROR(LARGE(E31:M31,6),0)+IFERROR(LARGE(E31:M31,7),0) | O31: 0 | P31: =N31+O31
A32: =RANK(P32,$P$6:$P$45) | B32: Ricardo Serpa | C32: 28845 | D32: Sub 23 | E32: 0 | F32: 0 | G32: 0 | H32: 0 | I32: ='antonio_dantas'!AX14 | J32: 0 | K32: 0 | L32: 0 | M32: 0 | N32: =IFERROR(LARGE(E32:M32,1),0)+IFERROR(LARGE(E32:M32,2),0)+IFERROR(LARGE(E32:M32,3),0)+IFERROR(LARGE(E32:M32,4),0)+IFERROR(LARGE(E32:M32,5),0)+IFERROR(LARGE(E32:M32,6),0)+IFERROR(LARGE(E32:M32,7),0) | O32: 0 | P32: =N32+O32
A33: =RANK(P33,$P$6:$P$45) | B33: Gabriel Fantasia Leite | C33: 33811 | D33: Sub 23 | E33: 0 | F33: 0 | G33: 0 | H33: 0 | I33: ='antonio_dantas'!AX20 | J33: 0 | K33: 0 | L33: 0 | M33: 0 | N33: =IFERROR(LARGE(E33:M33,1),0)+IFERROR(LARGE(E33:M33,2),0)+IFERROR(LARGE(E33:M33,3),0)+IFERROR(LARGE(E33:M33,4),0)+IFERROR(LARGE(E33:M33,5),0)+IFERROR(LARGE(E33:M33,6),0)+IFERROR(LARGE(E33:M33,7),0) | O33: 0 | P33: =N33+O33
A34: =RANK(P34,$P$6:$P$45) | B34: Angelina Gao | C34: 51523 | D34: Sub 14 | E34: 0 | F34: 0 | G34: 0 | H34: 0 | I34: ='antonio_dantas'!AX25 | J34: 0 | K34: ='race_to_dunas'!AX13 | L34: ='troia'!AX28 | M34: 0 | N34: =IFERROR(LARGE(E34:M34,1),0)+IFERROR(LARGE(E34:M34,2),0)+IFERROR(LARGE(E34:M34,3),0)+IFERROR(LARGE(E34:M34,4),0)+IFERROR(LARGE(E34:M34,5),0)+IFERROR(LARGE(E34:M34,6),0)+IFERROR(LARGE(E34:M34,7),0) | O34: 0 | P34: =N34+O34
A35: =RANK(P35,$P$6:$P$45) | B35: Guo Ziyang | C35: 57904 | D35: Sub 12 | E35: 0 | F35: 0 | G35: 0 | H35: 0 | I35: ='antonio_dantas'!AX27 | J35: ='vale_pisao'!AX13 | K35: ='race_to_dunas'!AX21 | L35: ='troia'!AX18 | M35: ='aroeira_2'!AX23 | N35: =IFERROR(LARGE(E35:M35,1),0)+IFERROR(LARGE(E35:M35,2),0)+IFERROR(LARGE(E35:M35,3),0)+IFERROR(LARGE(E35:M35,4),0)+IFERROR(LARGE(E35:M35,5),0)+IFERROR(LARGE(E35:M35,6),0)+IFERROR(LARGE(E35:M35,7),0) | O35: ='grande_final'!AX27 | P35: =N35+O35
A36: =RANK(P36,$P$6:$P$45) | B36: Diogo Sequeira | C36: 56654 | D36: Sub 14 | E36: 0 | F36: 0 | G36: 0 | H36: 0 | I36: ='antonio_dantas'!AX32 | J36: 0 | K36: ='race_to_dunas'!AX28 | L36: ='troia'!AX31 | M36: ='aroeira_2'!AX22 | N36: =IFERROR(LARGE(E36:M36,1),0)+IFERROR(LARGE(E36:M36,2),0)+IFERROR(LARGE(E36:M36,3),0)+IFERROR(LARGE(E36:M36,4),0)+IFERROR(LARGE(E36:M36,5),0)+IFERROR(LARGE(E36:M36,6),0)+IFERROR(LARGE(E36:M36,7),0) | O36: 0 | P36: =N36+O36
A37: =RANK(P37,$P$6:$P$45) | B37: William Gao | C37: 51524 | D37: Sub 14 | E37: 0 | F37: 0 | G37: 0 | H37: 0 | I37: ='antonio_dantas'!AX33 | J37: 0 | K37: ='race_to_dunas'!AX29 | L37: ='troia'!AX33 | M37: 0 | N37: =IFERROR(LARGE(E37:M37,1),0)+IFERROR(LARGE(E37:M37,2),0)+IFERROR(LARGE(E37:M37,3),0)+IFERROR(LARGE(E37:M37,4),0)+IFERROR(LARGE(E37:M37,5),0)+IFERROR(LARGE(E37:M37,6),0)+IFERROR(LARGE(E37:M37,7),0) | O37: 0 | P37: =N37+O37
A38: =RANK(P38,$P$6:$P$45) | B38: Francisco Carvalho | C38: 52856 | D38: Sub 12 | E38: 0 | F38: 0 | G38: 0 | H38: 0 | I38: 0 | J38: ='vale_pisao'!AX14 | K38: ='race_to_dunas'!AX24 | L38: 0 | M38: 0 | N38: =IFERROR(LARGE(E38:M38,1),0)+IFERROR(LARGE(E38:M38,2),0)+IFERROR(LARGE(E38:M38,3),0)+IFERROR(LARGE(E38:M38,4),0)+IFERROR(LARGE(E38:M38,5),0)+IFERROR(LARGE(E38:M38,6),0)+IFERROR(LARGE(E38:M38,7),0) | O38: ='grande_final'!AX22 | P38: =N38+O38
A39: =RANK(P39,$P$6:$P$45) | B39: André Castro Mendes | C39: 55056 | D39: Sub 23 | E39: 0 | F39: 0 | G39: 0 | H39: 0 | I39: 0 | J39: 0 | K39: 0 | L39: ='troia'!AX14 | M39: ='aroeira_2'!AX27 | N39: =IFERROR(LARGE(E39:M39,1),0)+IFERROR(LARGE(E39:M39,2),0)+IFERROR(LARGE(E39:M39,3),0)+IFERROR(LARGE(E39:M39,4),0)+IFERROR(LARGE(E39:M39,5),0)+IFERROR(LARGE(E39:M39,6),0)+IFERROR(LARGE(E39:M39,7),0) | O39: ='grande_final'!AX25 | P39: =N39+O39
A40: =RANK(P40,$P$6:$P$45) | B40: Madalena Figueiredo | C40: 52011 | D40: Sub 16 | E40: 0 | F40: 0 | G40: 0 | H40: 0 | I40: 0 | J40: 0 | K40: 0 | L40: ='troia'!AX29 | M40: 0 | N40: =IFERROR(LARGE(E40:M40,1),0)+IFERROR(LARGE(E40:M40,2),0)+IFERROR(LARGE(E40:M40,3),0)+IFERROR(LARGE(E40:M40,4),0)+IFERROR(LARGE(E40:M40,5),0)+IFERROR(LARGE(E40:M40,6),0)+IFERROR(LARGE(E40:M40,7),0) | O40: 0 | P40: =N40+O40
A41: =RANK(P41,$P$6:$P$45) | B41: Henrique Cunha | C41: 36844 | D41: Sub 23 | E41: 0 | F41: 0 | G41: 0 | H41: 0 | I41: 0 | J41: 0 | K41: 0 | L41: ='troia'!AX34 | M41: 0 | N41: =IFERROR(LARGE(E41:M41,1),0)+IFERROR(LARGE(E41:M41,2),0)+IFERROR(LARGE(E41:M41,3),0)+IFERROR(LARGE(E41:M41,4),0)+IFERROR(LARGE(E41:M41,5),0)+IFERROR(LARGE(E41:M41,6),0)+IFERROR(LARGE(E41:M41,7),0) | O41: 0 | P41: =N41+O41
A42: =RANK(P42,$P$6:$P$45) | B42: Margarida Silva Pinto | C42: 46310 | D42: Sub 12 | E42: 0 | F42: 0 | G42: 0 | H42: 0 | I42: 0 | J42: 0 | K42: 0 | L42: 0 | M42: 0 | N42: =IFERROR(LARGE(E42:M42,1),0)+IFERROR(LARGE(E42:M42,2),0)+IFERROR(LARGE(E42:M42,3),0)+IFERROR(LARGE(E42:M42,4),0)+IFERROR(LARGE(E42:M42,5),0)+IFERROR(LARGE(E42:M42,6),0)+IFERROR(LARGE(E42:M42,7),0) | O42: 0 | P42: =N42+O42
A43: =RANK(P43,$P$6:$P$45) | B43: Francisco Saraiva | C43: 39097 | D43: Sub 14 | E43: 0 | F43: 0 | G43: 0 | H43: 0 | I43: 0 | J43: 0 | K43: 0 | L43: 0 | M43: 0 | N43: =IFERROR(LARGE(E43:M43,1),0)+IFERROR(LARGE(E43:M43,2),0)+IFERROR(LARGE(E43:M43,3),0)+IFERROR(LARGE(E43:M43,4),0)+IFERROR(LARGE(E43:M43,5),0)+IFERROR(LARGE(E43:M43,6),0)+IFERROR(LARGE(E43:M43,7),0) | O43: 0 | P43: =N43+O43
A44: =RANK(P44,$P$6:$P$45) | B44: Afonso Silva Pinto | C44: 46309 | D44: Sub 14 | E44: 0 | F44: 0 | G44: 0 | H44: 0 | I44: 0 | J44: 0 | K44: 0 | L44: 0 | M44: 0 | N44: =IFERROR(LARGE(E44:M44,1),0)+IFERROR(LARGE(E44:M44,2),0)+IFERROR(LARGE(E44:M44,3),0)+IFERROR(LARGE(E44:M44,4),0)+IFERROR(LARGE(E44:M44,5),0)+IFERROR(LARGE(E44:M44,6),0)+IFERROR(LARGE(E44:M44,7),0) | O44: 0 | P44: =N44+O44
A45: =RANK(P45,$P$6:$P$45) | B45: Francisca Ferreira da Costa | C45: 40981 | D45: Sub 16 | E45: 0 | F45: 0 | G45: 0 | H45: 0 | I45: 0 | J45: 0 | K45: 0 | L45: 0 | M45: 0 | N45: =IFERROR(LARGE(E45:M45,1),0)+IFERROR(LARGE(E45:M45,2),0)+IFERROR(LARGE(E45:M45,3),0)+IFERROR(LARGE(E45:M45,4),0)+IFERROR(LARGE(E45:M45,5),0)+IFERROR(LARGE(E45:M45,6),0)+IFERROR(LARGE(E45:M45,7),0) | O45: 0 | P45: =N45+O45

Sheet Sub 12
A1: PJA TOUR 2025 — Ranking Sub 12
A2: Sub-ranking automático filtrado por escalão Sub 12. Totais referenciados directamente do Ranking principal — actualizam dinamicamente.
A4: Pos | B4: Jogador | C4: FedCode | D4: Escalão | E4: TOTAL
A5: =RANK(E5,$E$5:$E$12) | B5: Ricardo Castro Ferreira | C5: 49085 | D5: Sub 12 | E5: =IFERROR(VLOOKUP("49085",Ranking!$C:$P,14,FALSE),0)
A6: =RANK(E6,$E$5:$E$12) | B6: Manuel Goulartt Medeiros | C6: 52884 | D6: Sub 12 | E6: =IFERROR(VLOOKUP("52884",Ranking!$C:$P,14,FALSE),0)
A7: =RANK(E7,$E$5:$E$12) | B7: Guo Ziyang | C7: 57904 | D7: Sub 12 | E7: =IFERROR(VLOOKUP("57904",Ranking!$C:$P,14,FALSE),0)
A8: =RANK(E8,$E$5:$E$12) | B8: David Filip | C8: 51949 | D8: Sub 12 | E8: =IFERROR(VLOOKUP("51949",Ranking!$C:$P,14,FALSE),0)
A9: =RANK(E9,$E$5:$E$12) | B9: Francisco Carvalho | C9: 52856 | D9: Sub 12 | E9: =IFERROR(VLOOKUP("52856",Ranking!$C:$P,14,FALSE),0)
A10: =RANK(E10,$E$5:$E$12) | B10: Miguel Coelho Porfirio | C10: 44160 | D10: Sub 12 | E10: =IFERROR(VLOOKUP("44160",Ranking!$C:$P,14,FALSE),0)
A11: =RANK(E11,$E$5:$E$12) | B11: Sabrina Ribeiro Crisóstomo | C11: 48971 | D11: Sub 12 | E11: =IFERROR(VLOOKUP("48971",Ranking!$C:$P,14,FALSE),0)
A12: =RANK(E12,$E$5:$E$12) | B12: Margarida Silva Pinto | C12: 46310 | D12: Sub 12 | E12: =IFERROR(VLOOKUP("46310",Ranking!$C:$P,14,FALSE),0)

Sheet Sub 14
A1: PJA TOUR 2025 — Ranking Sub 14
A2: Sub-ranking automático filtrado por escalão Sub 14. Totais referenciados directamente do Ranking principal — actualizam dinamicamente.
A4: Pos | B4: Jogador | C4: FedCode | D4: Escalão | E4: TOTAL
A5: =RANK(E5,$E$5:$E$24) | B5: Pedro Costa Alemão | C5: 46706 | D5: Sub 14 | E5: =IFERROR(VLOOKUP("46706",Ranking!$C:$P,14,FALSE),0)
A6: =RANK(E6,$E$5:$E$24) | B6: Nuno Palmares Jr. | C6: 49124 | D6: Sub 14 | E6: =IFERROR(VLOOKUP("49124",Ranking!$C:$P,14,FALSE),0)
A7: =RANK(E7,$E$5:$E$24) | B7: João Setúbal | C7: 43732 | D7: Sub 14 | E7: =IFERROR(VLOOKUP("43732",Ranking!$C:$P,14,FALSE),0)
A8: =RANK(E8,$E$5:$E$24) | B8: João Rocha | C8: 48297 | D8: Sub 14 | E8: =IFERROR(VLOOKUP("48297",Ranking!$C:$P,14,FALSE),0)
A9: =RANK(E9,$E$5:$E$24) | B9: Rafael Gonçales Benesi | C9: 54774 | D9: Sub 14 | E9: =IFERROR(VLOOKUP("54774",Ranking!$C:$P,14,FALSE),0)
A10: =RANK(E10,$E$5:$E$24) | B10: Clara Trindade | C10: 45812 | D10: Sub 14 | E10: =IFERROR(VLOOKUP("45812",Ranking!$C:$P,14,FALSE),0)
A11: =RANK(E11,$E$5:$E$24) | B11: Rodrigo Sousa Correia | C11: 44934 | D11: Sub 14 | E11: =IFERROR(VLOOKUP("44934",Ranking!$C:$P,14,FALSE),0)
A12: =RANK(E12,$E$5:$E$24) | B12: Salvador Ivo de Carvalho | C12: 43968 | D12: Sub 14 | E12: =IFERROR(VLOOKUP("43968",Ranking!$C:$P,14,FALSE),0)
A13: =RANK(E13,$E$5:$E$24) | B13: Filipe Pinheiro | C13: 46591 | D13: Sub 14 | E13: =IFERROR(VLOOKUP("46591",Ranking!$C:$P,14,FALSE),0)
A14: =RANK(E14,$E$5:$E$24) | B14: Santiago Dias | C14: 42908 | D14: Sub 14 | E14: =IFERROR(VLOOKUP("42908",Ranking!$C:$P,14,FALSE),0)
A15: =RANK(E15,$E$5:$E$24) | B15: Tomás Lima Pinto | C15: 46037 | D15: Sub 14 | E15: =IFERROR(VLOOKUP("46037",Ranking!$C:$P,14,FALSE),0)
A16: =RANK(E16,$E$5:$E$24) | B16: Angelina Gao | C16: 51523 | D16: Sub 14 | E16: =IFERROR(VLOOKUP("51523",Ranking!$C:$P,14,FALSE),0)
A17: =RANK(E17,$E$5:$E$24) | B17: Diogo Sequeira | C17: 56654 | D17: Sub 14 | E17: =IFERROR(VLOOKUP("56654",Ranking!$C:$P,14,FALSE),0)
A18: =RANK(E18,$E$5:$E$24) | B18: Tomás Rente | C18: 46311 | D18: Sub 14 | E18: =IFERROR(VLOOKUP("46311",Ranking!$C:$P,14,FALSE),0)
A19: =RANK(E19,$E$5:$E$24) | B19: William Gao | C19: 51524 | D19: Sub 14 | E19: =IFERROR(VLOOKUP("51524",Ranking!$C:$P,14,FALSE),0)
A20: =RANK(E20,$E$5:$E$24) | B20: Ryan Dantas | C20: 45439 | D20: Sub 14 | E20: =IFERROR(VLOOKUP("45439",Ranking!$C:$P,14,FALSE),0)
A21: =RANK(E21,$E$5:$E$24) | B21: Carlota Braz Gil | C21: 47374 | D21: Sub 14 | E21: =IFERROR(VLOOKUP("47374",Ranking!$C:$P,14,FALSE),0)
A22: =RANK(E22,$E$5:$E$24) | B22: Frederico Almeida da Silva | C22: 41613 | D22: Sub 14 | E22: =IFERROR(VLOOKUP("41613",Ranking!$C:$P,14,FALSE),0)
A23: =RANK(E23,$E$5:$E$24) | B23: Francisco Saraiva | C23: 39097 | D23: Sub 14 | E23: =IFERROR(VLOOKUP("39097",Ranking!$C:$P,14,FALSE),0)
A24: =RANK(E24,$E$5:$E$24) | B24: Afonso Silva Pinto | C24: 46309 | D24: Sub 14 | E24: =IFERROR(VLOOKUP("46309",Ranking!$C:$P,14,FALSE),0)

Sheet Sub 16
A1: PJA TOUR 2025 — Ranking Sub 16
A2: Sub-ranking automático filtrado por escalão Sub 16. Totais referenciados directamente do Ranking principal — actualizam dinamicamente.
A4: Pos | B4: Jogador | C4: FedCode | D4: Escalão | E4: TOTAL
A5: =RANK(E5,$E$5:$E$8) | B5: Henrique Almeida da Silva | C5: 41612 | D5: Sub 16 | E5: =IFERROR(VLOOKUP("41612",Ranking!$C:$P,14,FALSE),0)
A6: =RANK(E6,$E$5:$E$8) | B6: Madalena Figueiredo | C6: 52011 | D6: Sub 16 | E6: =IFERROR(VLOOKUP("52011",Ranking!$C:$P,14,FALSE),0)
A7: =RANK(E7,$E$5:$E$8) | B7: Luís Pinheiro Jr. | C7: 46590 | D7: Sub 16 | E7: =IFERROR(VLOOKUP("46590",Ranking!$C:$P,14,FALSE),0)
A8: =RANK(E8,$E$5:$E$8) | B8: Francisca Ferreira da Costa | C8: 40981 | D8: Sub 16 | E8: =IFERROR(VLOOKUP("40981",Ranking!$C:$P,14,FALSE),0)

Sheet Sub 23
A1: PJA TOUR 2025 — Ranking Sub 23
A2: Sub-ranking automático filtrado por escalão Sub 23. Totais referenciados directamente do Ranking principal — actualizam dinamicamente.
A4: Pos | B4: Jogador | C4: FedCode | D4: Escalão | E4: TOTAL
A5: =RANK(E5,$E$5:$E$12) | B5: João Maria Ivo de Carvalho | C5: 38334 | D5: Sub 23 | E5: =IFERROR(VLOOKUP("38334",Ranking!$C:$P,14,FALSE),0)
A6: =RANK(E6,$E$5:$E$12) | B6: Rodrigo Faria Constantino | C6: 45278 | D6: Sub 23 | E6: =IFERROR(VLOOKUP("45278",Ranking!$C:$P,14,FALSE),0)
A7: =RANK(E7,$E$5:$E$12) | B7: Rafaela Pinto | C7: 40390 | D7: Sub 23 | E7: =IFERROR(VLOOKUP("40390",Ranking!$C:$P,14,FALSE),0)
A8: =RANK(E8,$E$5:$E$12) | B8: Martim Sousa de Morais | C8: 41609 | D8: Sub 23 | E8: =IFERROR(VLOOKUP("41609",Ranking!$C:$P,14,FALSE),0)
A9: =RANK(E9,$E$5:$E$12) | B9: André Castro Mendes | C9: 55056 | D9: Sub 23 | E9: =IFERROR(VLOOKUP("55056",Ranking!$C:$P,14,FALSE),0)
A10: =RANK(E10,$E$5:$E$12) | B10: Ricardo Serpa | C10: 28845 | D10: Sub 23 | E10: =IFERROR(VLOOKUP("28845",Ranking!$C:$P,14,FALSE),0)
A11: =RANK(E11,$E$5:$E$12) | B11: Gabriel Fantasia Leite | C11: 33811 | D11: Sub 23 | E11: =IFERROR(VLOOKUP("33811",Ranking!$C:$P,14,FALSE),0)
A12: =RANK(E12,$E$5:$E$12) | B12: Henrique Cunha | C12: 36844 | D12: Sub 23 | E12: =IFERROR(VLOOKUP("36844",Ranking!$C:$P,14,FALSE),0)

Sheet royal_obidos
A1: Royal Óbidos AT&T
A2: Data: | B2: 2025-02-01
A3: Campo: | B3: Royal Óbidos
A4: ccode/tcode: | B4: 152/10444
A5: Link FPG: | B5: https://scoring.datagolf.pt/pt/Classifications.aspx?ccode=152&tcode=10444
A6: Multiplicador: | B6: 1.75
A7: Nota: | B7: Multiplicador especial ×1.75 (torneio anterior cancelado — decidido pela comissão técnica PJA)
A9: Pos | B9: Nome | C9: FedCode | D9: Clube | E9: HCP | F9: R1 h1 | G9: h2 | H9: h3 | I9: h4 | J9: h5 | K9: h6 | L9: h7 | M9: h8 | N9: h9 | O9: h10 | P9: h11 | Q9: h12 | R9: h13 | S9: h14 | T9: h15 | U9: h16 | V9: h17 | W9: h18 | X9: R1 Gross | Y9: R1 Par | Z9: R1 ToPar | AA9: R1 Pts | AB9: Total Pts
A10: —Par— | F10: 4 | G10: 5 | H10: 3 | I10: 4 | J10: 5 | K10: 3 | L10: 5 | M10: 3 | N10: 4 | O10: 4 | P10: 5 | Q10: 4 | R10: 3 | S10: 4 | T10: 3 | U10: 4 | V10: 4 | W10: 5 | Y10: =SUM(F10:W10)
A11: —SI— | F11: 7 | G11: 3 | H11: 13 | I11: 1 | J11: 9 | K11: 15 | L11: 5 | M11: 17 | N11: 11 | O11: 8 | P11: 10 | Q11: 2 | R11: 18 | S11: 6 | T11: 14 | U11: 16 | V11: 12 | W11: 4
A12: 1 | B12: João Maria Ivo de Carvalho | C12: 38334 | D12: Vilamoura, C. G | E12: 2.3 | F12: 5 | G12: 6 | H12: 3 | I12: 5 | J12: 4 | K12: 3 | L12: 5 | M12: 3 | N12: 4 | O12: 5 | P12: 5 | Q12: 4 | R12: 3 | S12: 3 | T12: 2 | U12: 4 | V12: 4 | W12: 4 | X12: =SUM(F12:W12) | Y12: =Y10 | Z12: =X12-Y12 | AA12: =MAX(0,25-Z12)*1.75 | AB12: =AA12
A13: 2 | B13: Santiago Dias | C13: 42908 | D13: Miramar | E13: 2.7 | F13: 5 | G13: 5 | H13: 4 | I13: 4 | J13: 5 | K13: 3 | L13: 5 | M13: 3 | N13: 5 | O13: 6 | P13: 5 | Q13: 4 | R13: 2 | S13: 5 | T13: 3 | U13: 4 | V13: 4 | W13: 5 | X13: =SUM(F13:W13) | Y13: =Y10 | Z13: =X13-Y13 | AA13: =MAX(0,25-Z13)*1.75 | AB13: =AA13
A14: 3 | B14: João Setúbal | C14: 43732 | D14: Vilamoura, C. G | E14: 4.8 | F14: 4 | G14: 5 | H14: 4 | I14: 6 | J14: 5 | K14: 3 | L14: 5 | M14: 3 | N14: 4 | O14: 5 | P14: 5 | Q14: 4 | R14: 3 | S14: 4 | T14: 4 | U14: 4 | V14: 4 | W14: 5 | X14: =SUM(F14:W14) | Y14: =Y10 | Z14: =X14-Y14 | AA14: =MAX(0,25-Z14)*1.75 | AB14: =AA14
A15: 4 | B15: Clara Trindade | C15: 45812 | D15: Belas | E15: 12 | F15: 4 | G15: 5 | H15: 4 | I15: 4 | J15: 5 | K15: 3 | L15: 6 | M15: 4 | N15: 4 | O15: 4 | P15: 5 | Q15: 5 | R15: 3 | S15: 4 | T15: 3 | U15: 7 | V15: 5 | W15: 5 | X15: =SUM(F15:W15) | Y15: =Y10 | Z15: =X15-Y15 | AA15: =MAX(0,25-Z15)*1.75 | AB15: =AA15
A16: 5 | B16: Miguel Coelho Porfirio | C16: 44160 | D16: Miramar | E16: 12 | F16: 5 | G16: 5 | H16: 3 | I16: 5 | J16: 5 | K16: 3 | L16: 5 | M16: 4 | N16: 5 | O16: 5 | P16: 5 | Q16: 5 | R16: 3 | S16: 5 | T16: 3 | U16: 4 | V16: 5 | W16: 6 | X16: =SUM(F16:W16) | Y16: =Y10 | Z16: =X16-Y16 | AA16: =MAX(0,25-Z16)*1.75 | AB16: =AA16
A17: 6 | B17: Henrique Almeida da Silva | C17: 41612 | D17: Belas | E17: 5.8 | F17: 4 | G17: 4 | H17: 3 | I17: 5 | J17: 5 | K17: 3 | L17: 6 | M17: 3 | N17: 5 | O17: 5 | P17: 6 | Q17: 5 | R17: 4 | S17: 7 | T17: 4 | U17: 4 | V17: 4 | W17: 5 | X17: =SUM(F17:W17) | Y17: =Y10 | Z17: =X17-Y17 | AA17: =MAX(0,25-Z17)*1.75 | AB17: =AA17
A18: 7 | B18: Ricardo Castro Ferreira | C18: 49085 | D18: Estoril | E18: 12 | F18: 5 | G18: 7 | H18: 4 | I18: 4 | J18: 5 | K18: 4 | L18: 5 | M18: 4 | N18: 5 | O18: 4 | P18: 5 | Q18: 5 | R18: 3 | S18: 5 | T18: 3 | U18: 4 | V18: 5 | W18: 6 | X18: =SUM(F18:W18) | Y18: =Y10 | Z18: =X18-Y18 | AA18: =MAX(0,25-Z18)*1.75 | AB18: =AA18
A19: 8 | B19: Rafael Gonçales Benesi | C19: 54774 | D19: Estoril | E19: 9.9 | F19: 5 | G19: 5 | H19: 3 | I19: 5 | J19: 6 | K19: 3 | L19: 5 | M19: 4 | N19: 5 | O19: 5 | P19: 5 | Q19: 4 | R19: 2 | S19: 5 | T19: 5 | U19: 4 | V19: 5 | W19: 7 | X19: =SUM(F19:W19) | Y19: =Y10 | Z19: =X19-Y19 | AA19: =MAX(0,25-Z19)*1.75 | AB19: =AA19
A20: 9 | B20: Pedro Costa Alemão | C20: 46706 | D20: Estoril | E20: 8 | F20: 3 | G20: 7 | H20: 3 | I20: 5 | J20: 4 | K20: 3 | L20: 6 | M20: 5 | N20: 6 | O20: 6 | P20: 5 | Q20: 4 | R20: 3 | S20: 6 | T20: 5 | U20: 3 | V20: 4 | W20: 6 | X20: =SUM(F20:W20) | Y20: =Y10 | Z20: =X20-Y20 | AA20: =MAX(0,25-Z20)*1.75 | AB20: =AA20
A21: 10 | B21: Nuno Palmares Jr. | C21: 49124 | D21: Estoril | E21: 7.8 | F21: 6 | G21: 6 | H21: 3 | I21: 6 | J21: 6 | K21: 3 | L21: 5 | M21: 3 | N21: 5 | O21: 5 | P21: 5 | Q21: 5 | R21: 3 | S21: 7 | T21: 3 | U21: 4 | V21: 5 | W21: 7 | X21: =SUM(F21:W21) | Y21: =Y10 | Z21: =X21-Y21 | AA21: =MAX(0,25-Z21)*1.75 | AB21: =AA21
A22: 11 | B22: Filipe Pinheiro | C22: 46591 | D22: Belas | E22: 7.2 | F22: 5 | G22: 6 | H22: 3 | I22: 5 | J22: 6 | K22: 3 | L22: 5 | M22: 4 | N22: 4 | O22: 4 | P22: 6 | Q22: 7 | R22: 4 | S22: 6 | T22: 3 | U22: 5 | V22: 5 | W22: 6 | X22: =SUM(F22:W22) | Y22: =Y10 | Z22: =X22-Y22 | AA22: =MAX(0,25-Z22)*1.75 | AB22: =AA22
A23: 12 | B23: Salvador Ivo de Carvalho | C23: 43968 | D23: Vilamoura, C. G | E23: 9.4 | F23: 5 | G23: 7 | H23: 5 | I23: 5 | J23: 5 | K23: 4 | L23: 5 | M23: 4 | N23: 5 | O23: 4 | P23: 6 | Q23: 5 | R23: 3 | S23: 5 | T23: 3 | U23: 5 | V23: 5 | W23: 7 | X23: =SUM(F23:W23) | Y23: =Y10 | Z23: =X23-Y23 | AA23: =MAX(0,25-Z23)*1.75 | AB23: =AA23
A24: 13 | B24: Martim Sousa de Morais | C24: 41609 | D24: Belas | E24: 7.4 | F24: 4 | G24: 7 | H24: 4 | I24: 5 | J24: 6 | K24: 3 | L24: 7 | M24: 4 | N24: 5 | O24: 6 | P24: 5 | Q24: 6 | R24: 4 | S24: 5 | T24: 5 | U24: 4 | V24: 5 | W24: 8 | X24: =SUM(F24:W24) | Y24: =Y10 | Z24: =X24-Y24 | AA24: =MAX(0,25-Z24)*1.75 | AB24: =AA24
A25: 14 | B25: Ryan Dantas | C25: 45439 | D25: Clube Benfica | E25: 13.4 | F25: 6 | G25: 6 | H25: 3 | I25: 7 | J25: 5 | K25: 4 | L25: 10 | M25: 3 | N25: 5 | O25: 5 | P25: 5 | Q25: 7 | R25: 5 | S25: 4 | T25: 3 | U25: 5 | V25: 6 | W25: 5 | X25: =SUM(F25:W25) | Y25: =Y10 | Z25: =X25-Y25 | AA25: =MAX(0,25-Z25)*1.75 | AB25: =AA25
A26: 15 | B26: Rodrigo Faria Constantino | C26: 45278 | D26: Belas | E26: 5.6 | F26: 5 | G26: 6 | H26: 3 | I26: 6 | J26: 5 | K26: 3 | L26: 6 | M26: 4 | N26: 10 | O26: 5 | P26: 5 | Q26: 4 | R26: 3 | S26: 5 | T26: 8 | U26: 5 | V26: 5 | W26: 6 | X26: =SUM(F26:W26) | Y26: =Y10 | Z26: =X26-Y26 | AA26: =MAX(0,25-Z26)*1.75 | AB26: =AA26
A27: 16 | B27: João Rocha | C27: 48297 | D27: Estoril | E27: 9.5 | F27: 6 | G27: 9 | H27: 4 | I27: 6 | J27: 4 | K27: 3 | L27: 6 | M27: 4 | N27: 7 | O27: 5 | P27: 5 | Q27: 6 | R27: 4 | S27: 5 | T27: 4 | U27: 5 | V27: 5 | W27: 7 | X27: =SUM(F27:W27) | Y27: =Y10 | Z27: =X27-Y27 | AA27: =MAX(0,25-Z27)*1.75 | AB27: =AA27
A28: 17 | B28: Frederico Almeida da Silva | C28: 41613 | D28: Belas | E28: 8.7 | F28: 4 | G28: 7 | H28: 5 | I28: 5 | J28: 6 | K28: 3 | L28: 5 | M28: 4 | N28: 5 | O28: 6 | P28: 8 | Q28: 10 | R28: 4 | S28: 5 | T28: 8 | U28: 4 | V28: 5 | W28: 9 | X28: =SUM(F28:W28) | Y28: =Y10 | Z28: =X28-Y28 | AA28: =MAX(0,25-Z28)*1.75 | AB28: =AA28
A29: 18 | B29: Manuel Goulartt Medeiros | C29: 52884 | D29: Santo da Serra | E29: 17.6 | F29: 5 | G29: 8 | H29: 3 | I29: 5 | J29: 7 | K29: 5 | L29: 7 | M29: 5 | N29: 6 | O29: 6 | P29: 4 | Q29: 8 | R29: 5 | S29: 5 | T29: 6 | U29: 7 | V29: 5 | W29: 7 | X29: =SUM(F29:W29) | Y29: =Y10 | Z29: =X29-Y29 | AA29: =MAX(0,25-Z29)*1.75 | AB29: =AA29
A30: 19 | B30: Luís Pinheiro Jr. | C30: 46590 | D30: Belas | E30: 19.3 | F30: 5 | G30: 7 | H30: 5 | I30: 7 | J30: 6 | K30: 4 | L30: 7 | M30: 3 | N30: 7 | O30: 4 | P30: 6 | Q30: 4 | R30: 7 | S30: 6 | T30: 7 | U30: 6 | V30: 6 | W30: 9 | X30: =SUM(F30:W30) | Y30: =Y10 | Z30: =X30-Y30 | AA30: =MAX(0,25-Z30)*1.75 | AB30: =AA30
A31: NS | B31: Francisca Ferreira da Costa | D31: Miramar | E31: 2 | AA31: 0 | AB31: =AA31
A32: NS | B32: Carlota Braz Gil | D32: Santo da Serra | E32: 12.5 | AA32: 0 | AB32: =AA32

Sheet aroeira_fev
A1: Aroeira Master by Details (Fev)
A2: Data: | B2: 2025-02-15
A3: Campo: | B3: PGA Aroeira No.2
A4: ccode/tcode: | B4: 029/10492
A5: Link FPG: | B5: https://scoring.datagolf.pt/pt/Classifications.aspx?ccode=029&tcode=10492
A6: Multiplicador: | B6: 1
A9: Pos | B9: Nome | C9: FedCode | D9: Clube | E9: HCP | F9: R1 h1 | G9: h2 | H9: h3 | I9: h4 | J9: h5 | K9: h6 | L9: h7 | M9: h8 | N9: h9 | O9: h10 | P9: h11 | Q9: h12 | R9: h13 | S9: h14 | T9: h15 | U9: h16 | V9: h17 | W9: h18 | X9: R1 Gross | Y9: R1 Par | Z9: R1 ToPar | AA9: R1 Pts | AB9: R2 h1 | AC9: h2 | AD9: h3 | AE9: h4 | AF9: h5 | AG9: h6 | AH9: h7 | AI9: h8 | AJ9: h9 | AK9: h10 | AL9: h11 | AM9: h12 | AN9: h13 | AO9: h14 | AP9: h15 | AQ9: h16 | AR9: h17 | AS9: h18 | AT9: R2 Gross | AU9: R2 Par | AV9: R2 ToPar | AW9: R2 Pts | AX9: Total Pts
A10: —Par— | F10: 4 | G10: 5 | H10: 4 | I10: 5 | J10: 3 | K10: 4 | L10: 4 | M10: 3 | N10: 4 | O10: 4 | P10: 5 | Q10: 3 | R10: 4 | S10: 3 | T10: 4 | U10: 4 | V10: 4 | W10: 5 | Y10: =SUM(F10:W10) | AB10: 5 | AC10: 4 | AD10: 4 | AE10: 3 | AF10: 4 | AG10: 4 | AH10: 4 | AI10: 3 | AJ10: 5 | AK10: 5 | AL10: 4 | AM10: 4 | AN10: 4 | AO10: 3 | AP10: 5 | AQ10: 3 | AR10: 4 | AS10: 4 | AU10: =SUM(AB10:AS10)
A11: —SI— | F11: 11 | G11: 3 | H11: 15 | I11: 1 | J11: 13 | K11: 7 | L11: 5 | M11: 17 | N11: 9 | O11: 10 | P11: 6 | Q11: 14 | R11: 16 | S11: 4 | T11: 18 | U11: 8 | V11: 2 | W11: 12 | AB11: 11 | AC11: 1 | AD11: 5 | AE11: 17 | AF11: 9 | AG11: 15 | AH11: 7 | AI11: 3 | AJ11: 13 | AK11: 4 | AL11: 2 | AM11: 12 | AN11: 6 | AO11: 18 | AP11: 14 | AQ11: 16 | AR11: 10 | AS11: 8
A12: 1 | B12: Rafaela Pinto | C12: 40390 | D12: Arquitectos | E12: 1.4 | F12: 4 | G12: 5 | H12: 4 | I12: 4 | J12: 3 | K12: 5 | L12: 4 | M12: 3 | N12: 4 | O12: 6 | P12: 4 | Q12: 2 | R12: 4 | S12: 2 | T12: 4 | U12: 4 | V12: 5 | W12: 4 | X12: =SUM(F12:W12) | Y12: =Y10 | Z12: =X12-Y12 | AA12: =MAX(0,25-Z12)*1.0 | AB12: 5 | AC12: 4 | AD12: 4 | AE12: 5 | AF12: 4 | AG12: 5 | AH12: 4 | AI12: 3 | AJ12: 5 | AK12: 5 | AL12: 4 | AM12: 5 | AN12: 4 | AO12: 3 | AP12: 6 | AQ12: 5 | AR12: 4 | AS12: 5 | AT12: =SUM(AB12:AS12) | AU12: =AU10 | AV12: =AT12-AU12 | AW12: =MAX(0,25-AV12)*1.0 | AX12: =AA12+AW12
A13: 2 | B13: Ricardo Castro Ferreira | C13: 49085 | D13: Estoril | E13: 11.9 | F13: 4 | G13: 5 | H13: 4 | I13: 5 | J13: 3 | K13: 4 | L13: 4 | M13: 2 | N13: 4 | O13: 4 | P13: 5 | Q13: 3 | R13: 4 | S13: 2 | T13: 6 | U13: 4 | V13: 6 | W13: 5 | X13: =SUM(F13:W13) | Y13: =Y10 | Z13: =X13-Y13 | AA13: =MAX(0,25-Z13)*1.0 | AB13: 6 | AC13: 5 | AD13: 5 | AE13: 3 | AF13: 4 | AG13: 4 | AH13: 5 | AI13: 3 | AJ13: 6 | AK13: 5 | AL13: 6 | AM13: 5 | AN13: 5 | AO13: 3 | AP13: 7 | AQ13: 3 | AR13: 4 | AS13: 4 | AT13: =SUM(AB13:AS13) | AU13: =AU10 | AV13: =AT13-AU13 | AW13: =MAX(0,25-AV13)*1.0 | AX13: =AA13+AW13
A14: 3 | B14: João Maria Ivo de Carvalho | C14: 38334 | D14: Vilamoura, C. G | E14: 1.8 | F14: 4 | G14: 5 | H14: 4 | I14: 5 | J14: 4 | K14: 3 | L14: 5 | M14: 5 | N14: 6 | O14: 4 | P14: 6 | Q14: 3 | R14: 3 | S14: 3 | T14: 5 | U14: 5 | V14: 4 | W14: 5 | X14: =SUM(F14:W14) | Y14: =Y10 | Z14: =X14-Y14 | AA14: =MAX(0,25-Z14)*1.0 | AB14: 4 | AC14: 4 | AD14: 4 | AE14: 3 | AF14: 4 | AG14: 4 | AH14: 4 | AI14: 3 | AJ14: 5 | AK14: 5 | AL14: 4 | AM14: 4 | AN14: 3 | AO14: 3 | AP14: 4 | AQ14: 3 | AR14: 4 | AS14: 4 | AT14: =SUM(AB14:AS14) | AU14: =AU10 | AV14: =AT14-AU14 | AW14: =MAX(0,25-AV14)*1.0 | AX14: =AA14+AW14
A15: 4 | B15: Pedro Costa Alemão | C15: 46706 | D15: Estoril | E15: 8 | F15: 6 | G15: 7 | H15: 4 | I15: 5 | J15: 3 | K15: 4 | L15: 5 | M15: 4 | N15: 5 | O15: 5 | P15: 6 | Q15: 3 | R15: 4 | S15: 4 | T15: 4 | U15: 3 | V15: 4 | W15: 5 | X15: =SUM(F15:W15) | Y15: =Y10 | Z15: =X15-Y15 | AA15: =MAX(0,25-Z15)*1.0 | AB15: 5 | AC15: 5 | AD15: 7 | AE15: 3 | AF15: 5 | AG15: 4 | AH15: 6 | AI15: 3 | AJ15: 5 | AK15: 5 | AL15: 5 | AM15: 4 | AN15: 4 | AO15: 3 | AP15: 5 | AQ15: 3 | AR15: 4 | AS15: 5 | AT15: =SUM(AB15:AS15) | AU15: =AU10 | AV15: =AT15-AU15 | AW15: =MAX(0,25-AV15)*1.0 | AX15: =AA15+AW15
A16: 5 | B16: Rafael Gonçales Benesi | C16: 54774 | D16: Estoril | E16: 9.4 | F16: 5 | G16: 5 | H16: 5 | I16: 5 | J16: 3 | K16: 4 | L16: 6 | M16: 3 | N16: 4 | O16: 4 | P16: 6 | Q16: 4 | R16: 4 | S16: 6 | T16: 4 | U16: 4 | V16: 4 | W16: 6 | X16: =SUM(F16:W16) | Y16: =Y10 | Z16: =X16-Y16 | AA16: =MAX(0,25-Z16)*1.0 | AB16: 5 | AC16: 6 | AD16: 5 | AE16: 4 | AF16: 4 | AG16: 5 | AH16: 5 | AI16: 4 | AJ16: 6 | AK16: 5 | AL16: 6 | AM16: 4 | AN16: 4 | AO16: 4 | AP16: 6 | AQ16: 3 | AR16: 5 | AS16: 4 | AT16: =SUM(AB16:AS16) | AU16: =AU10 | AV16: =AT16-AU16 | AW16: =MAX(0,25-AV16)*1.0 | AX16: =AA16+AW16
A17: 6 | B17: Miguel Coelho Porfirio | C17: 44160 | D17: Miramar | E17: 11.9 | F17: 5 | G17: 6 | H17: 5 | I17: 6 | J17: 3 | K17: 5 | L17: 4 | M17: 4 | N17: 4 | O17: 4 | P17: 6 | Q17: 3 | R17: 5 | S17: 3 | T17: 5 | U17: 5 | V17: 5 | W17: 5 | X17: =SUM(F17:W17) | Y17: =Y10 | Z17: =X17-Y17 | AA17: =MAX(0,25-Z17)*1.0 | AB17: 6 | AC17: 5 | AD17: 4 | AE17: 3 | AF17: 5 | AG17: 3 | AH17: 6 | AI17: 4 | AJ17: 6 | AK17: 4 | AL17: 4 | AM17: 5 | AN17: 4 | AO17: 3 | AP17: 5 | AQ17: 3 | AR17: 4 | AS17: 4 | AT17: =SUM(AB17:AS17) | AU17: =AU10 | AV17: =AT17-AU17 | AW17: =MAX(0,25-AV17)*1.0 | AX17: =AA17+AW17
A18: 7 | B18: Nuno Palmares Jr. | C18: 49124 | D18: Estoril | E18: 7.8 | F18: 5 | G18: 6 | H18: 4 | I18: 6 | J18: 3 | K18: 5 | L18: 5 | M18: 4 | N18: 9 | O18: 4 | P18: 6 | Q18: 3 | R18: 5 | S18: 2 | T18: 5 | U18: 4 | V18: 6 | W18: 5 | X18: =SUM(F18:W18) | Y18: =Y10 | Z18: =X18-Y18 | AA18: =MAX(0,25-Z18)*1.0 | AB18: 6 | AC18: 6 | AD18: 5 | AE18: 3 | AF18: 5 | AG18: 5 | AH18: 5 | AI18: 4 | AJ18: 6 | AK18: 5 | AL18: 4 | AM18: 4 | AN18: 4 | AO18: 4 | AP18: 5 | AQ18: 4 | AR18: 4 | AS18: 4 | AT18: =SUM(AB18:AS18) | AU18: =AU10 | AV18: =AT18-AU18 | AW18: =MAX(0,25-AV18)*1.0 | AX18: =AA18+AW18
A19: 8 | B19: Clara Trindade | C19: 45812 | D19: Belas | E19: 11.1 | F19: 4 | G19: 5 | H19: 5 | I19: 6 | J19: 3 | K19: 4 | L19: 5 | M19: 4 | N19: 7 | O19: 5 | P19: 8 | Q19: 2 | R19: 3 | S19: 5 | T19: 7 | U19: 4 | V19: 5 | W19: 5 | X19: =SUM(F19:W19) | Y19: =Y10 | Z19: =X19-Y19 | AA19: =MAX(0,25-Z19)*1.0 | AB19: 6 | AC19: 6 | AD19: 4 | AE19: 3 | AF19: 5 | AG19: 4 | AH19: 5 | AI19: 3 | AJ19: 6 | AK19: 6 | AL19: 6 | AM19: 6 | AN19: 4 | AO19: 3 | AP19: 5 | AQ19: 3 | AR19: 4 | AS19: 4 | AT19: =SUM(AB19:AS19) | AU19: =AU10 | AV19: =AT19-AU19 | AW19: =MAX(0,25-AV19)*1.0 | AX19: =AA19+AW19
A20: 9 | B20: João Rocha | C20: 48297 | D20: Estoril | E20: 9.5 | F20: 6 | G20: 7 | H20: 5 | I20: 7 | J20: 3 | K20: 5 | L20: 5 | M20: 4 | N20: 5 | O20: 5 | P20: 6 | Q20: 4 | R20: 4 | S20: 4 | T20: 4 | U20: 4 | V20: 5 | W20: 5 | X20: =SUM(F20:W20) | Y20: =Y10 | Z20: =X20-Y20 | AA20: =MAX(0,25-Z20)*1.0 | AB20: 5 | AC20: 5 | AD20: 5 | AE20: 5 | AF20: 5 | AG20: 4 | AH20: 5 | AI20: 4 | AJ20: 7 | AK20: 6 | AL20: 4 | AM20: 5 | AN20: 4 | AO20: 4 | AP20: 5 | AQ20: 3 | AR20: 4 | AS20: 5 | AT20: =SUM(AB20:AS20) | AU20: =AU10 | AV20: =AT20-AU20 | AW20: =MAX(0,25-AV20)*1.0 | AX20: =AA20+AW20
A21: 10 | B21: Frederico Almeida da Silva | C21: 41613 | D21: Belas | E21: 8.7 | F21: 5 | G21: 6 | H21: 4 | I21: 6 | J21: 3 | K21: 4 | L21: 4 | M21: 4 | N21: 7 | O21: 6 | P21: 6 | Q21: 2 | R21: 5 | S21: 4 | T21: 5 | U21: 5 | V21: 6 | W21: 6 | X21: =SUM(F21:W21) | Y21: =Y10 | Z21: =X21-Y21 | AA21: =MAX(0,25-Z21)*1.0 | AW21: 0 | AX21: =AA21+AW21
A22: 11 | B22: Filipe Pinheiro | C22: 46591 | D22: Belas | E22: 7.2 | F22: 6 | G22: 5 | H22: 5 | I22: 5 | J22: 4 | K22: 4 | L22: 4 | M22: 3 | N22: 5 | O22: 6 | P22: 7 | Q22: 5 | R22: 5 | S22: 5 | T22: 4 | U22: 5 | V22: 6 | W22: 6 | X22: =SUM(F22:W22) | Y22: =Y10 | Z22: =X22-Y22 | AA22: =MAX(0,25-Z22)*1.0 | AB22: 4 | AC22: 5 | AD22: 5 | AE22: 3 | AF22: 4 | AG22: 4 | AH22: 4 | AI22: 5 | AJ22: 5 | AK22: 6 | AL22: 6 | AM22: 5 | AN22: 4 | AO22: 4 | AP22: 6 | AQ22: 3 | AR22: 4 | AS22: 4 | AT22: =SUM(AB22:AS22) | AU22: =AU10 | AV22: =AT22-AU22 | AW22: =MAX(0,25-AV22)*1.0 | AX22: =AA22+AW22
A23: 12 | B23: Rodrigo Faria Constantino | C23: 45278 | D23: Belas | E23: 5.7 | F23: 4 | G23: 6 | H23: 6 | I23: 7 | J23: 5 | K23: 5 | L23: 7 | M23: 4 | N23: 4 | O23: 4 | P23: 6 | Q23: 6 | R23: 4 | S23: 4 | T23: 4 | U23: 6 | V23: 6 | W23: 5 | X23: =SUM(F23:W23) | Y23: =Y10 | Z23: =X23-Y23 | AA23: =MAX(0,25-Z23)*1.0 | AB23: 4 | AC23: 5 | AD23: 5 | AE23: 4 | AF23: 4 | AG23: 4 | AH23: 4 | AI23: 4 | AJ23: 5 | AK23: 8 | AL23: 4 | AM23: 7 | AN23: 4 | AO23: 3 | AP23: 4 | AQ23: 3 | AR23: 4 | AS23: 7 | AT23: =SUM(AB23:AS23) | AU23: =AU10 | AV23: =AT23-AU23 | AW23: =MAX(0,25-AV23)*1.0 | AX23: =AA23+AW23
A24: 13 | B24: Salvador Ivo de Carvalho | C24: 43968 | D24: Vilamoura, C. G | E24: 9.5 | F24: 6 | G24: 6 | H24: 4 | I24: 7 | J24: 2 | K24: 6 | L24: 5 | M24: 3 | N24: 5 | O24: 6 | P24: 7 | Q24: 4 | R24: 5 | S24: 4 | T24: 5 | U24: 6 | V24: 5 | W24: 7 | X24: =SUM(F24:W24) | Y24: =Y10 | Z24: =X24-Y24 | AA24: =MAX(0,25-Z24)*1.0 | AB24: 5 | AC24: 5 | AD24: 5 | AE24: 3 | AF24: 5 | AG24: 4 | AH24: 5 | AI24: 3 | AJ24: 7 | AK24: 6 | AL24: 4 | AM24: 5 | AN24: 5 | AO24: 4 | AP24: 6 | AQ24: 4 | AR24: 4 | AS24: 5 | AT24: =SUM(AB24:AS24) | AU24: =AU10 | AV24: =AT24-AU24 | AW24: =MAX(0,25-AV24)*1.0 | AX24: =AA24+AW24
A25: 14 | B25: Martim Sousa de Morais | C25: 41609 | D25: Belas | E25: 7.4 | F25: 5 | G25: 7 | H25: 5 | I25: 7 | J25: 5 | K25: 5 | L25: 6 | M25: 5 | N25: 4 | O25: 4 | P25: 6 | Q25: 5 | R25: 4 | S25: 5 | T25: 5 | U25: 5 | V25: 7 | W25: 6 | X25: =SUM(F25:W25) | Y25: =Y10 | Z25: =X25-Y25 | AA25: =MAX(0,25-Z25)*1.0 | AB25: 5 | AC25: 5 | AD25: 5 | AE25: 5 | AF25: 4 | AG25: 5 | AH25: 4 | AI25: 4 | AJ25: 6 | AK25: 5 | AL25: 4 | AM25: 3 | AN25: 4 | AO25: 3 | AP25: 5 | AQ25: 4 | AR25: 4 | AS25: 5 | AT25: =SUM(AB25:AS25) | AU25: =AU10 | AV25: =AT25-AU25 | AW25: =MAX(0,25-AV25)*1.0 | AX25: =AA25+AW25
A26: 15 | B26: Manuel Goulartt Medeiros | C26: 52884 | D26: Santo da Serra | E26: 18 | F26: 4 | G26: 8 | H26: 4 | I26: 6 | J26: 4 | K26: 6 | L26: 3 | M26: 6 | N26: 5 | O26: 6 | P26: 8 | Q26: 9 | R26: 4 | S26: 3 | T26: 5 | U26: 6 | V26: 5 | W26: 7 | X26: =SUM(F26:W26) | Y26: =Y10 | Z26: =X26-Y26 | AA26: =MAX(0,25-Z26)*1.0 | AB26: 7 | AC26: 7 | AD26: 6 | AE26: 4 | AF26: 5 | AG26: 6 | AH26: 6 | AI26: 3 | AJ26: 6 | AK26: 6 | AL26: 5 | AM26: 4 | AN26: 6 | AO26: 3 | AP26: 7 | AQ26: 6 | AR26: 5 | AS26: 6 | AT26: =SUM(AB26:AS26) | AU26: =AU10 | AV26: =AT26-AU26 | AW26: =MAX(0,25-AV26)*1.0 | AX26: =AA26+AW26
A27: ND | B27: Ryan Dantas | C27: 45439 | D27: Belas | E27: 13.4 | AA27: 0 | AW27: 0 | AX27: =AA27+AW27
A28: NS | B28: Henrique Almeida da Silva | D28: Belas | E28: 5.6 | AA28: 0 | AW28: 0 | AX28: =AA28+AW28

Sheet ribagolfe
A1: Ribagolfe Oaks Masters
A2: Data: | B2: 2025-02-22
A3: Campo: | B3: Ribagolfe Oaks
A4: ccode/tcode: | B4: 191/10036
A5: Link FPG: | B5: https://scoring.datagolf.pt/pt/Classifications.aspx?ccode=191&tcode=10036
A6: Multiplicador: | B6: 1
A9: Pos | B9: Nome | C9: FedCode | D9: Clube | E9: HCP | F9: R1 h1 | G9: h2 | H9: h3 | I9: h4 | J9: h5 | K9: h6 | L9: h7 | M9: h8 | N9: h9 | O9: h10 | P9: h11 | Q9: h12 | R9: h13 | S9: h14 | T9: h15 | U9: h16 | V9: h17 | W9: h18 | X9: R1 Gross | Y9: R1 Par | Z9: R1 ToPar | AA9: R1 Pts | AB9: R2 h1 | AC9: h2 | AD9: h3 | AE9: h4 | AF9: h5 | AG9: h6 | AH9: h7 | AI9: h8 | AJ9: h9 | AK9: h10 | AL9: h11 | AM9: h12 | AN9: h13 | AO9: h14 | AP9: h15 | AQ9: h16 | AR9: h17 | AS9: h18 | AT9: R2 Gross | AU9: R2 Par | AV9: R2 ToPar | AW9: R2 Pts | AX9: Total Pts
A10: —Par— | F10: 5 | G10: 4 | H10: 3 | I10: 4 | J10: 3 | K10: 4 | L10: 4 | M10: 5 | N10: 4 | O10: 4 | P10: 4 | Q10: 3 | R10: 5 | S10: 4 | T10: 3 | U10: 4 | V10: 4 | W10: 5 | Y10: =SUM(F10:W10) | AB10: 5 | AC10: 4 | AD10: 3 | AE10: 4 | AF10: 3 | AG10: 4 | AH10: 4 | AI10: 5 | AJ10: 4 | AK10: 4 | AL10: 4 | AM10: 3 | AN10: 5 | AO10: 4 | AP10: 3 | AQ10: 4 | AR10: 4 | AS10: 5 | AU10: =SUM(AB10:AS10)
A11: —SI— | F11: 13 | G11: 15 | H11: 7 | I11: 5 | J11: 17 | K11: 3 | L11: 1 | M11: 9 | N11: 11 | O11: 2 | P11: 10 | Q11: 16 | R11: 4 | S11: 18 | T11: 14 | U11: 6 | V11: 8 | W11: 12 | AB11: 13 | AC11: 15 | AD11: 7 | AE11: 5 | AF11: 17 | AG11: 3 | AH11: 1 | AI11: 9 | AJ11: 11 | AK11: 2 | AL11: 10 | AM11: 16 | AN11: 4 | AO11: 18 | AP11: 14 | AQ11: 6 | AR11: 8 | AS11: 12
A12: 1 | B12: João Maria Ivo de Carvalho | C12: 38334 | D12: Vilamoura, C. G | E12: 1.6 | F12: 5 | G12: 4 | H12: 4 | I12: 4 | J12: 3 | K12: 4 | L12: 5 | M12: 5 | N12: 4 | O12: 6 | P12: 4 | Q12: 3 | R12: 5 | S12: 4 | T12: 4 | U12: 5 | V12: 3 | W12: 4 | X12: =SUM(F12:W12) | Y12: =Y10 | Z12: =X12-Y12 | AA12: =MAX(0,25-Z12)*1.0 | AB12: 5 | AC12: 4 | AD12: 4 | AE12: 6 | AF12: 3 | AG12: 4 | AH12: 4 | AI12: 4 | AJ12: 4 | AK12: 4 | AL12: 3 | AM12: 5 | AN12: 6 | AO12: 4 | AP12: 3 | AQ12: 5 | AR12: 5 | AS12: 5 | AT12: =SUM(AB12:AS12) | AU12: =AU10 | AV12: =AT12-AU12 | AW12: =MAX(0,25-AV12)*1.0 | AX12: =AA12+AW12
A13: 2 | B13: Rafael Gonçales Benesi | C13: 54774 | D13: Estoril | E13: 9.5 | F13: 5 | G13: 4 | H13: 2 | I13: 4 | J13: 3 | K13: 4 | L13: 6 | M13: 5 | N13: 4 | O13: 3 | P13: 5 | Q13: 3 | R13: 6 | S13: 5 | T13: 3 | U13: 5 | V13: 4 | W13: 5 | X13: =SUM(F13:W13) | Y13: =Y10 | Z13: =X13-Y13 | AA13: =MAX(0,25-Z13)*1.0 | AB13: 5 | AC13: 4 | AD13: 3 | AE13: 4 | AF13: 3 | AG13: 4 | AH13: 5 | AI13: 5 | AJ13: 5 | AK13: 4 | AL13: 5 | AM13: 3 | AN13: 5 | AO13: 5 | AP13: 4 | AQ13: 4 | AR13: 5 | AS13: 5 | AT13: =SUM(AB13:AS13) | AU13: =AU10 | AV13: =AT13-AU13 | AW13: =MAX(0,25-AV13)*1.0 | AX13: =AA13+AW13
A14: 3 | B14: Pedro Costa Alemão | C14: 46706 | D14: Estoril | E14: 7.8 | F14: 5 | G14: 4 | H14: 3 | I14: 4 | J14: 3 | K14: 4 | L14: 4 | M14: 5 | N14: 4 | O14: 5 | P14: 4 | Q14: 3 | R14: 6 | S14: 4 | T14: 4 | U14: 5 | V14: 4 | W14: 6 | X14: =SUM(F14:W14) | Y14: =Y10 | Z14: =X14-Y14 | AA14: =MAX(0,25-Z14)*1.0 | AB14: 5 | AC14: 4 | AD14: 4 | AE14: 4 | AF14: 3 | AG14: 6 | AH14: 4 | AI14: 4 | AJ14: 5 | AK14: 5 | AL14: 4 | AM14: 3 | AN14: 7 | AO14: 4 | AP14: 4 | AQ14: 5 | AR14: 4 | AS14: 5 | AT14: =SUM(AB14:AS14) | AU14: =AU10 | AV14: =AT14-AU14 | AW14: =MAX(0,25-AV14)*1.0 | AX14: =AA14+AW14
A15: 4 | B15: Rafaela Pinto | C15: 40390 | D15: Arquitectos | E15: 1 | F15: 7 | G15: 5 | H15: 3 | I15: 4 | J15: 3 | K15: 5 | L15: 4 | M15: 5 | N15: 4 | O15: 4 | P15: 4 | Q15: 3 | R15: 6 | S15: 3 | T15: 3 | U15: 4 | V15: 5 | W15: 6 | X15: =SUM(F15:W15) | Y15: =Y10 | Z15: =X15-Y15 | AA15: =MAX(0,25-Z15)*1.0 | AB15: 5 | AC15: 4 | AD15: 4 | AE15: 4 | AF15: 3 | AG15: 4 | AH15: 5 | AI15: 5 | AJ15: 5 | AK15: 4 | AL15: 4 | AM15: 3 | AN15: 9 | AO15: 5 | AP15: 2 | AQ15: 6 | AR15: 4 | AS15: 5 | AT15: =SUM(AB15:AS15) | AU15: =AU10 | AV15: =AT15-AU15 | AW15: =MAX(0,25-AV15)*1.0 | AX15: =AA15+AW15
A16: 5 | B16: Rodrigo Faria Constantino | C16: 45278 | D16: Belas | E16: 5.7 | F16: 6 | G16: 4 | H16: 3 | I16: 5 | J16: 3 | K16: 4 | L16: 3 | M16: 5 | N16: 5 | O16: 3 | P16: 6 | Q16: 3 | R16: 7 | S16: 4 | T16: 4 | U16: 4 | V16: 5 | W16: 6 | X16: =SUM(F16:W16) | Y16: =Y10 | Z16: =X16-Y16 | AA16: =MAX(0,25-Z16)*1.0 | AB16: 6 | AC16: 4 | AD16: 3 | AE16: 4 | AF16: 4 | AG16: 5 | AH16: 5 | AI16: 5 | AJ16: 4 | AK16: 5 | AL16: 6 | AM16: 3 | AN16: 5 | AO16: 4 | AP16: 3 | AQ16: 6 | AR16: 4 | AS16: 6 | AT16: =SUM(AB16:AS16) | AU16: =AU10 | AV16: =AT16-AU16 | AW16: =MAX(0,25-AV16)*1.0 | AX16: =AA16+AW16
A17: 6 | B17: Ricardo Castro Ferreira | C17: 49085 | D17: Estoril | E17: 11.6 | F17: 5 | G17: 4 | H17: 4 | I17: 4 | J17: 3 | K17: 5 | L17: 4 | M17: 6 | N17: 5 | O17: 4 | P17: 4 | Q17: 4 | R17: 6 | S17: 4 | T17: 4 | U17: 5 | V17: 4 | W17: 6 | X17: =SUM(F17:W17) | Y17: =Y10 | Z17: =X17-Y17 | AA17: =MAX(0,25-Z17)*1.0 | AB17: 7 | AC17: 6 | AD17: 3 | AE17: 4 | AF17: 3 | AG17: 4 | AH17: 4 | AI17: 4 | AJ17: 5 | AK17: 5 | AL17: 5 | AM17: 4 | AN17: 6 | AO17: 4 | AP17: 2 | AQ17: 6 | AR17: 5 | AS17: 6 | AT17: =SUM(AB17:AS17) | AU17: =AU10 | AV17: =AT17-AU17 | AW17: =MAX(0,25-AV17)*1.0 | AX17: =AA17+AW17
A18: 7 | B18: Filipe Pinheiro | C18: 46591 | D18: Belas | E18: 7.2 | F18: 4 | G18: 4 | H18: 3 | I18: 6 | J18: 3 | K18: 5 | L18: 5 | M18: 5 | N18: 6 | O18: 5 | P18: 5 | Q18: 3 | R18: 6 | S18: 5 | T18: 3 | U18: 5 | V18: 4 | W18: 5 | X18: =SUM(F18:W18) | Y18: =Y10 | Z18: =X18-Y18 | AA18: =MAX(0,25-Z18)*1.0 | AB18: 6 | AC18: 3 | AD18: 5 | AE18: 5 | AF18: 3 | AG18: 6 | AH18: 5 | AI18: 6 | AJ18: 4 | AK18: 4 | AL18: 4 | AM18: 4 | AN18: 5 | AO18: 4 | AP18: 3 | AQ18: 5 | AR18: 4 | AS18: 7 | AT18: =SUM(AB18:AS18) | AU18: =AU10 | AV18: =AT18-AU18 | AW18: =MAX(0,25-AV18)*1.0 | AX18: =AA18+AW18
A19: 8 | B19: João Rocha | C19: 48297 | D19: Estoril | E19: 9.8 | F19: 7 | G19: 4 | H19: 5 | I19: 4 | J19: 3 | K19: 6 | L19: 5 | M19: 4 | N19: 5 | O19: 6 | P19: 5 | Q19: 3 | R19: 6 | S19: 4 | T19: 4 | U19: 6 | V19: 4 | W19: 6 | X19: =SUM(F19:W19) | Y19: =Y10 | Z19: =X19-Y19 | AA19: =MAX(0,25-Z19)*1.0 | AB19: 4 | AC19: 5 | AD19: 4 | AE19: 5 | AF19: 3 | AG19: 4 | AH19: 5 | AI19: 6 | AJ19: 5 | AK19: 6 | AL19: 6 | AM19: 3 | AN19: 7 | AO19: 3 | AP19: 4 | AQ19: 4 | AR19: 5 | AS19: 5 | AT19: =SUM(AB19:AS19) | AU19: =AU10 | AV19: =AT19-AU19 | AW19: =MAX(0,25-AV19)*1.0 | AX19: =AA19+AW19
A20: 9 | B20: Clara Trindade | C20: 45812 | D20: Belas | E20: 10.5 | F20: 7 | G20: 4 | H20: 3 | I20: 5 | J20: 3 | K20: 8 | L20: 6 | M20: 5 | N20: 5 | O20: 4 | P20: 5 | Q20: 3 | R20: 6 | S20: 6 | T20: 6 | U20: 5 | V20: 4 | W20: 5 | X20: =SUM(F20:W20) | Y20: =Y10 | Z20: =X20-Y20 | AA20: =MAX(0,25-Z20)*1.0 | AB20: 6 | AC20: 4 | AD20: 3 | AE20: 4 | AF20: 3 | AG20: 5 | AH20: 6 | AI20: 5 | AJ20: 5 | AK20: 5 | AL20: 4 | AM20: 3 | AN20: 8 | AO20: 4 | AP20: 4 | AQ20: 6 | AR20: 5 | AS20: 7 | AT20: =SUM(AB20:AS20) | AU20: =AU10 | AV20: =AT20-AU20 | AW20: =MAX(0,25-AV20)*1.0 | AX20: =AA20+AW20
A21: 10 | B21: Salvador Ivo de Carvalho | C21: 43968 | D21: Vilamoura, C. G | E21: 9.9 | F21: 5 | G21: 4 | H21: 4 | I21: 5 | J21: 3 | K21: 5 | L21: 5 | M21: 6 | N21: 6 | O21: 6 | P21: 5 | Q21: 3 | R21: 6 | S21: 4 | T21: 4 | U21: 6 | V21: 5 | W21: 6 | X21: =SUM(F21:W21) | Y21: =Y10 | Z21: =X21-Y21 | AA21: =MAX(0,25-Z21)*1.0 | AB21: 6 | AC21: 5 | AD21: 2 | AE21: 5 | AF21: 2 | AG21: 5 | AH21: 5 | AI21: 5 | AJ21: 5 | AK21: 7 | AL21: 5 | AM21: 4 | AN21: 5 | AO21: 4 | AP21: 4 | AQ21: 6 | AR21: 5 | AS21: 6 | AT21: =SUM(AB21:AS21) | AU21: =AU10 | AV21: =AT21-AU21 | AW21: =MAX(0,25-AV21)*1.0 | AX21: =AA21+AW21
A22: 11 | B22: Emile Cuanalo | D22: Internacional | E22: 36 | F22: 5 | G22: 4 | H22: 3 | I22: 5 | J22: 4 | K22: 7 | L22: 5 | M22: 6 | N22: 4 | O22: 6 | P22: 5 | Q22: 3 | R22: 6 | S22: 5 | T22: 3 | U22: 5 | V22: 5 | W22: 7 | X22: =SUM(F22:W22) | Y22: =Y10 | Z22: =X22-Y22 | AA22: =MAX(0,25-Z22)*1.0 | AW22: 0 | AX22: =AA22+AW22
A23: 12 | B23: Martim Sousa de Morais | C23: 41609 | D23: Belas | E23: 7.1 | F23: 7 | G23: 5 | H23: 3 | I23: 7 | J23: 4 | K23: 6 | L23: 4 | M23: 6 | N23: 5 | O23: 6 | P23: 4 | Q23: 3 | R23: 6 | S23: 6 | T23: 4 | U23: 5 | V23: 5 | W23: 5 | X23: =SUM(F23:W23) | Y23: =Y10 | Z23: =X23-Y23 | AA23: =MAX(0,25-Z23)*1.0 | AB23: 6 | AC23: 4 | AD23: 5 | AE23: 4 | AF23: 4 | AG23: 5 | AH23: 4 | AI23: 4 | AJ23: 5 | AK23: 4 | AL23: 4 | AM23: 4 | AN23: 5 | AO23: 3 | AP23: 4 | AQ23: 5 | AR23: 4 | AS23: 5 | AT23: =SUM(AB23:AS23) | AU23: =AU10 | AV23: =AT23-AU23 | AW23: =MAX(0,25-AV23)*1.0 | AX23: =AA23+AW23
A24: 13 | B24: Manuel Goulartt Medeiros | C24: 52884 | D24: Santo da Serra | E24: 18.3 | F24: 6 | G24: 7 | H24: 2 | I24: 5 | J24: 4 | K24: 6 | L24: 5 | M24: 6 | N24: 6 | O24: 7 | P24: 5 | Q24: 3 | R24: 7 | S24: 7 | T24: 4 | U24: 5 | V24: 6 | W24: 7 | X24: =SUM(F24:W24) | Y24: =Y10 | Z24: =X24-Y24 | AA24: =MAX(0,25-Z24)*1.0 | AB24: 5 | AC24: 6 | AD24: 4 | AE24: 4 | AF24: 2 | AG24: 4 | AH24: 5 | AI24: 7 | AJ24: 5 | AK24: 6 | AL24: 4 | AM24: 3 | AN24: 6 | AO24: 5 | AP24: 4 | AQ24: 5 | AR24: 5 | AS24: 9 | AT24: =SUM(AB24:AS24) | AU24: =AU10 | AV24: =AT24-AU24 | AW24: =MAX(0,25-AV24)*1.0 | AX24: =AA24+AW24
A25: NS | B25: Henrique Almeida da Silva | D25: Belas | E25: 5.6 | AA25: 0 | AW25: 0 | AX25: =AA25+AW25
A26: NS | B26: Frederico Almeida da Silva | D26: Belas | E26: 8.7 | AA26: 0 | AW26: 0 | AX26: =AA26+AW26

Sheet greatgolf
A1: Greatgolf Junior Open w/ Luis Figo Foundation
A2: Data: | B2: 2025-03-02
A3: Campo: | B3: Vilamoura — Millennium
A4: ccode/tcode: | B4: 935/10260
A5: Link FPG: | B5: https://scoring.datagolf.pt/pt/Classifications.aspx?ccode=935&tcode=10260
A6: Multiplicador: | B6: 1
A9: Pos | B9: Nome | C9: FedCode | D9: Clube | E9: HCP | F9: R1 h1 | G9: h2 | H9: h3 | I9: h4 | J9: h5 | K9: h6 | L9: h7 | M9: h8 | N9: h9 | O9: h10 | P9: h11 | Q9: h12 | R9: h13 | S9: h14 | T9: h15 | U9: h16 | V9: h17 | W9: h18 | X9: R1 Gross | Y9: R1 Par | Z9: R1 ToPar | AA9: R1 Pts | AB9: R2 h1 | AC9: h2 | AD9: h3 | AE9: h4 | AF9: h5 | AG9: h6 | AH9: h7 | AI9: h8 | AJ9: h9 | AK9: h10 | AL9: h11 | AM9: h12 | AN9: h13 | AO9: h14 | AP9: h15 | AQ9: h16 | AR9: h17 | AS9: h18 | AT9: R2 Gross | AU9: R2 Par | AV9: R2 ToPar | AW9: R2 Pts | AX9: Total Pts
A10: —Par— | F10: 4 | G10: 4 | H10: 3 | I10: 5 | J10: 4 | K10: 3 | L10: 4 | M10: 5 | N10: 4 | O10: 4 | P10: 5 | Q10: 4 | R10: 3 | S10: 4 | T10: 3 | U10: 4 | V10: 4 | W10: 5 | Y10: =SUM(F10:W10) | AB10: 4 | AC10: 4 | AD10: 3 | AE10: 5 | AF10: 4 | AG10: 3 | AH10: 4 | AI10: 5 | AJ10: 4 | AK10: 4 | AL10: 5 | AM10: 4 | AN10: 3 | AO10: 4 | AP10: 3 | AQ10: 4 | AR10: 4 | AS10: 5 | AU10: =SUM(AB10:AS10)
A11: —SI— | F11: 9 | G11: 7 | H11: 11 | I11: 3 | J11: 1 | K11: 13 | L11: 5 | M11: 17 | N11: 15 | O11: 8 | P11: 12 | Q11: 16 | R11: 14 | S11: 6 | T11: 18 | U11: 2 | V11: 10 | W11: 4 | AB11: 9 | AC11: 7 | AD11: 11 | AE11: 3 | AF11: 1 | AG11: 13 | AH11: 5 | AI11: 17 | AJ11: 15 | AK11: 8 | AL11: 12 | AM11: 16 | AN11: 14 | AO11: 6 | AP11: 18 | AQ11: 2 | AR11: 10 | AS11: 4
A12: 1 | B12: Martim Pinto Johansen | C12: 40115 | D12: Vilamoura, C. G | E12: -1.5 | F12: 4 | G12: 4 | H12: 4 | I12: 5 | J12: 4 | K12: 3 | L12: 4 | M12: 4 | N12: 4 | O12: 4 | P12: 4 | Q12: 4 | R12: 3 | S12: 4 | T12: 3 | U12: 4 | V12: 4 | W12: 5 | X12: =SUM(F12:W12) | Y12: =Y10 | Z12: =X12-Y12 | AA12: =MAX(0,25-Z12)*1.0 | AB12: 3 | AC12: 4 | AD12: 3 | AE12: 5 | AF12: 4 | AG12: 3 | AH12: 5 | AI12: 5 | AJ12: 3 | AK12: 4 | AL12: 4 | AM12: 4 | AN12: 3 | AO12: 3 | AP12: 3 | AQ12: 4 | AR12: 3 | AS12: 4 | AT12: =SUM(AB12:AS12) | AU12: =AU10 | AV12: =AT12-AU12 | AW12: =MAX(0,25-AV12)*1.0 | AX12: =AA12+AW12
A13: 2 | B13: Pedro Costa Alemão | C13: 46706 | D13: Estoril | E13: 7.2 | F13: 4 | G13: 5 | H13: 4 | I13: 5 | J13: 4 | K13: 3 | L13: 5 | M13: 5 | N13: 4 | O13: 4 | P13: 5 | Q13: 5 | R13: 3 | S13: 4 | T13: 2 | U13: 5 | V13: 4 | W13: 5 | X13: =SUM(F13:W13) | Y13: =Y10 | Z13: =X13-Y13 | AA13: =MAX(0,25-Z13)*1.0 | AB13: 5 | AC13: 5 | AD13: 6 | AE13: 5 | AF13: 5 | AG13: 3 | AH13: 6 | AI13: 6 | AJ13: 4 | AK13: 4 | AL13: 5 | AM13: 4 | AN13: 4 | AO13: 4 | AP13: 3 | AQ13: 4 | AR13: 5 | AS13: 5 | AT13: =SUM(AB13:AS13) | AU13: =AU10 | AV13: =AT13-AU13 | AW13: =MAX(0,25-AV13)*1.0 | AX13: =AA13+AW13
A14: 3 | B14: Ethan Prybys Orton | C14: 42374 | D14: Vila Sol | E14: 6.9 | F14: 5 | G14: 5 | H14: 3 | I14: 4 | J14: 4 | K14: 3 | L14: 4 | M14: 5 | N14: 5 | O14: 4 | P14: 5 | Q14: 4 | R14: 3 | S14: 6 | T14: 3 | U14: 4 | V14: 4 | W14: 5 | X14: =SUM(F14:W14) | Y14: =Y10 | Z14: =X14-Y14 | AA14: =MAX(0,25-Z14)*1.0 | AB14: 4 | AC14: 4 | AD14: 4 | AE14: 5 | AF14: 5 | AG14: 4 | AH14: 5 | AI14: 5 | AJ14: 5 | AK14: 5 | AL14: 4 | AM14: 4 | AN14: 4 | AO14: 4 | AP14: 3 | AQ14: 4 | AR14: 4 | AS14: 6 | AT14: =SUM(AB14:AS14) | AU14: =AU10 | AV14: =AT14-AU14 | AW14: =MAX(0,25-AV14)*1.0 | AX14: =AA14+AW14
A15: 4 | B15: Santiago Dias | C15: 42908 | D15: Miramar | E15: 2.7 | F15: 4 | G15: 4 | H15: 3 | I15: 5 | J15: 4 | K15: 4 | L15: 5 | M15: 5 | N15: 4 | O15: 4 | P15: 5 | Q15: 4 | R15: 3 | S15: 4 | T15: 4 | U15: 4 | V15: 4 | W15: 6 | X15: =SUM(F15:W15) | Y15: =Y10 | Z15: =X15-Y15 | AA15: =MAX(0,25-Z15)*1.0 | AB15: 4 | AC15: 5 | AD15: 4 | AE15: 5 | AF15: 8 | AG15: 3 | AH15: 5 | AI15: 5 | AJ15: 3 | AK15: 4 | AL15: 5 | AM15: 4 | AN15: 4 | AO15: 5 | AP15: 4 | AQ15: 4 | AR15: 5 | AS15: 7 | AT15: =SUM(AB15:AS15) | AU15: =AU10 | AV15: =AT15-AU15 | AW15: =MAX(0,25-AV15)*1.0 | AX15: =AA15+AW15
A16: 5 | B16: Filipe Pinheiro | C16: 46591 | D16: Belas | E16: 7.2 | F16: 4 | G16: 5 | H16: 3 | I16: 5 | J16: 4 | K16: 4 | L16: 5 | M16: 6 | N16: 5 | O16: 4 | P16: 5 | Q16: 3 | R16: 4 | S16: 4 | T16: 3 | U16: 4 | V16: 4 | W16: 5 | X16: =SUM(F16:W16) | Y16: =Y10 | Z16: =X16-Y16 | AA16: =MAX(0,25-Z16)*1.0 | AB16: 4 | AC16: 5 | AD16: 3 | AE16: 6 | AF16: 5 | AG16: 4 | AH16: 6 | AI16: 5 | AJ16: 4 | AK16: 4 | AL16: 6 | AM16: 5 | AN16: 3 | AO16: 4 | AP16: 3 | AQ16: 4 | AR16: 4 | AS16: 5 | AT16: =SUM(AB16:AS16) | AU16: =AU10 | AV16: =AT16-AU16 | AW16: =MAX(0,25-AV16)*1.0 | AX16: =AA16+AW16
A17: 6 | B17: João Setúbal | C17: 43732 | D17: Vilamoura, C. G | E17: 4.3 | F17: 4 | G17: 4 | H17: 5 | I17: 5 | J17: 5 | K17: 3 | L17: 4 | M17: 4 | N17: 5 | O17: 3 | P17: 4 | Q17: 5 | R17: 4 | S17: 4 | T17: 4 | U17: 5 | V17: 4 | W17: 5 | X17: =SUM(F17:W17) | Y17: =Y10 | Z17: =X17-Y17 | AA17: =MAX(0,25-Z17)*1.0 | AB17: 5 | AC17: 5 | AD17: 3 | AE17: 6 | AF17: 5 | AG17: 3 | AH17: 7 | AI17: 6 | AJ17: 4 | AK17: 4 | AL17: 6 | AM17: 4 | AN17: 3 | AO17: 4 | AP17: 3 | AQ17: 5 | AR17: 4 | AS17: 5 | AT17: =SUM(AB17:AS17) | AU17: =AU10 | AV17: =AT17-AU17 | AW17: =MAX(0,25-AV17)*1.0 | AX17: =AA17+AW17
A18: 7 | B18: Rodrigo Marques Santos | C18: 37152 | D18: Aroeira | E18: 0.4 | F18: 4 | G18: 5 | H18: 4 | I18: 6 | J18: 5 | K18: 4 | L18: 4 | M18: 4 | N18: 4 | O18: 4 | P18: 5 | Q18: 4 | R18: 4 | S18: 4 | T18: 4 | U18: 4 | V18: 2 | W18: 7 | X18: =SUM(F18:W18) | Y18: =Y10 | Z18: =X18-Y18 | AA18: =MAX(0,25-Z18)*1.0 | AB18: 5 | AC18: 4 | AD18: 3 | AE18: 5 | AF18: 4 | AG18: 3 | AH18: 5 | AI18: 4 | AJ18: 4 | AK18: 4 | AL18: 5 | AM18: 4 | AN18: 3 | AO18: 4 | AP18: 3 | AQ18: 4 | AR18: 3 | AS18: 6 | AT18: =SUM(AB18:AS18) | AU18: =AU10 | AV18: =AT18-AU18 | AW18: =MAX(0,25-AV18)*1.0 | AX18: =AA18+AW18
A19: 8 | B19: João Crasi Alves | C19: 39701 | D19: Vilamoura, C. G | E19: -1 | F19: 4 | G19: 3 | H19: 5 | I19: 4 | J19: 4 | K19: 4 | L19: 4 | M19: 4 | N19: 6 | O19: 6 | P19: 4 | Q19: 4 | R19: 3 | S19: 4 | T19: 3 | U19: 5 | V19: 4 | W19: 7 | X19: =SUM(F19:W19) | Y19: =Y10 | Z19: =X19-Y19 | AA19: =MAX(0,25-Z19)*1.0 | AB19: 5 | AC19: 5 | AD19: 3 | AE19: 5 | AF19: 5 | AG19: 3 | AH19: 5 | AI19: 4 | AJ19: 3 | AK19: 5 | AL19: 4 | AM19: 5 | AN19: 3 | AO19: 4 | AP19: 3 | AQ19: 4 | AR19: 4 | AS19: 4 | AT19: =SUM(AB19:AS19) | AU19: =AU10 | AV19: =AT19-AU19 | AW19: =MAX(0,25-AV19)*1.0 | AX19: =AA19+AW19
A20: 9 | B20: Amélia Gabin | C20: 38233 | D20: Assoc. Qta.Lago | E20: -2 | F20: 4 | G20: 4 | H20: 3 | I20: 5 | J20: 5 | K20: 3 | L20: 5 | M20: 4 | N20: 4 | O20: 4 | P20: 6 | Q20: 4 | R20: 4 | S20: 5 | T20: 3 | U20: 4 | V20: 5 | W20: 7 | X20: =SUM(F20:W20) | Y20: =Y10 | Z20: =X20-Y20 | AA20: =MAX(0,25-Z20)*1.0 | AB20: 4 | AC20: 4 | AD20: 3 | AE20: 5 | AF20: 6 | AG20: 3 | AH20: 5 | AI20: 5 | AJ20: 5 | AK20: 3 | AL20: 5 | AM20: 4 | AN20: 4 | AO20: 4 | AP20: 3 | AQ20: 5 | AR20: 4 | AS20: 5 | AT20: =SUM(AB20:AS20) | AU20: =AU10 | AV20: =AT20-AU20 | AW20: =MAX(0,25-AV20)*1.0 | AX20: =AA20+AW20
A21: 10 | B21: Tiago Abrantes | C21: 38315 | D21: Vilamoura, C. G | E21: 2.9 | F21: 5 | G21: 5 | H21: 4 | I21: 4 | J21: 4 | K21: 4 | L21: 4 | M21: 5 | N21: 4 | O21: 4 | P21: 7 | Q21: 5 | R21: 4 | S21: 6 | T21: 2 | U21: 4 | V21: 3 | W21: 6 | X21: =SUM(F21:W21) | Y21: =Y10 | Z21: =X21-Y21 | AA21: =MAX(0,25-Z21)*1.0 | AB21: 4 | AC21: 5 | AD21: 4 | AE21: 4 | AF21: 3 | AG21: 5 | AH21: 5 | AI21: 5 | AJ21: 5 | AK21: 4 | AL21: 7 | AM21: 5 | AN21: 4 | AO21: 4 | AP21: 3 | AQ21: 4 | AR21: 5 | AS21: 7 | AT21: =SUM(AB21:AS21) | AU21: =AU10 | AV21: =AT21-AU21 | AW21: =MAX(0,25-AV21)*1.0 | AX21: =AA21+AW21
A22: 11 | B22: Ricardo Castro Ferreira | C22: 49085 | D22: Estoril | E22: 11.6 | F22: 4 | G22: 5 | H22: 5 | I22: 5 | J22: 6 | K22: 3 | L22: 5 | M22: 6 | N22: 4 | O22: 5 | P22: 5 | Q22: 4 | R22: 2 | S22: 5 | T22: 4 | U22: 4 | V22: 4 | W22: 5 | X22: =SUM(F22:W22) | Y22: =Y10 | Z22: =X22-Y22 | AA22: =MAX(0,25-Z22)*1.0 | AB22: 4 | AC22: 6 | AD22: 3 | AE22: 7 | AF22: 5 | AG22: 3 | AH22: 4 | AI22: 5 | AJ22: 4 | AK22: 4 | AL22: 6 | AM22: 5 | AN22: 4 | AO22: 4 | AP22: 2 | AQ22: 5 | AR22: 4 | AS22: 5 | AT22: =SUM(AB22:AS22) | AU22: =AU10 | AV22: =AT22-AU22 | AW22: =MAX(0,25-AV22)*1.0 | AX22: =AA22+AW22
A23: 12 | B23: Rafaela Pinto | C23: 40390 | D23: Arquitectos | E23: 1 | F23: 4 | G23: 7 | H23: 3 | I23: 6 | J23: 5 | K23: 3 | L23: 5 | M23: 5 | N23: 4 | O23: 4 | P23: 7 | Q23: 4 | R23: 3 | S23: 4 | T23: 4 | U23: 4 | V23: 4 | W23: 5 | X23: =SUM(F23:W23) | Y23: =Y10 | Z23: =X23-Y23 | AA23: =MAX(0,25-Z23)*1.0 | AB23: 4 | AC23: 5 | AD23: 3 | AE23: 5 | AF23: 4 | AG23: 4 | AH23: 5 | AI23: 5 | AJ23: 5 | AK23: 5 | AL23: 7 | AM23: 4 | AN23: 4 | AO23: 5 | AP23: 2 | AQ23: 3 | AR23: 4 | AS23: 5 | AT23: =SUM(AB23:AS23) | AU23: =AU10 | AV23: =AT23-AU23 | AW23: =MAX(0,25-AV23)*1.0 | AX23: =AA23+AW23
A24: 13 | B24: Nuno Palmares Jr. | C24: 49124 | D24: Estoril | E24: 7.8 | F24: 5 | G24: 5 | H24: 4 | I24: 5 | J24: 5 | K24: 3 | L24: 5 | M24: 5 | N24: 4 | O24: 4 | P24: 6 | Q24: 5 | R24: 3 | S24: 4 | T24: 3 | U24: 6 | V24: 4 | W24: 5 | X24: =SUM(F24:W24) | Y24: =Y10 | Z24: =X24-Y24 | AA24: =MAX(0,25-Z24)*1.0 | AB24: 4 | AC24: 5 | AD24: 3 | AE24: 6 | AF24: 5 | AG24: 3 | AH24: 5 | AI24: 4 | AJ24: 4 | AK24: 4 | AL24: 5 | AM24: 4 | AN24: 3 | AO24: 4 | AP24: 3 | AQ24: 5 | AR24: 5 | AS24: 5 | AT24: =SUM(AB24:AS24) | AU24: =AU10 | AV24: =AT24-AU24 | AW24: =MAX(0,25-AV24)*1.0 | AX24: =AA24+AW24
A25: 14 | B25: Tomás Rente | C25: 46311 | D25: Miramar | E25: 10.5 | F25: 5 | G25: 5 | H25: 5 | I25: 7 | J25: 4 | K25: 3 | L25: 7 | M25: 5 | N25: 4 | O25: 4 | P25: 5 | Q25: 4 | R25: 3 | S25: 4 | T25: 4 | U25: 5 | V25: 4 | W25: 4 | X25: =SUM(F25:W25) | Y25: =Y10 | Z25: =X25-Y25 | AA25: =MAX(0,25-Z25)*1.0 | AB25: 6 | AC25: 4 | AD25: 4 | AE25: 6 | AF25: 5 | AG25: 4 | AH25: 4 | AI25: 6 | AJ25: 4 | AK25: 5 | AL25: 5 | AM25: 4 | AN25: 4 | AO25: 4 | AP25: 2 | AQ25: 8 | AR25: 4 | AS25: 5 | AT25: =SUM(AB25:AS25) | AU25: =AU10 | AV25: =AT25-AU25 | AW25: =MAX(0,25-AV25)*1.0 | AX25: =AA25+AW25
A26: 15 | B26: Jack Murtagh | C26: 41593 | D26: Vilamoura, C. G | E26: 11.2 | F26: 7 | G26: 5 | H26: 4 | I26: 5 | J26: 6 | K26: 3 | L26: 4 | M26: 3 | N26: 6 | O26: 6 | P26: 6 | Q26: 5 | R26: 2 | S26: 4 | T26: 3 | U26: 5 | V26: 4 | W26: 4 | X26: =SUM(F26:W26) | Y26: =Y10 | Z26: =X26-Y26 | AA26: =MAX(0,25-Z26)*1.0 | AB26: 7 | AC26: 5 | AD26: 4 | AE26: 7 | AF26: 5 | AG26: 4 | AH26: 6 | AI26: 5 | AJ26: 5 | AK26: 5 | AL26: 4 | AM26: 6 | AN26: 3 | AO26: 5 | AP26: 3 | AQ26: 6 | AR26: 5 | AS26: 6 | AT26: =SUM(AB26:AS26) | AU26: =AU10 | AV26: =AT26-AU26 | AW26: =MAX(0,25-AV26)*1.0 | AX26: =AA26+AW26
A27: 16 | B27: David Filip | C27: 51949 | D27: Lisbon SC | E27: 19.3 | F27: 4 | G27: 5 | H27: 3 | I27: 7 | J27: 5 | K27: 4 | L27: 4 | M27: 6 | N27: 4 | O27: 5 | P27: 7 | Q27: 4 | R27: 3 | S27: 4 | T27: 3 | U27: 4 | V27: 4 | W27: 6 | X27: =SUM(F27:W27) | Y27: =Y10 | Z27: =X27-Y27 | AA27: =MAX(0,25-Z27)*1.0 | AB27: 4 | AC27: 6 | AD27: 3 | AE27: 6 | AF27: 6 | AG27: 6 | AH27: 6 | AI27: 6 | AJ27: 5 | AK27: 5 | AL27: 5 | AM27: 4 | AN27: 3 | AO27: 4 | AP27: 3 | AQ27: 4 | AR27: 4 | AS27: 6 | AT27: =SUM(AB27:AS27) | AU27: =AU10 | AV27: =AT27-AU27 | AW27: =MAX(0,25-AV27)*1.0 | AX27: =AA27+AW27
A28: 17 | B28: Miguel Coelho Porfirio | C28: 44160 | D28: Miramar | E28: 11.6 | F28: 5 | G28: 6 | H28: 3 | I28: 7 | J28: 5 | K28: 4 | L28: 4 | M28: 6 | N28: 5 | O28: 4 | P28: 6 | Q28: 4 | R28: 3 | S28: 3 | T28: 4 | U28: 5 | V28: 4 | W28: 5 | X28: =SUM(F28:W28) | Y28: =Y10 | Z28: =X28-Y28 | AA28: =MAX(0,25-Z28)*1.0 | AB28: 6 | AC28: 6 | AD28: 3 | AE28: 8 | AF28: 4 | AG28: 4 | AH28: 6 | AI28: 4 | AJ28: 5 | AK28: 4 | AL28: 6 | AM28: 5 | AN28: 3 | AO28: 4 | AP28: 4 | AQ28: 5 | AR28: 4 | AS28: 4 | AT28: =SUM(AB28:AS28) | AU28: =AU10 | AV28: =AT28-AU28 | AW28: =MAX(0,25-AV28)*1.0 | AX28: =AA28+AW28
A29: 18 | B29: João Rocha | C29: 48297 | D29: Estoril | E29: 10.1 | F29: 4 | G29: 5 | H29: 5 | I29: 7 | J29: 4 | K29: 3 | L29: 6 | M29: 5 | N29: 3 | O29: 4 | P29: 6 | Q29: 4 | R29: 3 | S29: 4 | T29: 4 | U29: 5 | V29: 5 | W29: 6 | X29: =SUM(F29:W29) | Y29: =Y10 | Z29: =X29-Y29 | AA29: =MAX(0,25-Z29)*1.0 | AB29: 5 | AC29: 5 | AD29: 3 | AE29: 5 | AF29: 5 | AG29: 4 | AH29: 6 | AI29: 5 | AJ29: 4 | AK29: 6 | AL29: 6 | AM29: 5 | AN29: 4 | AO29: 5 | AP29: 3 | AQ29: 5 | AR29: 4 | AS29: 5 | AT29: =SUM(AB29:AS29) | AU29: =AU10 | AV29: =AT29-AU29 | AW29: =MAX(0,25-AV29)*1.0 | AX29: =AA29+AW29
A30: 19 | B30: Tomás Lima Pinto | C30: 46037 | D30: Vilamoura, C. G | E30: 14.5 | F30: 4 | G30: 5 | H30: 4 | I30: 7 | J30: 5 | K30: 6 | L30: 6 | M30: 4 | N30: 4 | O30: 5 | P30: 4 | Q30: 4 | R30: 3 | S30: 4 | T30: 4 | U30: 5 | V30: 5 | W30: 5 | X30: =SUM(F30:W30) | Y30: =Y10 | Z30: =X30-Y30 | AA30: =MAX(0,25-Z30)*1.0 | AB30: 6 | AC30: 6 | AD30: 4 | AE30: 8 | AF30: 4 | AG30: 4 | AH30: 5 | AI30: 7 | AJ30: 5 | AK30: 6 | AL30: 5 | AM30: 5 | AN30: 3 | AO30: 6 | AP30: 4 | AQ30: 6 | AR30: 5 | AS30: 6 | AT30: =SUM(AB30:AS30) | AU30: =AU10 | AV30: =AT30-AU30 | AW30: =MAX(0,25-AV30)*1.0 | AX30: =AA30+AW30
A31: 20 | B31: Clementy Tarasov | C31: 50919 | D31: Vila Sol | E31: 10.1 | F31: 5 | G31: 4 | H31: 4 | I31: 6 | J31: 5 | K31: 5 | L31: 6 | M31: 6 | N31: 5 | O31: 5 | P31: 5 | Q31: 4 | R31: 3 | S31: 3 | T31: 4 | U31: 5 | V31: 5 | W31: 5 | X31: =SUM(F31:W31) | Y31: =Y10 | Z31: =X31-Y31 | AA31: =MAX(0,25-Z31)*1.0 | AB31: 4 | AC31: 5 | AD31: 5 | AE31: 5 | AF31: 5 | AG31: 3 | AH31: 6 | AI31: 6 | AJ31: 6 | AK31: 5 | AL31: 5 | AM31: 4 | AN31: 6 | AO31: 5 | AP31: 3 | AQ31: 4 | AR31: 4 | AS31: 5 | AT31: =SUM(AB31:AS31) | AU31: =AU10 | AV31: =AT31-AU31 | AW31: =MAX(0,25-AV31)*1.0 | AX31: =AA31+AW31
A32: 21 | B32: Rodrigo Sousa Correia | C32: 44934 | D32: Vilamoura, C. G | E32: 2.5 | F32: 4 | G32: 4 | H32: 5 | I32: 6 | J32: 7 | K32: 4 | L32: 5 | M32: 6 | N32: 4 | O32: 5 | P32: 5 | Q32: 4 | R32: 4 | S32: 4 | T32: 4 | U32: 5 | V32: 4 | W32: 5 | X32: =SUM(F32:W32) | Y32: =Y10 | Z32: =X32-Y32 | AA32: =MAX(0,25-Z32)*1.0 | AB32: 5 | AC32: 4 | AD32: 4 | AE32: 5 | AF32: 6 | AG32: 4 | AH32: 5 | AI32: 6 | AJ32: 4 | AK32: 5 | AL32: 5 | AM32: 4 | AN32: 4 | AO32: 5 | AP32: 3 | AQ32: 4 | AR32: 5 | AS32: 4 | AT32: =SUM(AB32:AS32) | AU32: =AU10 | AV32: =AT32-AU32 | AW32: =MAX(0,25-AV32)*1.0 | AX32: =AA32+AW32
A33: 22 | B33: Sabrina Ribeiro Crisóstomo | C33: 48971 | D33: Vilamoura, C. G | E33: 14.3 | F33: 5 | G33: 5 | H33: 4 | I33: 6 | J33: 4 | K33: 3 | L33: 5 | M33: 6 | N33: 6 | O33: 5 | P33: 5 | Q33: 4 | R33: 2 | S33: 5 | T33: 4 | U33: 5 | V33: 5 | W33: 6 | X33: =SUM(F33:W33) | Y33: =Y10 | Z33: =X33-Y33 | AA33: =MAX(0,25-Z33)*1.0 | AB33: 4 | AC33: 6 | AD33: 4 | AE33: 5 | AF33: 5 | AG33: 3 | AH33: 5 | AI33: 6 | AJ33: 5 | AK33: 5 | AL33: 6 | AM33: 4 | AN33: 3 | AO33: 5 | AP33: 3 | AQ33: 5 | AR33: 5 | AS33: 6 | AT33: =SUM(AB33:AS33) | AU33: =AU10 | AV33: =AT33-AU33 | AW33: =MAX(0,25-AV33)*1.0 | AX33: =AA33+AW33
A34: 23 | B34: Afonso de Sousa Pinto | C34: 46480 | D34: Oporto | E34: 14 | F34: 4 | G34: 5 | H34: 3 | I34: 6 | J34: 4 | K34: 3 | L34: 5 | M34: 6 | N34: 6 | O34: 4 | P34: 6 | Q34: 5 | R34: 3 | S34: 5 | T34: 5 | U34: 5 | V34: 4 | W34: 6 | X34: =SUM(F34:W34) | Y34: =Y10 | Z34: =X34-Y34 | AA34: =MAX(0,25-Z34)*1.0 | AB34: 4 | AC34: 5 | AD34: 3 | AE34: 6 | AF34: 5 | AG34: 4 | AH34: 6 | AI34: 5 | AJ34: 5 | AK34: 6 | AL34: 5 | AM34: 5 | AN34: 3 | AO34: 5 | AP34: 4 | AQ34: 3 | AR34: 6 | AS34: 5 | AT34: =SUM(AB34:AS34) | AU34: =AU10 | AV34: =AT34-AU34 | AW34: =MAX(0,25-AV34)*1.0 | AX34: =AA34+AW34
A35: 24 | B35: Finn Gordon | C35: 55269 | D35: Vilamoura, C. G | E35: 11.1 | F35: 5 | G35: 5 | H35: 3 | I35: 5 | J35: 5 | K35: 3 | L35: 6 | M35: 6 | N35: 5 | O35: 5 | P35: 5 | Q35: 5 | R35: 5 | S35: 5 | T35: 3 | U35: 5 | V35: 5 | W35: 5 | X35: =SUM(F35:W35) | Y35: =Y10 | Z35: =X35-Y35 | AA35: =MAX(0,25-Z35)*1.0 | AW35: 0 | AX35: =AA35+AW35
A36: 25 | B36: Miguel Silva | C36: 48791 | D36: Amendoeira | E36: 10.3 | F36: 5 | G36: 5 | H36: 5 | I36: 6 | J36: 5 | K36: 5 | L36: 5 | M36: 6 | N36: 6 | O36: 4 | P36: 5 | Q36: 4 | R36: 3 | S36: 5 | T36: 4 | U36: 6 | V36: 4 | W36: 4 | X36: =SUM(F36:W36) | Y36: =Y10 | Z36: =X36-Y36 | AA36: =MAX(0,25-Z36)*1.0 | AB36: 4 | AC36: 5 | AD36: 4 | AE36: 6 | AF36: 5 | AG36: 3 | AH36: 5 | AI36: 5 | AJ36: 5 | AK36: 5 | AL36: 5 | AM36: 5 | AN36: 3 | AO36: 5 | AP36: 3 | AQ36: 4 | AR36: 6 | AS36: 5 | AT36: =SUM(AB36:AS36) | AU36: =AU10 | AV36: =AT36-AU36 | AW36: =MAX(0,25-AV36)*1.0 | AX36: =AA36+AW36
A37: 26 | B37: Nicholas Cordeiro | C37: 49066 | D37: Vilamoura, C. G | E37: 12.5 | F37: 6 | G37: 6 | H37: 5 | I37: 6 | J37: 6 | K37: 4 | L37: 4 | M37: 5 | N37: 5 | O37: 5 | P37: 5 | Q37: 4 | R37: 3 | S37: 4 | T37: 4 | U37: 6 | V37: 4 | W37: 5 | X37: =SUM(F37:W37) | Y37: =Y10 | Z37: =X37-Y37 | AA37: =MAX(0,25-Z37)*1.0 | AB37: 6 | AC37: 6 | AD37: 5 | AE37: 6 | AF37: 6 | AG37: 3 | AH37: 7 | AI37: 6 | AJ37: 6 | AK37: 5 | AL37: 7 | AM37: 4 | AN37: 4 | AO37: 7 | AP37: 3 | AQ37: 5 | AR37: 4 | AS37: 6 | AT37: =SUM(AB37:AS37) | AU37: =AU10 | AV37: =AT37-AU37 | AW37: =MAX(0,25-AV37)*1.0 | AX37: =AA37+AW37
A38: 27 | B38: Grace Gordon | C38: 55270 | D38: Vilamoura, C. G | E38: 7 | F38: 5 | G38: 7 | H38: 5 | I38: 6 | J38: 6 | K38: 3 | L38: 4 | M38: 6 | N38: 4 | O38: 4 | P38: 6 | Q38: 4 | R38: 3 | S38: 4 | T38: 4 | U38: 5 | V38: 6 | W38: 6 | X38: =SUM(F38:W38) | Y38: =Y10 | Z38: =X38-Y38 | AA38: =MAX(0,25-Z38)*1.0 | AB38: 4 | AC38: 6 | AD38: 4 | AE38: 4 | AF38: 5 | AG38: 4 | AH38: 4 | AI38: 5 | AJ38: 5 | AK38: 5 | AL38: 5 | AM38: 5 | AN38: 2 | AO38: 4 | AP38: 3 | AQ38: 5 | AR38: 4 | AS38: 5 | AT38: =SUM(AB38:AS38) | AU38: =AU10 | AV38: =AT38-AU38 | AW38: =MAX(0,25-AV38)*1.0 | AX38: =AA38+AW38
A39: 28 | B39: Manuel Goulartt Medeiros | C39: 52884 | D39: Santo da Serra | E39: 18.5 | F39: 5 | G39: 6 | H39: 3 | I39: 5 | J39: 4 | K39: 6 | L39: 5 | M39: 5 | N39: 5 | O39: 5 | P39: 5 | Q39: 5 | R39: 5 | S39: 4 | T39: 4 | U39: 6 | V39: 4 | W39: 6 | X39: =SUM(F39:W39) | Y39: =Y10 | Z39: =X39-Y39 | AA39: =MAX(0,25-Z39)*1.0 | AB39: 5 | AC39: 6 | AD39: 4 | AE39: 5 | AF39: 5 | AG39: 4 | AH39: 5 | AI39: 6 | AJ39: 7 | AK39: 5 | AL39: 5 | AM39: 4 | AN39: 3 | AO39: 5 | AP39: 4 | AQ39: 5 | AR39: 5 | AS39: 6 | AT39: =SUM(AB39:AS39) | AU39: =AU10 | AV39: =AT39-AU39 | AW39: =MAX(0,25-AV39)*1.0 | AX39: =AA39+AW39
A40: 29 | B40: Beau Delfortrie | C40: 50247 | D40: Vila Sol | E40: 13.1 | F40: 4 | G40: 5 | H40: 4 | I40: 5 | J40: 7 | K40: 4 | L40: 8 | M40: 5 | N40: 4 | O40: 4 | P40: 6 | Q40: 5 | R40: 4 | S40: 5 | T40: 4 | U40: 6 | V40: 5 | W40: 4 | X40: =SUM(F40:W40) | Y40: =Y10 | Z40: =X40-Y40 | AA40: =MAX(0,25-Z40)*1.0 | AB40: 5 | AC40: 5 | AD40: 4 | AE40: 7 | AF40: 5 | AG40: 4 | AH40: 7 | AI40: 5 | AJ40: 5 | AK40: 5 | AL40: 5 | AM40: 5 | AN40: 3 | AO40: 4 | AP40: 3 | AQ40: 5 | AR40: 4 | AS40: 4 | AT40: =SUM(AB40:AS40) | AU40: =AU10 | AV40: =AT40-AU40 | AW40: =MAX(0,25-AV40)*1.0 | AX40: =AA40+AW40
A41: 30 | B41: Clara Trindade | C41: 45812 | D41: Belas | E41: 10.5 | F41: 4 | G41: 6 | H41: 3 | I41: 6 | J41: 4 | K41: 6 | L41: 7 | M41: 8 | N41: 5 | O41: 5 | P41: 6 | Q41: 5 | R41: 3 | S41: 4 | T41: 3 | U41: 5 | V41: 5 | W41: 5 | X41: =SUM(F41:W41) | Y41: =Y10 | Z41: =X41-Y41 | AA41: =MAX(0,25-Z41)*1.0 | AB41: 5 | AC41: 5 | AD41: 3 | AE41: 6 | AF41: 4 | AG41: 4 | AH41: 4 | AI41: 6 | AJ41: 6 | AK41: 6 | AL41: 5 | AM41: 4 | AN41: 3 | AO41: 4 | AP41: 4 | AQ41: 5 | AR41: 5 | AS41: 6 | AT41: =SUM(AB41:AS41) | AU41: =AU10 | AV41: =AT41-AU41 | AW41: =MAX(0,25-AV41)*1.0 | AX41: =AA41+AW41
A42: 31 | B42: Carlota Braz Gil | C42: 47374 | D42: Santo da Serra | E42: 12.5 | F42: 5 | G42: 5 | H42: 4 | I42: 7 | J42: 4 | K42: 5 | L42: 5 | M42: 6 | N42: 5 | O42: 5 | P42: 7 | Q42: 5 | R42: 4 | S42: 4 | T42: 4 | U42: 5 | V42: 4 | W42: 6 | X42: =SUM(F42:W42) | Y42: =Y10 | Z42: =X42-Y42 | AA42: =MAX(0,25-Z42)*1.0 | AB42: 5 | AC42: 6 | AD42: 3 | AE42: 5 | AF42: 4 | AG42: 4 | AH42: 7 | AI42: 7 | AJ42: 5 | AK42: 5 | AL42: 6 | AM42: 6 | AN42: 4 | AO42: 4 | AP42: 4 | AQ42: 5 | AR42: 4 | AS42: 6 | AT42: =SUM(AB42:AS42) | AU42: =AU10 | AV42: =AT42-AU42 | AW42: =MAX(0,25-AV42)*1.0 | AX42: =AA42+AW42
A43: 32 | B43: Marek Pejas | C43: 52069 | D43: Vilamoura, C. G | E43: 32.9 | F43: 5 | G43: 5 | H43: 3 | I43: 6 | J43: 6 | K43: 3 | L43: 4 | M43: 6 | N43: 7 | O43: 5 | P43: 7 | Q43: 4 | R43: 4 | S43: 5 | T43: 3 | U43: 5 | V43: 5 | W43: 7 | X43: =SUM(F43:W43) | Y43: =Y10 | Z43: =X43-Y43 | AA43: =MAX(0,25-Z43)*1.0 | AB43: 6 | AC43: 5 | AD43: 3 | AE43: 7 | AF43: 5 | AG43: 3 | AH43: 7 | AI43: 6 | AJ43: 5 | AK43: 5 | AL43: 6 | AM43: 6 | AN43: 4 | AO43: 6 | AP43: 5 | AQ43: 5 | AR43: 6 | AS43: 6 | AT43: =SUM(AB43:AS43) | AU43: =AU10 | AV43: =AT43-AU43 | AW43: =MAX(0,25-AV43)*1.0 | AX43: =AA43+AW43
A44: 33 | B44: José Silva | C44: 54845 | D44: Amendoeira | E44: 20.8 | F44: 5 | G44: 6 | H44: 3 | I44: 7 | J44: 5 | K44: 3 | L44: 5 | M44: 5 | N44: 5 | O44: 5 | P44: 6 | Q44: 4 | R44: 4 | S44: 5 | T44: 4 | U44: 5 | V44: 8 | W44: 6 | X44: =SUM(F44:W44) | Y44: =Y10 | Z44: =X44-Y44 | AA44: =MAX(0,25-Z44)*1.0 | AB44: 5 | AC44: 6 | AD44: 4 | AE44: 7 | AF44: 7 | AG44: 6 | AH44: 7 | AI44: 4 | AJ44: 6 | AK44: 4 | AL44: 5 | AM44: 4 | AN44: 3 | AO44: 5 | AP44: 4 | AQ44: 6 | AR44: 6 | AS44: 6 | AT44: =SUM(AB44:AS44) | AU44: =AU10 | AV44: =AT44-AU44 | AW44: =MAX(0,25-AV44)*1.0 | AX44: =AA44+AW44
A45: 34 | B45: Gabriel Costa | C45: 53838 | D45: Amendoeira | E45: 38.2 | F45: 5 | G45: 6 | H45: 4 | I45: 7 | J45: 5 | K45: 4 | L45: 5 | M45: 7 | N45: 4 | O45: 6 | P45: 7 | Q45: 4 | R45: 6 | S45: 5 | T45: 2 | U45: 7 | V45: 5 | W45: 6 | X45: =SUM(F45:W45) | Y45: =Y10 | Z45: =X45-Y45 | AA45: =MAX(0,25-Z45)*1.0 | AB45: 7 | AC45: 6 | AD45: 3 | AE45: 8 | AF45: 6 | AG45: 4 | AH45: 7 | AI45: 7 | AJ45: 6 | AK45: 6 | AL45: 7 | AM45: 6 | AN45: 4 | AO45: 4 | AP45: 4 | AQ45: 6 | AR45: 6 | AS45: 7 | AT45: =SUM(AB45:AS45) | AU45: =AU10 | AV45: =AT45-AU45 | AW45: =MAX(0,25-AV45)*1.0 | AX45: =AA45+AW45
A46: 35 | B46: Catarina Sousa Conceição | C46: 48794 | D46: Vilamoura, C. G | E46: 14.7 | F46: 5 | G46: 5 | H46: 4 | I46: 6 | J46: 7 | K46: 6 | L46: 5 | M46: 6 | N46: 6 | O46: 5 | P46: 6 | Q46: 6 | R46: 3 | S46: 6 | T46: 4 | U46: 4 | V46: 5 | W46: 7 | X46: =SUM(F46:W46) | Y46: =Y10 | Z46: =X46-Y46 | AA46: =MAX(0,25-Z46)*1.0 | AB46: 5 | AC46: 6 | AD46: 5 | AE46: 6 | AF46: 5 | AG46: 3 | AH46: 5 | AI46: 7 | AJ46: 5 | AK46: 5 | AL46: 6 | AM46: 5 | AN46: 3 | AO46: 5 | AP46: 4 | AQ46: 5 | AR46: 4 | AS46: 6 | AT46: =SUM(AB46:AS46) | AU46: =AU10 | AV46: =AT46-AU46 | AW46: =MAX(0,25-AV46)*1.0 | AX46: =AA46+AW46
A47: 36 | B47: Ryan Dantas | C47: 45439 | D47: Belas | E47: 13.4 | F47: 5 | G47: 6 | H47: 3 | I47: 7 | J47: 4 | K47: 5 | L47: 7 | M47: 6 | N47: 6 | O47: 6 | P47: 7 | Q47: 4 | R47: 3 | S47: 4 | T47: 4 | U47: 5 | V47: 5 | W47: 9 | X47: =SUM(F47:W47) | Y47: =Y10 | Z47: =X47-Y47 | AA47: =MAX(0,25-Z47)*1.0 | AB47: 4 | AC47: 5 | AD47: 4 | AE47: 8 | AF47: 4 | AG47: 4 | AH47: 6 | AI47: 5 | AJ47: 5 | AK47: 5 | AL47: 6 | AM47: 5 | AN47: 3 | AO47: 5 | AP47: 3 | AQ47: 4 | AR47: 5 | AS47: 6 | AT47: =SUM(AB47:AS47) | AU47: =AU10 | AV47: =AT47-AU47 | AW47: =MAX(0,25-AV47)*1.0 | AX47: =AA47+AW47
A48: 37 | B48: Luís Pinheiro Jr. | C48: 46590 | D48: Belas | E48: 19.3 | F48: 5 | G48: 8 | H48: 3 | I48: 6 | J48: 7 | K48: 4 | L48: 6 | M48: 6 | N48: 5 | O48: 5 | P48: 7 | Q48: 7 | R48: 4 | S48: 5 | T48: 3 | U48: 5 | V48: 5 | W48: 6 | X48: =SUM(F48:W48) | Y48: =Y10 | Z48: =X48-Y48 | AA48: =MAX(0,25-Z48)*1.0 | AB48: 5 | AC48: 4 | AD48: 6 | AE48: 6 | AF48: 6 | AG48: 3 | AH48: 4 | AI48: 5 | AJ48: 7 | AK48: 4 | AL48: 7 | AM48: 5 | AN48: 4 | AO48: 5 | AP48: 4 | AQ48: 6 | AR48: 6 | AS48: 5 | AT48: =SUM(AB48:AS48) | AU48: =AU10 | AV48: =AT48-AU48 | AW48: =MAX(0,25-AV48)*1.0 | AX48: =AA48+AW48
A49: 38 | B49: Thomas Blake Maia | C49: 50189 | D49: Vilamoura, C. G | E49: 36.8 | F49: 6 | G49: 5 | H49: 5 | I49: 7 | J49: 6 | K49: 4 | L49: 5 | M49: 6 | N49: 5 | O49: 6 | P49: 5 | Q49: 4 | R49: 6 | S49: 6 | T49: 4 | U49: 6 | V49: 6 | W49: 6 | X49: =SUM(F49:W49) | Y49: =Y10 | Z49: =X49-Y49 | AA49: =MAX(0,25-Z49)*1.0 | AB49: 6 | AC49: 7 | AD49: 5 | AE49: 10 | AF49: 7 | AG49: 5 | AH49: 6 | AI49: 8 | AJ49: 7 | AK49: 6 | AL49: 7 | AM49: 4 | AN49: 6 | AO49: 7 | AP49: 4 | AQ49: 6 | AR49: 6 | AS49: 6 | AT49: =SUM(AB49:AS49) | AU49: =AU10 | AV49: =AT49-AU49 | AW49: =MAX(0,25-AV49)*1.0 | AX49: =AA49+AW49
A50: 39 | B50: Miguel Santos Pereira | C50: 48946 | D50: Vilamoura, C. G | E50: 28.7 | F50: 7 | G50: 9 | H50: 4 | I50: 10 | J50: 5 | K50: 4 | L50: 5 | M50: 7 | N50: 5 | O50: 5 | P50: 7 | Q50: 5 | R50: 4 | S50: 5 | T50: 4 | U50: 5 | V50: 4 | W50: 7 | X50: =SUM(F50:W50) | Y50: =Y10 | Z50: =X50-Y50 | AA50: =MAX(0,25-Z50)*1.0 | AB50: 5 | AC50: 6 | AD50: 3 | AE50: 5 | AF50: 7 | AG50: 3 | AH50: 5 | AI50: 5 | AJ50: 5 | AK50: 5 | AL50: 6 | AM50: 4 | AN50: 3 | AO50: 4 | AP50: 4 | AQ50: 6 | AR50: 7 | AS50: 6 | AT50: =SUM(AB50:AS50) | AU50: =AU10 | AV50: =AT50-AU50 | AW50: =MAX(0,25-AV50)*1.0 | AX50: =AA50+AW50
A51: 40 | B51: Jack Barton | D51: Internacional | E51: 18.5 | F51: 6 | G51: 5 | H51: 4 | I51: 6 | J51: 8 | K51: 10 | L51: 6 | M51: 7 | N51: 5 | O51: 5 | P51: 7 | Q51: 7 | R51: 4 | S51: 5 | T51: 4 | U51: 5 | V51: 5 | W51: 6 | X51: =SUM(F51:W51) | Y51: =Y10 | Z51: =X51-Y51 | AA51: =MAX(0,25-Z51)*1.0 | AB51: 4 | AC51: 6 | AD51: 6 | AE51: 6 | AF51: 4 | AG51: 6 | AH51: 5 | AI51: 6 | AJ51: 4 | AK51: 5 | AL51: 6 | AM51: 5 | AN51: 5 | AO51: 5 | AP51: 5 | AQ51: 5 | AR51: 3 | AS51: 7 | AT51: =SUM(AB51:AS51) | AU51: =AU10 | AV51: =AT51-AU51 | AW51: =MAX(0,25-AV51)*1.0 | AX51: =AA51+AW51
A52: 41 | B52: Maximilian O`callaghan | C52: 48623 | D52: Vilamoura, C. G | E52: 28.9 | F52: 5 | G52: 8 | H52: 4 | I52: 7 | J52: 7 | K52: 3 | L52: 6 | M52: 7 | N52: 5 | O52: 5 | P52: 7 | Q52: 6 | R52: 5 | S52: 7 | T52: 3 | U52: 6 | V52: 8 | W52: 7 | X52: =SUM(F52:W52) | Y52: =Y10 | Z52: =X52-Y52 | AA52: =MAX(0,25-Z52)*1.0 | AB52: 8 | AC52: 6 | AD52: 5 | AE52: 6 | AF52: 7 | AG52: 4 | AH52: 6 | AI52: 7 | AJ52: 7 | AK52: 7 | AL52: 7 | AM52: 7 | AN52: 5 | AO52: 5 | AP52: 5 | AQ52: 8 | AR52: 6 | AS52: 6 | AT52: =SUM(AB52:AS52) | AU52: =AU10 | AV52: =AT52-AU52 | AW52: =MAX(0,25-AV52)*1.0 | AX52: =AA52+AW52

Sheet antonio_dantas
A1: PJA António Dantas Classic
A2: Data: | B2: 2025-05-30
A3: Campo: | B3: Quinta do Peru
A4: ccode/tcode: | B4: 038/10651
A5: Link FPG: | B5: https://scoring.datagolf.pt/pt/Classifications.aspx?ccode=038&tcode=10651
A6: Multiplicador: | B6: 1
A9: Pos | B9: Nome | C9: FedCode | D9: Clube | E9: HCP | F9: R1 h1 | G9: h2 | H9: h3 | I9: h4 | J9: h5 | K9: h6 | L9: h7 | M9: h8 | N9: h9 | O9: h10 | P9: h11 | Q9: h12 | R9: h13 | S9: h14 | T9: h15 | U9: h16 | V9: h17 | W9: h18 | X9: R1 Gross | Y9: R1 Par | Z9: R1 ToPar | AA9: R1 Pts | AB9: R2 h1 | AC9: h2 | AD9: h3 | AE9: h4 | AF9: h5 | AG9: h6 | AH9: h7 | AI9: h8 | AJ9: h9 | AK9: h10 | AL9: h11 | AM9: h12 | AN9: h13 | AO9: h14 | AP9: h15 | AQ9: h16 | AR9: h17 | AS9: h18 | AT9: R2 Gross | AU9: R2 Par | AV9: R2 ToPar | AW9: R2 Pts | AX9: Total Pts
A10: —Par— | F10: 5 | G10: 4 | H10: 3 | I10: 4 | J10: 5 | K10: 4 | L10: 4 | M10: 3 | N10: 4 | O10: 5 | P10: 3 | Q10: 4 | R10: 5 | S10: 4 | T10: 4 | U10: 3 | V10: 4 | W10: 4 | Y10: =SUM(F10:W10) | AB10: 5 | AC10: 4 | AD10: 3 | AE10: 4 | AF10: 5 | AG10: 4 | AH10: 4 | AI10: 3 | AJ10: 4 | AK10: 5 | AL10: 3 | AM10: 4 | AN10: 5 | AO10: 4 | AP10: 4 | AQ10: 3 | AR10: 4 | AS10: 4 | AU10: =SUM(AB10:AS10)
A11: —SI— | F11: 2 | G11: 16 | H11: 18 | I11: 10 | J11: 6 | K11: 14 | L11: 12 | M11: 4 | N11: 8 | O11: 5 | P11: 17 | Q11: 15 | R11: 3 | S11: 13 | T11: 9 | U11: 7 | V11: 11 | W11: 1 | AB11: 2 | AC11: 16 | AD11: 18 | AE11: 10 | AF11: 6 | AG11: 14 | AH11: 12 | AI11: 4 | AJ11: 8 | AK11: 5 | AL11: 17 | AM11: 15 | AN11: 3 | AO11: 13 | AP11: 9 | AQ11: 7 | AR11: 11 | AS11: 1
A12: 1 | B12: Ricardo Castro Ferreira | C12: 49085 | D12: Estoril | E12: 12.2 | F12: 5 | G12: 4 | H12: 3 | I12: 4 | J12: 5 | K12: 4 | L12: 5 | M12: 3 | N12: 5 | O12: 4 | P12: 4 | Q12: 4 | R12: 5 | S12: 4 | T12: 4 | U12: 3 | V12: 4 | W12: 4 | X12: =SUM(F12:W12) | Y12: =Y10 | Z12: =X12-Y12 | AA12: =MAX(0,25-Z12)*1.0 | AB12: 5 | AC12: 5 | AD12: 4 | AE12: 4 | AF12: 6 | AG12: 5 | AH12: 4 | AI12: 3 | AJ12: 4 | AK12: 5 | AL12: 3 | AM12: 4 | AN12: 5 | AO12: 5 | AP12: 3 | AQ12: 3 | AR12: 5 | AS12: 5 | AT12: =SUM(AB12:AS12) | AU12: =AU10 | AV12: =AT12-AU12 | AW12: =MAX(0,25-AV12)*1.0 | AX12: =AA12+AW12
A13: 2 | B13: João Setúbal | C13: 43732 | D13: Vilamoura, C. G | E13: 4.8 | F13: 5 | G13: 4 | H13: 3 | I13: 5 | J13: 5 | K13: 5 | L13: 5 | M13: 3 | N13: 4 | O13: 5 | P13: 2 | Q13: 3 | R13: 5 | S13: 5 | T13: 4 | U13: 3 | V13: 4 | W13: 5 | X13: =SUM(F13:W13) | Y13: =Y10 | Z13: =X13-Y13 | AA13: =MAX(0,25-Z13)*1.0 | AB13: 5 | AC13: 6 | AD13: 2 | AE13: 5 | AF13: 5 | AG13: 6 | AH13: 4 | AI13: 4 | AJ13: 4 | AK13: 6 | AL13: 3 | AM13: 4 | AN13: 5 | AO13: 5 | AP13: 4 | AQ13: 3 | AR13: 5 | AS13: 5 | AT13: =SUM(AB13:AS13) | AU13: =AU10 | AV13: =AT13-AU13 | AW13: =MAX(0,25-AV13)*1.0 | AX13: =AA13+AW13
A14: 3 | B14: Ricardo Serpa | C14: 28845 | D14: Vilamoura, C. G | E14: 0.1 | F14: 6 | G14: 4 | H14: 4 | I14: 4 | J14: 5 | K14: 4 | L14: 5 | M14: 4 | N14: 4 | O14: 5 | P14: 3 | Q14: 4 | R14: 4 | S14: 4 | T14: 4 | U14: 3 | V14: 5 | W14: 5 | X14: =SUM(F14:W14) | Y14: =Y10 | Z14: =X14-Y14 | AA14: =MAX(0,25-Z14)*1.0 | AB14: 5 | AC14: 4 | AD14: 3 | AE14: 4 | AF14: 5 | AG14: 4 | AH14: 5 | AI14: 3 | AJ14: 4 | AK14: 5 | AL14: 3 | AM14: 4 | AN14: 5 | AO14: 5 | AP14: 5 | AQ14: 2 | AR14: 6 | AS14: 4 | AT14: =SUM(AB14:AS14) | AU14: =AU10 | AV14: =AT14-AU14 | AW14: =MAX(0,25-AV14)*1.0 | AX14: =AA14+AW14
A15: 4 | B15: João Maria Ivo de Carvalho | C15: 38334 | D15: Vilamoura, C. G | E15: 0.2 | F15: 5 | G15: 4 | H15: 5 | I15: 4 | J15: 6 | K15: 4 | L15: 4 | M15: 3 | N15: 4 | O15: 6 | P15: 4 | Q15: 3 | R15: 6 | S15: 4 | T15: 3 | U15: 3 | V15: 4 | W15: 5 | X15: =SUM(F15:W15) | Y15: =Y10 | Z15: =X15-Y15 | AA15: =MAX(0,25-Z15)*1.0 | AB15: 6 | AC15: 4 | AD15: 2 | AE15: 3 | AF15: 7 | AG15: 4 | AH15: 5 | AI15: 3 | AJ15: 4 | AK15: 5 | AL15: 3 | AM15: 4 | AN15: 4 | AO15: 6 | AP15: 5 | AQ15: 4 | AR15: 5 | AS15: 5 | AT15: =SUM(AB15:AS15) | AU15: =AU10 | AV15: =AT15-AU15 | AW15: =MAX(0,25-AV15)*1.0 | AX15: =AA15+AW15
A16: 5 | B16: Filipe Pinheiro | C16: 46591 | D16: Belas | E16: 6.7 | F16: 5 | G16: 3 | H16: 4 | I16: 4 | J16: 5 | K16: 5 | L16: 5 | M16: 3 | N16: 5 | O16: 5 | P16: 4 | Q16: 4 | R16: 5 | S16: 4 | T16: 4 | U16: 3 | V16: 5 | W16: 5 | X16: =SUM(F16:W16) | Y16: =Y10 | Z16: =X16-Y16 | AA16: =MAX(0,25-Z16)*1.0 | AB16: 5 | AC16: 4 | AD16: 4 | AE16: 4 | AF16: 6 | AG16: 4 | AH16: 5 | AI16: 3 | AJ16: 5 | AK16: 6 | AL16: 2 | AM16: 4 | AN16: 5 | AO16: 6 | AP16: 4 | AQ16: 3 | AR16: 5 | AS16: 5 | AT16: =SUM(AB16:AS16) | AU16: =AU10 | AV16: =AT16-AU16 | AW16: =MAX(0,25-AV16)*1.0 | AX16: =AA16+AW16
A17: 6 | B17: Miguel Coelho Porfirio | C17: 44160 | D17: Miramar | E17: 12.9 | F17: 6 | G17: 4 | H17: 3 | I17: 4 | J17: 6 | K17: 4 | L17: 4 | M17: 3 | N17: 6 | O17: 4 | P17: 3 | Q17: 3 | R17: 5 | S17: 4 | T17: 6 | U17: 5 | V17: 4 | W17: 5 | X17: =SUM(F17:W17) | Y17: =Y10 | Z17: =X17-Y17 | AA17: =MAX(0,25-Z17)*1.0 | AB17: 6 | AC17: 5 | AD17: 4 | AE17: 4 | AF17: 5 | AG17: 4 | AH17: 5 | AI17: 3 | AJ17: 7 | AK17: 5 | AL17: 4 | AM17: 4 | AN17: 7 | AO17: 4 | AP17: 5 | AQ17: 3 | AR17: 5 | AS17: 5 | AT17: =SUM(AB17:AS17) | AU17: =AU10 | AV17: =AT17-AU17 | AW17: =MAX(0,25-AV17)*1.0 | AX17: =AA17+AW17
A18: 7 | B18: Sabrina Ribeiro Crisóstomo | C18: 48971 | D18: Vilamoura, C. G | E18: 14 | F18: 7 | G18: 5 | H18: 3 | I18: 3 | J18: 5 | K18: 5 | L18: 5 | M18: 4 | N18: 4 | O18: 4 | P18: 3 | Q18: 4 | R18: 6 | S18: 5 | T18: 4 | U18: 4 | V18: 4 | W18: 5 | X18: =SUM(F18:W18) | Y18: =Y10 | Z18: =X18-Y18 | AA18: =MAX(0,25-Z18)*1.0 | AB18: 8 | AC18: 5 | AD18: 3 | AE18: 4 | AF18: 5 | AG18: 4 | AH18: 4 | AI18: 4 | AJ18: 4 | AK18: 5 | AL18: 5 | AM18: 3 | AN18: 5 | AO18: 5 | AP18: 5 | AQ18: 4 | AR18: 5 | AS18: 6 | AT18: =SUM(AB18:AS18) | AU18: =AU10 | AV18: =AT18-AU18 | AW18: =MAX(0,25-AV18)*1.0 | AX18: =AA18+AW18
A19: 8 | B19: Nuno Palmares Jr. | C19: 49124 | D19: Estoril | E19: 8 | F19: 6 | G19: 6 | H19: 3 | I19: 4 | J19: 6 | K19: 4 | L19: 4 | M19: 2 | N19: 5 | O19: 4 | P19: 4 | Q19: 6 | R19: 6 | S19: 4 | T19: 5 | U19: 2 | V19: 4 | W19: 5 | X19: =SUM(F19:W19) | Y19: =Y10 | Z19: =X19-Y19 | AA19: =MAX(0,25-Z19)*1.0 | AB19: 5 | AC19: 4 | AD19: 3 | AE19: 5 | AF19: 6 | AG19: 4 | AH19: 5 | AI19: 4 | AJ19: 5 | AK19: 5 | AL19: 3 | AM19: 4 | AN19: 4 | AO19: 5 | AP19: 5 | AQ19: 3 | AR19: 5 | AS19: 5 | AT19: =SUM(AB19:AS19) | AU19: =AU10 | AV19: =AT19-AU19 | AW19: =MAX(0,25-AV19)*1.0 | AX19: =AA19+AW19
A20: 9 | B20: Gabriel Fantasia Leite | C20: 33811 | D20: Aroeira | E20: 6.1 | F20: 5 | G20: 4 | H20: 3 | I20: 6 | J20: 6 | K20: 5 | L20: 4 | M20: 3 | N20: 3 | O20: 5 | P20: 3 | Q20: 5 | R20: 4 | S20: 5 | T20: 4 | U20: 4 | V20: 6 | W20: 5 | X20: =SUM(F20:W20) | Y20: =Y10 | Z20: =X20-Y20 | AA20: =MAX(0,25-Z20)*1.0 | AB20: 5 | AC20: 4 | AD20: 4 | AE20: 5 | AF20: 6 | AG20: 3 | AH20: 5 | AI20: 3 | AJ20: 4 | AK20: 7 | AL20: 3 | AM20: 3 | AN20: 5 | AO20: 5 | AP20: 4 | AQ20: 3 | AR20: 6 | AS20: 3 | AT20: =SUM(AB20:AS20) | AU20: =AU10 | AV20: =AT20-AU20 | AW20: =MAX(0,25-AV20)*1.0 | AX20: =AA20+AW20
A21: 10 | B21: Salvador Ivo de Carvalho | C21: 43968 | D21: Vilamoura, C. G | E21: 11.1 | F21: 5 | G21: 5 | H21: 4 | I21: 6 | J21: 6 | K21: 4 | L21: 5 | M21: 4 | N21: 5 | O21: 4 | P21: 3 | Q21: 5 | R21: 5 | S21: 4 | T21: 4 | U21: 3 | V21: 4 | W21: 5 | X21: =SUM(F21:W21) | Y21: =Y10 | Z21: =X21-Y21 | AA21: =MAX(0,25-Z21)*1.0 | AW21: 0 | AX21: =AA21+AW21
A22: 11 | B22: David Filip | C22: 51949 | D22: Lisbon SC | E22: 16.7 | F22: 6 | G22: 5 | H22: 4 | I22: 5 | J22: 5 | K22: 3 | L22: 5 | M22: 4 | N22: 5 | O22: 5 | P22: 3 | Q22: 3 | R22: 6 | S22: 4 | T22: 5 | U22: 4 | V22: 4 | W22: 5 | X22: =SUM(F22:W22) | Y22: =Y10 | Z22: =X22-Y22 | AA22: =MAX(0,25-Z22)*1.0 | AB22: 6 | AC22: 5 | AD22: 4 | AE22: 5 | AF22: 6 | AG22: 4 | AH22: 5 | AI22: 3 | AJ22: 5 | AK22: 4 | AL22: 4 | AM22: 4 | AN22: 6 | AO22: 5 | AP22: 5 | AQ22: 3 | AR22: 5 | AS22: 6 | AT22: =SUM(AB22:AS22) | AU22: =AU10 | AV22: =AT22-AU22 | AW22: =MAX(0,25-AV22)*1.0 | AX22: =AA22+AW22
A23: 12 | B23: Rafael Gonçales Benesi | C23: 54774 | D23: Estoril | E23: 8.2 | F23: 5 | G23: 6 | H23: 4 | I23: 4 | J23: 5 | K23: 4 | L23: 5 | M23: 4 | N23: 4 | O23: 7 | P23: 3 | Q23: 5 | R23: 6 | S23: 4 | T23: 3 | U23: 4 | V23: 4 | W23: 4 | X23: =SUM(F23:W23) | Y23: =Y10 | Z23: =X23-Y23 | AA23: =MAX(0,25-Z23)*1.0 | AB23: 4 | AC23: 4 | AD23: 3 | AE23: 4 | AF23: 4 | AG23: 4 | AH23: 4 | AI23: 4 | AJ23: 6 | AK23: 4 | AL23: 3 | AM23: 3 | AN23: 5 | AO23: 4 | AP23: 5 | AQ23: 4 | AR23: 4 | AS23: 6 | AT23: =SUM(AB23:AS23) | AU23: =AU10 | AV23: =AT23-AU23 | AW23: =MAX(0,25-AV23)*1.0 | AX23: =AA23+AW23
A24: 13 | B24: Pedro Costa Alemão | C24: 46706 | D24: Estoril | E24: 7.7 | F24: 6 | G24: 4 | H24: 2 | I24: 4 | J24: 6 | K24: 5 | L24: 5 | M24: 3 | N24: 6 | O24: 5 | P24: 3 | Q24: 5 | R24: 6 | S24: 4 | T24: 4 | U24: 3 | V24: 5 | W24: 5 | X24: =SUM(F24:W24) | Y24: =Y10 | Z24: =X24-Y24 | AA24: =MAX(0,25-Z24)*1.0 | AB24: 5 | AC24: 4 | AD24: 4 | AE24: 4 | AF24: 5 | AG24: 5 | AH24: 5 | AI24: 3 | AJ24: 4 | AK24: 6 | AL24: 3 | AM24: 4 | AN24: 5 | AO24: 4 | AP24: 4 | AQ24: 3 | AR24: 5 | AS24: 4 | AT24: =SUM(AB24:AS24) | AU24: =AU10 | AV24: =AT24-AU24 | AW24: =MAX(0,25-AV24)*1.0 | AX24: =AA24+AW24
A25: 14 | B25: Angelina Gao | C25: 51523 | D25: Quinta do Peru | E25: 9.5 | F25: 6 | G25: 6 | H25: 2 | I25: 4 | J25: 6 | K25: 5 | L25: 4 | M25: 5 | N25: 5 | O25: 5 | P25: 4 | Q25: 4 | R25: 6 | S25: 5 | T25: 3 | U25: 3 | V25: 4 | W25: 5 | X25: =SUM(F25:W25) | Y25: =Y10 | Z25: =X25-Y25 | AA25: =MAX(0,25-Z25)*1.0 | AB25: 5 | AC25: 5 | AD25: 4 | AE25: 6 | AF25: 5 | AG25: 4 | AH25: 5 | AI25: 2 | AJ25: 5 | AK25: 6 | AL25: 3 | AM25: 3 | AN25: 6 | AO25: 4 | AP25: 5 | AQ25: 3 | AR25: 5 | AS25: 5 | AT25: =SUM(AB25:AS25) | AU25: =AU10 | AV25: =AT25-AU25 | AW25: =MAX(0,25-AV25)*1.0 | AX25: =AA25+AW25
A26: 15 | B26: Rodrigo Sousa Correia | C26: 44934 | D26: Vilamoura, C. G | E26: 3.7 | F26: 6 | G26: 5 | H26: 4 | I26: 5 | J26: 6 | K26: 5 | L26: 5 | M26: 3 | N26: 5 | O26: 5 | P26: 2 | Q26: 4 | R26: 4 | S26: 4 | T26: 6 | U26: 4 | V26: 6 | W26: 4 | X26: =SUM(F26:W26) | Y26: =Y10 | Z26: =X26-Y26 | AA26: =MAX(0,25-Z26)*1.0 | AB26: 6 | AC26: 5 | AD26: 3 | AE26: 4 | AF26: 5 | AG26: 4 | AH26: 5 | AI26: 3 | AJ26: 4 | AK26: 4 | AL26: 4 | AM26: 4 | AN26: 4 | AO26: 4 | AP26: 5 | AQ26: 3 | AR26: 4 | AS26: 5 | AT26: =SUM(AB26:AS26) | AU26: =AU10 | AV26: =AT26-AU26 | AW26: =MAX(0,25-AV26)*1.0 | AX26: =AA26+AW26
A27: 16 | B27: Guo Ziyang | C27: 57904 | D27: Estoril | E27: 19 | F27: 6 | G27: 4 | H27: 3 | I27: 4 | J27: 7 | K27: 4 | L27: 5 | M27: 3 | N27: 6 | O27: 5 | P27: 3 | Q27: 4 | R27: 6 | S27: 5 | T27: 4 | U27: 3 | V27: 6 | W27: 6 | X27: =SUM(F27:W27) | Y27: =Y10 | Z27: =X27-Y27 | AA27: =MAX(0,25-Z27)*1.0 | AB27: 6 | AC27: 4 | AD27: 4 | AE27: 3 | AF27: 7 | AG27: 4 | AH27: 5 | AI27: 3 | AJ27: 6 | AK27: 5 | AL27: 2 | AM27: 5 | AN27: 5 | AO27: 6 | AP27: 6 | AQ27: 4 | AR27: 4 | AS27: 5 | AT27: =SUM(AB27:AS27) | AU27: =AU10 | AV27: =AT27-AU27 | AW27: =MAX(0,25-AV27)*1.0 | AX27: =AA27+AW27
A28: 17 | B28: João Rocha | C28: 48297 | D28: Estoril | E28: 7.9 | F28: 6 | G28: 5 | H28: 3 | I28: 5 | J28: 5 | K28: 5 | L28: 3 | M28: 3 | N28: 4 | O28: 7 | P28: 4 | Q28: 4 | R28: 6 | S28: 4 | T28: 6 | U28: 4 | V28: 5 | W28: 5 | X28: =SUM(F28:W28) | Y28: =Y10 | Z28: =X28-Y28 | AA28: =MAX(0,25-Z28)*1.0 | AB28: 7 | AC28: 4 | AD28: 4 | AE28: 6 | AF28: 6 | AG28: 4 | AH28: 3 | AI28: 5 | AJ28: 5 | AK28: 4 | AL28: 4 | AM28: 4 | AN28: 5 | AO28: 4 | AP28: 5 | AQ28: 3 | AR28: 5 | AS28: 5 | AT28: =SUM(AB28:AS28) | AU28: =AU10 | AV28: =AT28-AU28 | AW28: =MAX(0,25-AV28)*1.0 | AX28: =AA28+AW28
A29: 18 | B29: Rafaela Pinto | C29: 40390 | D29: Arquitectos | E29: 1.6 | F29: 6 | G29: 5 | H29: 4 | I29: 5 | J29: 6 | K29: 5 | L29: 5 | M29: 3 | N29: 5 | O29: 6 | P29: 4 | Q29: 4 | R29: 5 | S29: 5 | T29: 4 | U29: 3 | V29: 4 | W29: 6 | X29: =SUM(F29:W29) | Y29: =Y10 | Z29: =X29-Y29 | AA29: =MAX(0,25-Z29)*1.0 | AB29: 5 | AC29: 5 | AD29: 4 | AE29: 4 | AF29: 7 | AG29: 5 | AH29: 5 | AI29: 3 | AJ29: 5 | AK29: 6 | AL29: 4 | AM29: 4 | AN29: 5 | AO29: 4 | AP29: 5 | AQ29: 4 | AR29: 6 | AS29: 5 | AT29: =SUM(AB29:AS29) | AU29: =AU10 | AV29: =AT29-AU29 | AW29: =MAX(0,25-AV29)*1.0 | AX29: =AA29+AW29
A30: 19 | B30: Martim Sousa de Morais | C30: 41609 | D30: Belas | E30: 7.2 | F30: 5 | G30: 4 | H30: 3 | I30: 6 | J30: 6 | K30: 5 | L30: 6 | M30: 3 | N30: 5 | O30: 5 | P30: 3 | Q30: 4 | R30: 6 | S30: 5 | T30: 6 | U30: 3 | V30: 5 | W30: 6 | X30: =SUM(F30:W30) | Y30: =Y10 | Z30: =X30-Y30 | AA30: =MAX(0,25-Z30)*1.0 | AB30: 5 | AC30: 4 | AD30: 3 | AE30: 6 | AF30: 6 | AG30: 3 | AH30: 5 | AI30: 6 | AJ30: 7 | AK30: 7 | AL30: 3 | AM30: 5 | AN30: 7 | AO30: 6 | AP30: 4 | AQ30: 4 | AR30: 4 | AS30: 5 | AT30: =SUM(AB30:AS30) | AU30: =AU10 | AV30: =AT30-AU30 | AW30: =MAX(0,25-AV30)*1.0 | AX30: =AA30+AW30
A31: 20 | B31: Rodrigo Faria Constantino | C31: 45278 | D31: Belas | E31: 3.9 | F31: 6 | G31: 5 | H31: 7 | I31: 6 | J31: 6 | K31: 5 | L31: 5 | M31: 4 | N31: 4 | O31: 5 | P31: 4 | Q31: 4 | R31: 5 | S31: 4 | T31: 5 | U31: 3 | V31: 5 | W31: 6 | X31: =SUM(F31:W31) | Y31: =Y10 | Z31: =X31-Y31 | AA31: =MAX(0,25-Z31)*1.0 | AB31: 5 | AC31: 5 | AD31: 3 | AE31: 4 | AF31: 5 | AG31: 4 | AH31: 5 | AI31: 3 | AJ31: 5 | AK31: 7 | AL31: 3 | AM31: 4 | AN31: 5 | AO31: 4 | AP31: 5 | AQ31: 3 | AR31: 4 | AS31: 3 | AT31: =SUM(AB31:AS31) | AU31: =AU10 | AV31: =AT31-AU31 | AW31: =MAX(0,25-AV31)*1.0 | AX31: =AA31+AW31
A32: 21 | B32: Diogo Sequeira | C32: 56654 | D32: Quinta do Peru | E32: 16.4 | F32: 5 | G32: 5 | H32: 3 | I32: 5 | J32: 8 | K32: 6 | L32: 7 | M32: 4 | N32: 5 | O32: 5 | P32: 4 | Q32: 4 | R32: 5 | S32: 4 | T32: 4 | U32: 6 | V32: 5 | W32: 5 | X32: =SUM(F32:W32) | Y32: =Y10 | Z32: =X32-Y32 | AA32: =MAX(0,25-Z32)*1.0 | AB32: 5 | AC32: 5 | AD32: 3 | AE32: 4 | AF32: 6 | AG32: 4 | AH32: 6 | AI32: 4 | AJ32: 6 | AK32: 5 | AL32: 3 | AM32: 4 | AN32: 6 | AO32: 4 | AP32: 4 | AQ32: 4 | AR32: 4 | AS32: 5 | AT32: =SUM(AB32:AS32) | AU32: =AU10 | AV32: =AT32-AU32 | AW32: =MAX(0,25-AV32)*1.0 | AX32: =AA32+AW32
A33: 22 | B33: William Gao | C33: 51524 | D33: Quinta do Peru | E33: 14.5 | F33: 4 | G33: 6 | H33: 4 | I33: 5 | J33: 7 | K33: 4 | L33: 6 | M33: 6 | N33: 5 | O33: 6 | P33: 4 | Q33: 6 | R33: 7 | S33: 6 | T33: 5 | U33: 4 | V33: 4 | W33: 5 | X33: =SUM(F33:W33) | Y33: =Y10 | Z33: =X33-Y33 | AA33: =MAX(0,25-Z33)*1.0 | AB33: 7 | AC33: 4 | AD33: 3 | AE33: 5 | AF33: 7 | AG33: 6 | AH33: 5 | AI33: 4 | AJ33: 5 | AK33: 7 | AL33: 3 | AM33: 4 | AN33: 6 | AO33: 5 | AP33: 5 | AQ33: 5 | AR33: 4 | AS33: 6 | AT33: =SUM(AB33:AS33) | AU33: =AU10 | AV33: =AT33-AU33 | AW33: =MAX(0,25-AV33)*1.0 | AX33: =AA33+AW33
A34: 23 | B34: Tomás Lima Pinto | C34: 46037 | D34: Vilamoura, C. G | E34: 14.8 | F34: 6 | G34: 4 | H34: 4 | I34: 5 | J34: 6 | K34: 5 | L34: 4 | M34: 4 | N34: 10 | O34: 7 | P34: 4 | Q34: 4 | R34: 7 | S34: 6 | T34: 4 | U34: 4 | V34: 4 | W34: 7 | X34: =SUM(F34:W34) | Y34: =Y10 | Z34: =X34-Y34 | AA34: =MAX(0,25-Z34)*1.0 | AB34: 6 | AC34: 4 | AD34: 4 | AE34: 5 | AF34: 5 | AG34: 4 | AH34: 5 | AI34: 4 | AJ34: 5 | AK34: 5 | AL34: 3 | AM34: 3 | AN34: 5 | AO34: 5 | AP34: 5 | AQ34: 4 | AR34: 3 | AS34: 5 | AT34: =SUM(AB34:AS34) | AU34: =AU10 | AV34: =AT34-AU34 | AW34: =MAX(0,25-AV34)*1.0 | AX34: =AA34+AW34
A35: ND | B35: Martim Moreira | C35: 42985 | D35: Belas | E35: 8.3 | AA35: 0 | AW35: 0 | AX35: =AA35+AW35

Sheet vale_pisao
A1: PJA TOUR Vale Pisão
A2: Data: | B2: 2025-08-23
A3: Campo: | B3: Vale Pisão
A4: ccode/tcode: | B4: 125/10370+10371
A5: Link FPG: | B5: https://scoring.datagolf.pt/pt/Classifications.aspx?ccode=125&tcode=10370
A6: Multiplicador: | B6: 1
A7: Nota: | B7: Dia 1 (tcode 10370) + Dia 2 (tcode 10371) — 1 torneio só, 2 rondas. Foi registado pela FPG como 2 tcodes separados, mas a comissão técnica PJA conta como 1 torneio único.
A9: Pos | B9: Nome | C9: FedCode | D9: Clube | E9: HCP | F9: R1 h1 | G9: h2 | H9: h3 | I9: h4 | J9: h5 | K9: h6 | L9: h7 | M9: h8 | N9: h9 | O9: h10 | P9: h11 | Q9: h12 | R9: h13 | S9: h14 | T9: h15 | U9: h16 | V9: h17 | W9: h18 | X9: R1 Gross | Y9: R1 Par | Z9: R1 ToPar | AA9: R1 Pts | AB9: R2 h1 | AC9: h2 | AD9: h3 | AE9: h4 | AF9: h5 | AG9: h6 | AH9: h7 | AI9: h8 | AJ9: h9 | AK9: h10 | AL9: h11 | AM9: h12 | AN9: h13 | AO9: h14 | AP9: h15 | AQ9: h16 | AR9: h17 | AS9: h18 | AT9: R2 Gross | AU9: R2 Par | AV9: R2 ToPar | AW9: R2 Pts | AX9: Total Pts
A10: —Par— | F10: 5 | G10: 4 | H10: 4 | I10: 3 | J10: 5 | K10: 4 | L10: 3 | M10: 5 | N10: 4 | O10: 5 | P10: 4 | Q10: 4 | R10: 3 | S10: 5 | T10: 4 | U10: 3 | V10: 5 | W10: 4 | Y10: =SUM(F10:W10) | AB10: 5 | AC10: 4 | AD10: 4 | AE10: 3 | AF10: 5 | AG10: 4 | AH10: 3 | AI10: 5 | AJ10: 4 | AK10: 5 | AL10: 4 | AM10: 4 | AN10: 3 | AO10: 5 | AP10: 4 | AQ10: 3 | AR10: 5 | AS10: 4 | AU10: =SUM(AB10:AS10)
A11: —SI— | F11: 1 | G11: 9 | H11: 13 | I11: 11 | J11: 7 | K11: 15 | L11: 17 | M11: 5 | N11: 3 | O11: 2 | P11: 10 | Q11: 14 | R11: 12 | S11: 8 | T11: 16 | U11: 18 | V11: 6 | W11: 4 | AB11: 1 | AC11: 9 | AD11: 13 | AE11: 11 | AF11: 7 | AG11: 15 | AH11: 17 | AI11: 5 | AJ11: 3 | AK11: 2 | AL11: 10 | AM11: 14 | AN11: 12 | AO11: 8 | AP11: 16 | AQ11: 18 | AR11: 6 | AS11: 4
A12: 1 | B12: Ricardo Castro Ferreira | C12: 49085 | D12: Estoril | E12: 9 | F12: 4 | G12: 5 | H12: 4 | I12: 3 | J12: 4 | K12: 4 | L12: 3 | M12: 5 | N12: 5 | O12: 5 | P12: 4 | Q12: 4 | R12: 4 | S12: 5 | T12: 3 | U12: 2 | V12: 4 | W12: 4 | X12: =SUM(F12:W12) | Y12: =Y10 | Z12: =X12-Y12 | AA12: =MAX(0,25-Z12)*1.0 | AB12: 7 | AC12: 3 | AD12: 4 | AE12: 2 | AF12: 5 | AG12: 4 | AH12: 2 | AI12: 5 | AJ12: 4 | AK12: 5 | AL12: 5 | AM12: 4 | AN12: 3 | AO12: 4 | AP12: 4 | AQ12: 2 | AR12: 5 | AS12: 5 | AT12: =SUM(AB12:AS12) | AU12: =AU10 | AV12: =AT12-AU12 | AW12: =MAX(0,25-AV12)*1.0 | AX12: =AA12+AW12
A13: 2 | B13: Guo Ziyang | C13: 57904 | D13: Estoril | E13: 12.7 | F13: 5 | G13: 4 | H13: 5 | I13: 2 | J13: 5 | K13: 4 | L13: 4 | M13: 4 | N13: 5 | O13: 5 | P13: 4 | Q13: 5 | R13: 3 | S13: 4 | T13: 5 | U13: 2 | V13: 5 | W13: 4 | X13: =SUM(F13:W13) | Y13: =Y10 | Z13: =X13-Y13 | AA13: =MAX(0,25-Z13)*1.0 | AB13: 5 | AC13: 4 | AD13: 4 | AE13: 3 | AF13: 5 | AG13: 4 | AH13: 3 | AI13: 6 | AJ13: 4 | AK13: 7 | AL13: 7 | AM13: 4 | AN13: 2 | AO13: 6 | AP13: 4 | AQ13: 3 | AR13: 5 | AS13: 5 | AT13: =SUM(AB13:AS13) | AU13: =AU10 | AV13: =AT13-AU13 | AW13: =MAX(0,25-AV13)*1.0 | AX13: =AA13+AW13
A14: 3 | B14: Francisco Carvalho | C14: 52856 | D14: Vale Pisão | E14: 11.9 | F14: 5 | G14: 4 | H14: 4 | I14: 4 | J14: 6 | K14: 4 | L14: 3 | M14: 5 | N14: 5 | O14: 5 | P14: 4 | Q14: 3 | R14: 3 | S14: 5 | T14: 4 | U14: 3 | V14: 5 | W14: 5 | X14: =SUM(F14:W14) | Y14: =Y10 | Z14: =X14-Y14 | AA14: =MAX(0,25-Z14)*1.0 | AB14: 5 | AC14: 4 | AD14: 3 | AE14: 3 | AF14: 5 | AG14: 3 | AH14: 4 | AI14: 5 | AJ14: 5 | AK14: 5 | AL14: 4 | AM14: 4 | AN14: 2 | AO14: 5 | AP14: 4 | AQ14: 3 | AR14: 5 | AS14: 5 | AT14: =SUM(AB14:AS14) | AU14: =AU10 | AV14: =AT14-AU14 | AW14: =MAX(0,25-AV14)*1.0 | AX14: =AA14+AW14
A15: 4 | B15: Afonso de Sousa Pinto | C15: 46480 | D15: Oporto | E15: 12 | F15: 5 | G15: 4 | H15: 5 | I15: 4 | J15: 5 | K15: 4 | L15: 3 | M15: 5 | N15: 5 | O15: 5 | P15: 4 | Q15: 4 | R15: 3 | S15: 5 | T15: 4 | U15: 3 | V15: 5 | W15: 5 | X15: =SUM(F15:W15) | Y15: =Y10 | Z15: =X15-Y15 | AA15: =MAX(0,25-Z15)*1.0 | AB15: 7 | AC15: 3 | AD15: 4 | AE15: 3 | AF15: 5 | AG15: 4 | AH15: 2 | AI15: 5 | AJ15: 4 | AK15: 5 | AL15: 5 | AM15: 4 | AN15: 3 | AO15: 4 | AP15: 4 | AQ15: 3 | AR15: 5 | AS15: 5 | AT15: =SUM(AB15:AS15) | AU15: =AU10 | AV15: =AT15-AU15 | AW15: =MAX(0,25-AV15)*1.0 | AX15: =AA15+AW15
A16: 4 | B16: Tomás Rente | C16: 46311 | D16: Miramar | E16: 9.6 | F16: 5 | G16: 8 | H16: 4 | I16: 3 | J16: 7 | K16: 4 | L16: 4 | M16: 7 | N16: 4 | O16: 4 | P16: 4 | Q16: 5 | R16: 3 | S16: 4 | T16: 4 | U16: 3 | V16: 5 | W16: 4 | X16: =SUM(F16:W16) | Y16: =Y10 | Z16: =X16-Y16 | AA16: =MAX(0,25-Z16)*1.0 | AW16: 0 | AX16: =AA16+AW16
A17: 5 | B17: Valentin Bonnet | D17: Internacional | E17: 15.8 | F17: 5 | G17: 4 | H17: 4 | I17: 3 | J17: 5 | K17: 4 | L17: 3 | M17: 7 | N17: 6 | O17: 5 | P17: 5 | Q17: 5 | R17: 2 | S17: 7 | T17: 5 | U17: 3 | V17: 5 | W17: 6 | X17: =SUM(F17:W17) | Y17: =Y10 | Z17: =X17-Y17 | AA17: =MAX(0,25-Z17)*1.0 | AB17: 7 | AC17: 4 | AD17: 5 | AE17: 3 | AF17: 6 | AG17: 3 | AH17: 3 | AI17: 7 | AJ17: 4 | AK17: 6 | AL17: 5 | AM17: 4 | AN17: 3 | AO17: 8 | AP17: 4 | AQ17: 4 | AR17: 5 | AS17: 6 | AT17: =SUM(AB17:AS17) | AU17: =AU10 | AV17: =AT17-AU17 | AW17: =MAX(0,25-AV17)*1.0 | AX17: =AA17+AW17
A18: 6 | B18: Manuel Goulartt Medeiros | C18: 52884 | D18: Santo da Serra | E18: 9.9 | F18: 6 | G18: 4 | H18: 4 | I18: 3 | J18: 6 | K18: 4 | L18: 3 | M18: 6 | N18: 6 | O18: 5 | P18: 4 | Q18: 5 | R18: 4 | S18: 6 | T18: 4 | U18: 4 | V18: 5 | W18: 6 | X18: =SUM(F18:W18) | Y18: =Y10 | Z18: =X18-Y18 | AA18: =MAX(0,25-Z18)*1.0 | AB18: 8 | AC18: 5 | AD18: 4 | AE18: 3 | AF18: 5 | AG18: 4 | AH18: 3 | AI18: 5 | AJ18: 5 | AK18: 6 | AL18: 4 | AM18: 4 | AN18: 4 | AO18: 6 | AP18: 4 | AQ18: 4 | AR18: 5 | AS18: 6 | AT18: =SUM(AB18:AS18) | AU18: =AU10 | AV18: =AT18-AU18 | AW18: =MAX(0,25-AV18)*1.0 | AX18: =AA18+AW18
A19: 7 | B19: Marc Costa | C19: 46308 | D19: Citynorte | E19: 12.3 | F19: 5 | G19: 5 | H19: 4 | I19: 3 | J19: 5 | K19: 6 | L19: 3 | M19: 8 | N19: 5 | O19: 7 | P19: 7 | Q19: 4 | R19: 3 | S19: 8 | T19: 8 | U19: 4 | V19: 9 | W19: 5 | X19: =SUM(F19:W19) | Y19: =Y10 | Z19: =X19-Y19 | AA19: =MAX(0,25-Z19)*1.0 | AB19: 6 | AC19: 7 | AD19: 4 | AE19: 3 | AF19: 5 | AG19: 4 | AH19: 3 | AI19: 7 | AJ19: 5 | AK19: 7 | AL19: 5 | AM19: 4 | AN19: 3 | AO19: 5 | AP19: 4 | AQ19: 2 | AR19: 7 | AS19: 5 | AT19: =SUM(AB19:AS19) | AU19: =AU10 | AV19: =AT19-AU19 | AW19: =MAX(0,25-AV19)*1.0 | AX19: =AA19+AW19

Sheet race_to_dunas
A1: PJA Race to Dunas
A2: Data: | B2: 2025-09-12
A3: Campo: | B3: Comporta — Torre Golf
A4: ccode/tcode: | B4: 192/10013
A5: Link FPG: | B5: https://scoring.datagolf.pt/pt/Classifications.aspx?ccode=192&tcode=10013
A6: Multiplicador: | B6: 1
A7: Nota: | B7: NÃO é a Grande Final — torneio regular ×1.0
A9: Pos | B9: Nome | C9: FedCode | D9: Clube | E9: HCP | F9: R1 h1 | G9: h2 | H9: h3 | I9: h4 | J9: h5 | K9: h6 | L9: h7 | M9: h8 | N9: h9 | O9: h10 | P9: h11 | Q9: h12 | R9: h13 | S9: h14 | T9: h15 | U9: h16 | V9: h17 | W9: h18 | X9: R1 Gross | Y9: R1 Par | Z9: R1 ToPar | AA9: R1 Pts | AB9: R2 h1 | AC9: h2 | AD9: h3 | AE9: h4 | AF9: h5 | AG9: h6 | AH9: h7 | AI9: h8 | AJ9: h9 | AK9: h10 | AL9: h11 | AM9: h12 | AN9: h13 | AO9: h14 | AP9: h15 | AQ9: h16 | AR9: h17 | AS9: h18 | AT9: R2 Gross | AU9: R2 Par | AV9: R2 ToPar | AW9: R2 Pts | AX9: Total Pts
A10: —Par— | F10: 4 | G10: 5 | H10: 4 | I10: 4 | J10: 3 | K10: 4 | L10: 3 | M10: 4 | N10: 5 | O10: 4 | P10: 5 | Q10: 4 | R10: 3 | S10: 4 | T10: 5 | U10: 4 | V10: 3 | W10: 4 | Y10: =SUM(F10:W10) | AB10: 4 | AC10: 5 | AD10: 4 | AE10: 4 | AF10: 3 | AG10: 4 | AH10: 3 | AI10: 4 | AJ10: 5 | AK10: 4 | AL10: 5 | AM10: 4 | AN10: 3 | AO10: 4 | AP10: 5 | AQ10: 4 | AR10: 3 | AS10: 4 | AU10: =SUM(AB10:AS10)
A11: —SI— | F11: 13 | G11: 9 | H11: 5 | I11: 15 | J11: 17 | K11: 1 | L11: 11 | M11: 3 | N11: 7 | O11: 16 | P11: 8 | Q11: 12 | R11: 18 | S11: 4 | T11: 14 | U11: 10 | V11: 6 | W11: 2 | AB11: 13 | AC11: 9 | AD11: 5 | AE11: 15 | AF11: 17 | AG11: 1 | AH11: 11 | AI11: 3 | AJ11: 7 | AK11: 16 | AL11: 8 | AM11: 12 | AN11: 18 | AO11: 4 | AP11: 14 | AQ11: 10 | AR11: 6 | AS11: 2
A12: 1 | B12: João Setúbal | C12: 43732 | D12: Vilamoura, C. G | E12: 2.7 | F12: 4 | G12: 5 | H12: 5 | I12: 4 | J12: 4 | K12: 4 | L12: 4 | M12: 3 | N12: 4 | O12: 5 | P12: 5 | Q12: 4 | R12: 2 | S12: 4 | T12: 4 | U12: 3 | V12: 3 | W12: 4 | X12: =SUM(F12:W12) | Y12: =Y10 | Z12: =X12-Y12 | AA12: =MAX(0,25-Z12)*1.0 | AB12: 5 | AC12: 7 | AD12: 4 | AE12: 4 | AF12: 3 | AG12: 5 | AH12: 4 | AI12: 4 | AJ12: 7 | AK12: 3 | AL12: 5 | AM12: 3 | AN12: 3 | AO12: 4 | AP12: 5 | AQ12: 5 | AR12: 4 | AS12: 4 | AT12: =SUM(AB12:AS12) | AU12: =AU10 | AV12: =AT12-AU12 | AW12: =MAX(0,25-AV12)*1.0 | AX12: =AA12+AW12
A13: 2 | B13: Angelina Gao | C13: 51523 | D13: Quinta do Peru | E13: 5.5 | F13: 3 | G13: 4 | H13: 4 | I13: 4 | J13: 2 | K13: 5 | L13: 5 | M13: 4 | N13: 5 | O13: 4 | P13: 5 | Q13: 4 | R13: 3 | S13: 5 | T13: 5 | U13: 4 | V13: 3 | W13: 4 | X13: =SUM(F13:W13) | Y13: =Y10 | Z13: =X13-Y13 | AA13: =MAX(0,25-Z13)*1.0 | AB13: 5 | AC13: 5 | AD13: 4 | AE13: 4 | AF13: 3 | AG13: 5 | AH13: 3 | AI13: 4 | AJ13: 4 | AK13: 4 | AL13: 4 | AM13: 5 | AN13: 3 | AO13: 4 | AP13: 5 | AQ13: 4 | AR13: 3 | AS13: 4 | AT13: =SUM(AB13:AS13) | AU13: =AU10 | AV13: =AT13-AU13 | AW13: =MAX(0,25-AV13)*1.0 | AX13: =AA13+AW13
A14: 3 | B14: Ricardo Castro Ferreira | C14: 49085 | D14: Estoril | E14: 8.1 | F14: 4 | G14: 4 | H14: 4 | I14: 4 | J14: 3 | K14: 4 | L14: 4 | M14: 4 | N14: 5 | O14: 5 | P14: 5 | Q14: 4 | R14: 3 | S14: 4 | T14: 4 | U14: 5 | V14: 3 | W14: 5 | X14: =SUM(F14:W14) | Y14: =Y10 | Z14: =X14-Y14 | AA14: =MAX(0,25-Z14)*1.0 | AB14: 4 | AC14: 7 | AD14: 4 | AE14: 4 | AF14: 2 | AG14: 4 | AH14: 4 | AI14: 4 | AJ14: 6 | AK14: 4 | AL14: 6 | AM14: 4 | AN14: 3 | AO14: 5 | AP14: 6 | AQ14: 4 | AR14: 4 | AS14: 5 | AT14: =SUM(AB14:AS14) | AU14: =AU10 | AV14: =AT14-AU14 | AW14: =MAX(0,25-AV14)*1.0 | AX14: =AA14+AW14
A15: 4 | B15: Nuno Palmares Jr. | C15: 49124 | D15: Estoril | E15: 6.2 | F15: 4 | G15: 5 | H15: 4 | I15: 4 | J15: 3 | K15: 5 | L15: 3 | M15: 5 | N15: 6 | O15: 4 | P15: 5 | Q15: 4 | R15: 3 | S15: 4 | T15: 5 | U15: 3 | V15: 3 | W15: 5 | X15: =SUM(F15:W15) | Y15: =Y10 | Z15: =X15-Y15 | AA15: =MAX(0,25-Z15)*1.0 | AB15: 5 | AC15: 5 | AD15: 4 | AE15: 4 | AF15: 3 | AG15: 4 | AH15: 3 | AI15: 3 | AJ15: 6 | AK15: 4 | AL15: 5 | AM15: 4 | AN15: 3 | AO15: 5 | AP15: 6 | AQ15: 3 | AR15: 4 | AS15: 5 | AT15: =SUM(AB15:AS15) | AU15: =AU10 | AV15: =AT15-AU15 | AW15: =MAX(0,25-AV15)*1.0 | AX15: =AA15+AW15
A16: 5 | B16: Rodrigo Sousa Correia | C16: 44934 | D16: Vilamoura, C. G | E16: 2.9 | F16: 5 | G16: 4 | H16: 7 | I16: 3 | J16: 4 | K16: 4 | L16: 4 | M16: 4 | N16: 6 | O16: 4 | P16: 5 | Q16: 4 | R16: 4 | S16: 3 | T16: 4 | U16: 4 | V16: 4 | W16: 4 | X16: =SUM(F16:W16) | Y16: =Y10 | Z16: =X16-Y16 | AA16: =MAX(0,25-Z16)*1.0 | AB16: 5 | AC16: 5 | AD16: 4 | AE16: 4 | AF16: 4 | AG16: 4 | AH16: 4 | AI16: 5 | AJ16: 5 | AK16: 4 | AL16: 5 | AM16: 5 | AN16: 3 | AO16: 4 | AP16: 5 | AQ16: 4 | AR16: 3 | AS16: 3 | AT16: =SUM(AB16:AS16) | AU16: =AU10 | AV16: =AT16-AU16 | AW16: =MAX(0,25-AV16)*1.0 | AX16: =AA16+AW16
A17: 6 | B17: Filipe Pinheiro | C17: 46591 | D17: Belas | E17: 3.2 | F17: 4 | G17: 5 | H17: 6 | I17: 4 | J17: 3 | K17: 5 | L17: 4 | M17: 4 | N17: 5 | O17: 4 | P17: 6 | Q17: 4 | R17: 3 | S17: 4 | T17: 4 | U17: 5 | V17: 3 | W17: 4 | X17: =SUM(F17:W17) | Y17: =Y10 | Z17: =X17-Y17 | AA17: =MAX(0,25-Z17)*1.0 | AB17: 5 | AC17: 5 | AD17: 5 | AE17: 6 | AF17: 4 | AG17: 5 | AH17: 3 | AI17: 5 | AJ17: 5 | AK17: 4 | AL17: 5 | AM17: 5 | AN17: 3 | AO17: 4 | AP17: 4 | AQ17: 4 | AR17: 3 | AS17: 4 | AT17: =SUM(AB17:AS17) | AU17: =AU10 | AV17: =AT17-AU17 | AW17: =MAX(0,25-AV17)*1.0 | AX17: =AA17+AW17
A18: 7 | B18: João Maria Ivo De Carvalho | C18: 38334 | D18: Vilamoura, C. G | E18: -1.2 | F18: 4 | G18: 5 | H18: 4 | I18: 3 | J18: 4 | K18: 5 | L18: 4 | M18: 4 | N18: 5 | O18: 5 | P18: 5 | Q18: 3 | R18: 4 | S18: 5 | T18: 5 | U18: 4 | V18: 3 | W18: 5 | X18: =SUM(F18:W18) | Y18: =Y10 | Z18: =X18-Y18 | AA18: =MAX(0,25-Z18)*1.0 | AB18: 5 | AC18: 4 | AD18: 5 | AE18: 3 | AF18: 3 | AG18: 5 | AH18: 2 | AI18: 5 | AJ18: 5 | AK18: 5 | AL18: 5 | AM18: 5 | AN18: 3 | AO18: 5 | AP18: 4 | AQ18: 3 | AR18: 3 | AS18: 5 | AT18: =SUM(AB18:AS18) | AU18: =AU10 | AV18: =AT18-AU18 | AW18: =MAX(0,25-AV18)*1.0 | AX18: =AA18+AW18
A19: 8 | B19: Rodrigo Faria Constantino | C19: 45278 | D19: Belas | E19: 3.8 | F19: 7 | G19: 5 | H19: 4 | I19: 4 | J19: 4 | K19: 4 | L19: 2 | M19: 4 | N19: 4 | O19: 4 | P19: 5 | Q19: 4 | R19: 4 | S19: 3 | T19: 5 | U19: 4 | V19: 5 | W19: 5 | X19: =SUM(F19:W19) | Y19: =Y10 | Z19: =X19-Y19 | AA19: =MAX(0,25-Z19)*1.0 | AB19: 4 | AC19: 5 | AD19: 4 | AE19: 4 | AF19: 6 | AG19: 6 | AH19: 4 | AI19: 5 | AJ19: 5 | AK19: 5 | AL19: 4 | AM19: 4 | AN19: 4 | AO19: 4 | AP19: 5 | AQ19: 6 | AR19: 3 | AS19: 4 | AT19: =SUM(AB19:AS19) | AU19: =AU10 | AV19: =AT19-AU19 | AW19: =MAX(0,25-AV19)*1.0 | AX19: =AA19+AW19
A20: 9 | B20: Clara Trindade | C20: 45812 | D20: Belas | E20: 9.6 | F20: 5 | G20: 6 | H20: 4 | I20: 4 | J20: 4 | K20: 5 | L20: 3 | M20: 4 | N20: 6 | O20: 3 | P20: 5 | Q20: 5 | R20: 5 | S20: 4 | T20: 5 | U20: 3 | V20: 3 | W20: 4 | X20: =SUM(F20:W20) | Y20: =Y10 | Z20: =X20-Y20 | AA20: =MAX(0,25-Z20)*1.0 | AB20: 5 | AC20: 6 | AD20: 4 | AE20: 4 | AF20: 3 | AG20: 5 | AH20: 8 | AI20: 4 | AJ20: 7 | AK20: 4 | AL20: 5 | AM20: 3 | AN20: 6 | AO20: 5 | AP20: 5 | AQ20: 4 | AR20: 4 | AS20: 5 | AT20: =SUM(AB20:AS20) | AU20: =AU10 | AV20: =AT20-AU20 | AW20: =MAX(0,25-AV20)*1.0 | AX20: =AA20+AW20
A21: 10 | B21: Guo Ziyang | C21: 57904 | D21: Estoril | E21: 11.6 | F21: 4 | G21: 7 | H21: 4 | I21: 4 | J21: 3 | K21: 5 | L21: 4 | M21: 4 | N21: 7 | O21: 4 | P21: 5 | Q21: 4 | R21: 3 | S21: 5 | T21: 5 | U21: 4 | V21: 3 | W21: 4 | X21: =SUM(F21:W21) | Y21: =Y10 | Z21: =X21-Y21 | AA21: =MAX(0,25-Z21)*1.0 | AB21: 5 | AC21: 5 | AD21: 4 | AE21: 5 | AF21: 4 | AG21: 4 | AH21: 3 | AI21: 7 | AJ21: 5 | AK21: 3 | AL21: 4 | AM21: 5 | AN21: 3 | AO21: 4 | AP21: 4 | AQ21: 4 | AR21: 3 | AS21: 4 | AT21: =SUM(AB21:AS21) | AU21: =AU10 | AV21: =AT21-AU21 | AW21: =MAX(0,25-AV21)*1.0 | AX21: =AA21+AW21
A22: 11 | B22: Pedro Costa Alemão | C22: 46706 | D22: Estoril | E22: 3.7 | F22: 4 | G22: 5 | H22: 5 | I22: 4 | J22: 3 | K22: 4 | L22: 4 | M22: 5 | N22: 5 | O22: 6 | P22: 6 | Q22: 6 | R22: 2 | S22: 5 | T22: 5 | U22: 4 | V22: 4 | W22: 4 | X22: =SUM(F22:W22) | Y22: =Y10 | Z22: =X22-Y22 | AA22: =MAX(0,25-Z22)*1.0 | AB22: 4 | AC22: 5 | AD22: 3 | AE22: 3 | AF22: 3 | AG22: 6 | AH22: 3 | AI22: 4 | AJ22: 5 | AK22: 3 | AL22: 5 | AM22: 4 | AN22: 3 | AO22: 5 | AP22: 5 | AQ22: 5 | AR22: 3 | AS22: 5 | AT22: =SUM(AB22:AS22) | AU22: =AU10 | AV22: =AT22-AU22 | AW22: =MAX(0,25-AV22)*1.0 | AX22: =AA22+AW22
A23: 12 | B23: João Rocha | C23: 48297 | D23: Estoril | E23: 6.3 | F23: 5 | G23: 6 | H23: 5 | I23: 3 | J23: 2 | K23: 3 | L23: 4 | M23: 5 | N23: 5 | O23: 6 | P23: 5 | Q23: 6 | R23: 4 | S23: 5 | T23: 5 | U23: 4 | V23: 3 | W23: 5 | X23: =SUM(F23:W23) | Y23: =Y10 | Z23: =X23-Y23 | AA23: =MAX(0,25-Z23)*1.0 | AB23: 4 | AC23: 5 | AD23: 5 | AE23: 4 | AF23: 5 | AG23: 6 | AH23: 3 | AI23: 5 | AJ23: 5 | AK23: 4 | AL23: 4 | AM23: 4 | AN23: 3 | AO23: 5 | AP23: 5 | AQ23: 4 | AR23: 3 | AS23: 4 | AT23: =SUM(AB23:AS23) | AU23: =AU10 | AV23: =AT23-AU23 | AW23: =MAX(0,25-AV23)*1.0 | AX23: =AA23+AW23
A24: 13 | B24: Francisco Carvalho | C24: 52856 | D24: Vale Pisão | E24: 10.3 | F24: 4 | G24: 5 | H24: 5 | I24: 4 | J24: 3 | K24: 6 | L24: 3 | M24: 4 | N24: 7 | O24: 4 | P24: 5 | Q24: 4 | R24: 3 | S24: 5 | T24: 5 | U24: 6 | V24: 4 | W24: 5 | X24: =SUM(F24:W24) | Y24: =Y10 | Z24: =X24-Y24 | AA24: =MAX(0,25-Z24)*1.0 | AB24: 4 | AC24: 5 | AD24: 4 | AE24: 4 | AF24: 3 | AG24: 4 | AH24: 3 | AI24: 5 | AJ24: 7 | AK24: 5 | AL24: 5 | AM24: 5 | AN24: 3 | AO24: 5 | AP24: 6 | AQ24: 6 | AR24: 4 | AS24: 5 | AT24: =SUM(AB24:AS24) | AU24: =AU10 | AV24: =AT24-AU24 | AW24: =MAX(0,25-AV24)*1.0 | AX24: =AA24+AW24
A25: 14 | B25: Salvador Ivo De Carvalho | C25: 43968 | D25: Vilamoura, C. G | E25: 8.2 | F25: 5 | G25: 5 | H25: 4 | I25: 4 | J25: 4 | K25: 5 | L25: 3 | M25: 5 | N25: 5 | O25: 4 | P25: 6 | Q25: 4 | R25: 3 | S25: 7 | T25: 5 | U25: 6 | V25: 3 | W25: 4 | X25: =SUM(F25:W25) | Y25: =Y10 | Z25: =X25-Y25 | AA25: =MAX(0,25-Z25)*1.0 | AB25: 5 | AC25: 5 | AD25: 6 | AE25: 4 | AF25: 3 | AG25: 4 | AH25: 3 | AI25: 6 | AJ25: 6 | AK25: 5 | AL25: 6 | AM25: 4 | AN25: 4 | AO25: 6 | AP25: 6 | AQ25: 4 | AR25: 4 | AS25: 5 | AT25: =SUM(AB25:AS25) | AU25: =AU10 | AV25: =AT25-AU25 | AW25: =MAX(0,25-AV25)*1.0 | AX25: =AA25+AW25
A26: 15 | B26: Rafael Gonçales Benesi | C26: 54774 | D26: Estoril | E26: 5.8 | F26: 5 | G26: 5 | H26: 6 | I26: 4 | J26: 4 | K26: 6 | L26: 4 | M26: 4 | N26: 5 | O26: 6 | P26: 6 | Q26: 4 | R26: 3 | S26: 5 | T26: 5 | U26: 5 | V26: 3 | W26: 4 | X26: =SUM(F26:W26) | Y26: =Y10 | Z26: =X26-Y26 | AA26: =MAX(0,25-Z26)*1.0 | AB26: 4 | AC26: 5 | AD26: 3 | AE26: 4 | AF26: 4 | AG26: 4 | AH26: 5 | AI26: 4 | AJ26: 4 | AK26: 4 | AL26: 5 | AM26: 4 | AN26: 3 | AO26: 7 | AP26: 4 | AQ26: 6 | AR26: 4 | AS26: 5 | AT26: =SUM(AB26:AS26) | AU26: =AU10 | AV26: =AT26-AU26 | AW26: =MAX(0,25-AV26)*1.0 | AX26: =AA26+AW26
A27: 16 | B27: Manuel Goulartt Medeiros | C27: 52884 | D27: Santo da Serra | E27: 9.6 | F27: 4 | G27: 6 | H27: 5 | I27: 3 | J27: 4 | K27: 5 | L27: 3 | M27: 6 | N27: 6 | O27: 5 | P27: 5 | Q27: 5 | R27: 4 | S27: 6 | T27: 4 | U27: 5 | V27: 3 | W27: 5 | X27: =SUM(F27:W27) | Y27: =Y10 | Z27: =X27-Y27 | AA27: =MAX(0,25-Z27)*1.0 | AB27: 3 | AC27: 7 | AD27: 4 | AE27: 6 | AF27: 4 | AG27: 5 | AH27: 3 | AI27: 3 | AJ27: 5 | AK27: 4 | AL27: 5 | AM27: 6 | AN27: 3 | AO27: 5 | AP27: 5 | AQ27: 5 | AR27: 3 | AS27: 4 | AT27: =SUM(AB27:AS27) | AU27: =AU10 | AV27: =AT27-AU27 | AW27: =MAX(0,25-AV27)*1.0 | AX27: =AA27+AW27
A28: 17 | B28: Diogo Sequeira | C28: 56654 | D28: Quinta do Peru | E28: 6.4 | F28: 5 | G28: 6 | H28: 4 | I28: 5 | J28: 4 | K28: 5 | L28: 3 | M28: 5 | N28: 5 | O28: 4 | P28: 5 | Q28: 4 | R28: 3 | S28: 5 | T28: 5 | U28: 6 | V28: 4 | W28: 6 | X28: =SUM(F28:W28) | Y28: =Y10 | Z28: =X28-Y28 | AA28: =MAX(0,25-Z28)*1.0 | AB28: 6 | AC28: 5 | AD28: 5 | AE28: 4 | AF28: 3 | AG28: 5 | AH28: 3 | AI28: 5 | AJ28: 6 | AK28: 6 | AL28: 5 | AM28: 3 | AN28: 3 | AO28: 5 | AP28: 5 | AQ28: 4 | AR28: 4 | AS28: 6 | AT28: =SUM(AB28:AS28) | AU28: =AU10 | AV28: =AT28-AU28 | AW28: =MAX(0,25-AV28)*1.0 | AX28: =AA28+AW28
A29: 18 | B29: William Gao | C29: 51524 | D29: Quinta do Peru | E29: 9.5 | F29: 4 | G29: 6 | H29: 6 | I29: 6 | J29: 3 | K29: 6 | L29: 2 | M29: 4 | N29: 6 | O29: 4 | P29: 6 | Q29: 7 | R29: 3 | S29: 4 | T29: 5 | U29: 4 | V29: 4 | W29: 6 | X29: =SUM(F29:W29) | Y29: =Y10 | Z29: =X29-Y29 | AA29: =MAX(0,25-Z29)*1.0 | AB29: 5 | AC29: 5 | AD29: 4 | AE29: 4 | AF29: 4 | AG29: 6 | AH29: 2 | AI29: 5 | AJ29: 5 | AK29: 5 | AL29: 6 | AM29: 4 | AN29: 3 | AO29: 5 | AP29: 6 | AQ29: 5 | AR29: 3 | AS29: 7 | AT29: =SUM(AB29:AS29) | AU29: =AU10 | AV29: =AT29-AU29 | AW29: =MAX(0,25-AV29)*1.0 | AX29: =AA29+AW29
A30: 19 | B30: Luís Pinheiro Jr. | C30: 46590 | D30: Belas | E30: 19.3 | F30: 5 | G30: 6 | H30: 6 | I30: 7 | J30: 4 | K30: 6 | L30: 4 | M30: 6 | N30: 6 | O30: 15 | P30: 6 | Q30: 8 | R30: 3 | S30: 5 | T30: 5 | U30: 4 | V30: 2 | W30: 6 | X30: =SUM(F30:W30) | Y30: =Y10 | Z30: =X30-Y30 | AA30: =MAX(0,25-Z30)*1.0 | AB30: 5 | AC30: 6 | AD30: 3 | AE30: 5 | AF30: 5 | AG30: 5 | AH30: 4 | AI30: 5 | AJ30: 6 | AK30: 4 | AL30: 7 | AM30: 6 | AN30: 5 | AO30: 4 | AP30: 6 | AQ30: 4 | AR30: 3 | AS30: 5 | AT30: =SUM(AB30:AS30) | AU30: =AU10 | AV30: =AT30-AU30 | AW30: =MAX(0,25-AV30)*1.0 | AX30: =AA30+AW30
A31: NS | B31: David Filip | D31: Lisbon SC | E31: 10.7 | AA31: 0 | AW31: 0 | AX31: =AA31+AW31

Sheet troia
A1: PJA Tour Troia
A2: Data: | B2: 2025-10-24
A3: Campo: | B3: Troia Golf
A4: ccode/tcode: | B4: 017/10189
A5: Link FPG: | B5: https://scoring.datagolf.pt/pt/Classifications.aspx?ccode=017&tcode=10189
A6: Multiplicador: | B6: 1
A9: Pos | B9: Nome | C9: FedCode | D9: Clube | E9: HCP | F9: R1 h1 | G9: h2 | H9: h3 | I9: h4 | J9: h5 | K9: h6 | L9: h7 | M9: h8 | N9: h9 | O9: h10 | P9: h11 | Q9: h12 | R9: h13 | S9: h14 | T9: h15 | U9: h16 | V9: h17 | W9: h18 | X9: R1 Gross | Y9: R1 Par | Z9: R1 ToPar | AA9: R1 Pts | AB9: R2 h1 | AC9: h2 | AD9: h3 | AE9: h4 | AF9: h5 | AG9: h6 | AH9: h7 | AI9: h8 | AJ9: h9 | AK9: h10 | AL9: h11 | AM9: h12 | AN9: h13 | AO9: h14 | AP9: h15 | AQ9: h16 | AR9: h17 | AS9: h18 | AT9: R2 Gross | AU9: R2 Par | AV9: R2 ToPar | AW9: R2 Pts | AX9: Total Pts
A10: —Par— | F10: 5 | G10: 3 | H10: 4 | I10: 3 | J10: 4 | K10: 4 | L10: 5 | M10: 4 | N10: 4 | O10: 4 | P10: 3 | Q10: 4 | R10: 4 | S10: 5 | T10: 4 | U10: 4 | V10: 3 | W10: 5 | Y10: =SUM(F10:W10) | AB10: 5 | AC10: 3 | AD10: 4 | AE10: 3 | AF10: 4 | AG10: 4 | AH10: 5 | AI10: 4 | AJ10: 4 | AK10: 4 | AL10: 3 | AM10: 4 | AN10: 4 | AO10: 5 | AP10: 4 | AQ10: 4 | AR10: 3 | AS10: 5 | AU10: =SUM(AB10:AS10)
A11: —SI— | F11: 9 | G11: 13 | H11: 7 | I11: 15 | J11: 3 | K11: 1 | L11: 11 | M11: 17 | N11: 5 | O11: 12 | P11: 18 | Q11: 6 | R11: 14 | S11: 4 | T11: 2 | U11: 10 | V11: 16 | W11: 8 | AB11: 9 | AC11: 13 | AD11: 7 | AE11: 15 | AF11: 3 | AG11: 1 | AH11: 11 | AI11: 17 | AJ11: 5 | AK11: 12 | AL11: 18 | AM11: 6 | AN11: 14 | AO11: 4 | AP11: 2 | AQ11: 10 | AR11: 16 | AS11: 8
A12: 1 | B12: João Setúbal | C12: 43732 | D12: Vilamoura, C. G | E12: 1.8 | F12: 4 | G12: 4 | H12: 3 | I12: 3 | J12: 3 | K12: 4 | L12: 3 | M12: 3 | N12: 3 | O12: 7 | P12: 3 | Q12: 4 | R12: 5 | S12: 7 | T12: 4 | U12: 5 | V12: 3 | W12: 5 | X12: =SUM(F12:W12) | Y12: =Y10 | Z12: =X12-Y12 | AA12: =MAX(0,25-Z12)*1.0 | AB12: 5 | AC12: 3 | AD12: 4 | AE12: 3 | AF12: 4 | AG12: 5 | AH12: 5 | AI12: 4 | AJ12: 5 | AK12: 4 | AL12: 4 | AM12: 4 | AN12: 4 | AO12: 6 | AP12: 5 | AQ12: 4 | AR12: 3 | AS12: 6 | AT12: =SUM(AB12:AS12) | AU12: =AU10 | AV12: =AT12-AU12 | AW12: =MAX(0,25-AV12)*1.0 | AX12: =AA12+AW12
A13: 2 | B13: Santiago Dias | C13: 42908 | D13: Oporto | E13: 0.1 | F13: 5 | G13: 4 | H13: 4 | I13: 3 | J13: 5 | K13: 5 | L13: 5 | M13: 3 | N13: 4 | O13: 4 | P13: 3 | Q13: 4 | R13: 4 | S13: 4 | T13: 4 | U13: 5 | V13: 3 | W13: 4 | X13: =SUM(F13:W13) | Y13: =Y10 | Z13: =X13-Y13 | AA13: =MAX(0,25-Z13)*1.0 | AB13: 6 | AC13: 4 | AD13: 3 | AE13: 4 | AF13: 5 | AG13: 4 | AH13: 5 | AI13: 5 | AJ13: 4 | AK13: 6 | AL13: 4 | AM13: 5 | AN13: 4 | AO13: 7 | AP13: 4 | AQ13: 4 | AR13: 3 | AS13: 5 | AT13: =SUM(AB13:AS13) | AU13: =AU10 | AV13: =AT13-AU13 | AW13: =MAX(0,25-AV13)*1.0 | AX13: =AA13+AW13
A14: 3 | B14: André Castro Mendes | C14: 55056 | D14: Oitavos | E14: 4.8 | F14: 5 | G14: 3 | H14: 4 | I14: 4 | J14: 4 | K14: 5 | L14: 6 | M14: 4 | N14: 3 | O14: 3 | P14: 4 | Q14: 4 | R14: 4 | S14: 5 | T14: 5 | U14: 4 | V14: 3 | W14: 5 | X14: =SUM(F14:W14) | Y14: =Y10 | Z14: =X14-Y14 | AA14: =MAX(0,25-Z14)*1.0 | AB14: 6 | AC14: 3 | AD14: 4 | AE14: 5 | AF14: 4 | AG14: 5 | AH14: 5 | AI14: 4 | AJ14: 4 | AK14: 7 | AL14: 2 | AM14: 5 | AN14: 3 | AO14: 7 | AP14: 4 | AQ14: 6 | AR14: 3 | AS14: 7 | AT14: =SUM(AB14:AS14) | AU14: =AU10 | AV14: =AT14-AU14 | AW14: =MAX(0,25-AV14)*1.0 | AX14: =AA14+AW14
A15: 4 | B15: Nuno Palmares Jr. | C15: 49124 | D15: Estoril | E15: 5 | F15: 5 | G15: 3 | H15: 4 | I15: 2 | J15: 4 | K15: 6 | L15: 5 | M15: 5 | N15: 4 | O15: 4 | P15: 3 | Q15: 3 | R15: 4 | S15: 7 | T15: 4 | U15: 4 | V15: 5 | W15: 6 | X15: =SUM(F15:W15) | Y15: =Y10 | Z15: =X15-Y15 | AA15: =MAX(0,25-Z15)*1.0 | AB15: 5 | AC15: 3 | AD15: 4 | AE15: 3 | AF15: 5 | AG15: 5 | AH15: 5 | AI15: 6 | AJ15: 4 | AK15: 4 | AL15: 3 | AM15: 4 | AN15: 4 | AO15: 5 | AP15: 5 | AQ15: 5 | AR15: 3 | AS15: 5 | AT15: =SUM(AB15:AS15) | AU15: =AU10 | AV15: =AT15-AU15 | AW15: =MAX(0,25-AV15)*1.0 | AX15: =AA15+AW15
A16: 5 | B16: Rodrigo Sousa Correia | C16: 44934 | D16: Vilamoura, C. G | E16: 2.5 | F16: 4 | G16: 3 | H16: 5 | I16: 3 | J16: 4 | K16: 5 | L16: 4 | M16: 3 | N16: 4 | O16: 5 | P16: 4 | Q16: 5 | R16: 4 | S16: 5 | T16: 7 | U16: 5 | V16: 3 | W16: 5 | X16: =SUM(F16:W16) | Y16: =Y10 | Z16: =X16-Y16 | AA16: =MAX(0,25-Z16)*1.0 | AB16: 4 | AC16: 3 | AD16: 4 | AE16: 3 | AF16: 4 | AG16: 5 | AH16: 4 | AI16: 4 | AJ16: 5 | AK16: 4 | AL16: 4 | AM16: 5 | AN16: 5 | AO16: 4 | AP16: 5 | AQ16: 3 | AR16: 3 | AS16: 4 | AT16: =SUM(AB16:AS16) | AU16: =AU10 | AV16: =AT16-AU16 | AW16: =MAX(0,25-AV16)*1.0 | AX16: =AA16+AW16
A17: 6 | B17: Clara Trindade | C17: 45812 | D17: Belas | E17: 8.4 | F17: 7 | G17: 3 | H17: 4 | I17: 4 | J17: 5 | K17: 5 | L17: 6 | M17: 4 | N17: 3 | O17: 5 | P17: 4 | Q17: 5 | R17: 3 | S17: 4 | T17: 4 | U17: 5 | V17: 3 | W17: 5 | X17: =SUM(F17:W17) | Y17: =Y10 | Z17: =X17-Y17 | AA17: =MAX(0,25-Z17)*1.0 | AB17: 7 | AC17: 4 | AD17: 5 | AE17: 4 | AF17: 5 | AG17: 7 | AH17: 5 | AI17: 4 | AJ17: 4 | AK17: 5 | AL17: 3 | AM17: 6 | AN17: 5 | AO17: 6 | AP17: 6 | AQ17: 6 | AR17: 3 | AS17: 6 | AT17: =SUM(AB17:AS17) | AU17: =AU10 | AV17: =AT17-AU17 | AW17: =MAX(0,25-AV17)*1.0 | AX17: =AA17+AW17
A18: 7 | B18: Guo Ziyang | C18: 57904 | D18: Estoril | E18: 10.9 | F18: 5 | G18: 3 | H18: 4 | I18: 2 | J18: 4 | K18: 5 | L18: 6 | M18: 5 | N18: 4 | O18: 4 | P18: 4 | Q18: 4 | R18: 6 | S18: 5 | T18: 4 | U18: 5 | V18: 4 | W18: 5 | X18: =SUM(F18:W18) | Y18: =Y10 | Z18: =X18-Y18 | AA18: =MAX(0,25-Z18)*1.0 | AB18: 7 | AC18: 3 | AD18: 5 | AE18: 7 | AF18: 5 | AG18: 4 | AH18: 5 | AI18: 4 | AJ18: 5 | AK18: 4 | AL18: 6 | AM18: 4 | AN18: 5 | AO18: 5 | AP18: 5 | AQ18: 6 | AR18: 4 | AS18: 5 | AT18: =SUM(AB18:AS18) | AU18: =AU10 | AV18: =AT18-AU18 | AW18: =MAX(0,25-AV18)*1.0 | AX18: =AA18+AW18
A19: 8 | B19: João Rocha | C19: 48297 | D19: Estoril | E19: 4.3 | F19: 6 | G19: 3 | H19: 4 | I19: 4 | J19: 3 | K19: 5 | L19: 5 | M19: 5 | N19: 4 | O19: 4 | P19: 4 | Q19: 4 | R19: 4 | S19: 6 | T19: 4 | U19: 4 | V19: 4 | W19: 6 | X19: =SUM(F19:W19) | Y19: =Y10 | Z19: =X19-Y19 | AA19: =MAX(0,25-Z19)*1.0 | AB19: 7 | AC19: 4 | AD19: 4 | AE19: 3 | AF19: 5 | AG19: 4 | AH19: 5 | AI19: 5 | AJ19: 5 | AK19: 5 | AL19: 2 | AM19: 5 | AN19: 4 | AO19: 7 | AP19: 5 | AQ19: 4 | AR19: 3 | AS19: 5 | AT19: =SUM(AB19:AS19) | AU19: =AU10 | AV19: =AT19-AU19 | AW19: =MAX(0,25-AV19)*1.0 | AX19: =AA19+AW19
A20: 9 | B20: Manuel Goulartt Medeiros | C20: 52884 | D20: Santo da Serra | E20: 9.6 | F20: 5 | G20: 4 | H20: 5 | I20: 3 | J20: 5 | K20: 5 | L20: 5 | M20: 5 | N20: 4 | O20: 4 | P20: 4 | Q20: 4 | R20: 5 | S20: 5 | T20: 5 | U20: 5 | V20: 4 | W20: 6 | X20: =SUM(F20:W20) | Y20: =Y10 | Z20: =X20-Y20 | AA20: =MAX(0,25-Z20)*1.0 | AB20: 8 | AC20: 3 | AD20: 4 | AE20: 3 | AF20: 4 | AG20: 5 | AH20: 6 | AI20: 4 | AJ20: 5 | AK20: 4 | AL20: 3 | AM20: 5 | AN20: 5 | AO20: 6 | AP20: 7 | AQ20: 4 | AR20: 3 | AS20: 5 | AT20: =SUM(AB20:AS20) | AU20: =AU10 | AV20: =AT20-AU20 | AW20: =MAX(0,25-AV20)*1.0 | AX20: =AA20+AW20
A21: 10 | B21: Rodrigo Faria Constantino | C21: 45278 | D21: Belas | E21: 2 | F21: 6 | G21: 4 | H21: 4 | I21: 3 | J21: 6 | K21: 6 | L21: 5 | M21: 4 | N21: 5 | O21: 6 | P21: 2 | Q21: 4 | R21: 5 | S21: 6 | T21: 5 | U21: 5 | V21: 4 | W21: 4 | X21: =SUM(F21:W21) | Y21: =Y10 | Z21: =X21-Y21 | AA21: =MAX(0,25-Z21)*1.0 | AB21: 8 | AC21: 3 | AD21: 6 | AE21: 3 | AF21: 4 | AG21: 4 | AH21: 6 | AI21: 3 | AJ21: 5 | AK21: 4 | AL21: 3 | AM21: 4 | AN21: 4 | AO21: 4 | AP21: 5 | AQ21: 4 | AR21: 3 | AS21: 4 | AT21: =SUM(AB21:AS21) | AU21: =AU10 | AV21: =AT21-AU21 | AW21: =MAX(0,25-AV21)*1.0 | AX21: =AA21+AW21
A22: 11 | B22: Pedro Costa Alemão | C22: 46706 | D22: Estoril | E22: 3.2 | F22: 4 | G22: 4 | H22: 4 | I22: 3 | J22: 7 | K22: 4 | L22: 5 | M22: 5 | N22: 4 | O22: 5 | P22: 3 | Q22: 5 | R22: 5 | S22: 6 | T22: 6 | U22: 4 | V22: 5 | W22: 5 | X22: =SUM(F22:W22) | Y22: =Y10 | Z22: =X22-Y22 | AA22: =MAX(0,25-Z22)*1.0 | AB22: 4 | AC22: 3 | AD22: 5 | AE22: 4 | AF22: 4 | AG22: 4 | AH22: 5 | AI22: 4 | AJ22: 5 | AK22: 5 | AL22: 3 | AM22: 4 | AN22: 5 | AO22: 6 | AP22: 5 | AQ22: 6 | AR22: 3 | AS22: 6 | AT22: =SUM(AB22:AS22) | AU22: =AU10 | AV22: =AT22-AU22 | AW22: =MAX(0,25-AV22)*1.0 | AX22: =AA22+AW22
A23: 12 | B23: David Filip Jun. | C23: 51949 | D23: Lisbon SC | E23: 9.6 | F23: 5 | G23: 4 | H23: 5 | I23: 4 | J23: 5 | K23: 6 | L23: 7 | M23: 3 | N23: 4 | O23: 5 | P23: 4 | Q23: 4 | R23: 4 | S23: 6 | T23: 4 | U23: 5 | V23: 4 | W23: 6 | X23: =SUM(F23:W23) | Y23: =Y10 | Z23: =X23-Y23 | AA23: =MAX(0,25-Z23)*1.0 | AB23: 5 | AC23: 4 | AD23: 5 | AE23: 3 | AF23: 6 | AG23: 5 | AH23: 6 | AI23: 4 | AJ23: 5 | AK23: 5 | AL23: 3 | AM23: 3 | AN23: 4 | AO23: 5 | AP23: 5 | AQ23: 4 | AR23: 2 | AS23: 6 | AT23: =SUM(AB23:AS23) | AU23: =AU10 | AV23: =AT23-AU23 | AW23: =MAX(0,25-AV23)*1.0 | AX23: =AA23+AW23
A24: 13 | B24: Salvador Ivo de Carvalho | C24: 43968 | D24: Vilamoura, C. G | E24: 9.2 | F24: 7 | G24: 3 | H24: 4 | I24: 6 | J24: 5 | K24: 5 | L24: 5 | M24: 4 | N24: 4 | O24: 4 | P24: 3 | Q24: 5 | R24: 5 | S24: 7 | T24: 5 | U24: 5 | V24: 4 | W24: 5 | X24: =SUM(F24:W24) | Y24: =Y10 | Z24: =X24-Y24 | AA24: =MAX(0,25-Z24)*1.0 | AB24: 4 | AC24: 4 | AD24: 4 | AE24: 3 | AF24: 4 | AG24: 4 | AH24: 6 | AI24: 4 | AJ24: 4 | AK24: 4 | AL24: 4 | AM24: 5 | AN24: 4 | AO24: 5 | AP24: 5 | AQ24: 6 | AR24: 3 | AS24: 5 | AT24: =SUM(AB24:AS24) | AU24: =AU10 | AV24: =AT24-AU24 | AW24: =MAX(0,25-AV24)*1.0 | AX24: =AA24+AW24
A25: 14 | B25: Ricardo Castro Ferreira | C25: 49085 | D25: Estoril | E25: 7.5 | F25: 6 | G25: 3 | H25: 5 | I25: 3 | J25: 9 | K25: 5 | L25: 5 | M25: 4 | N25: 5 | O25: 5 | P25: 3 | Q25: 4 | R25: 4 | S25: 5 | T25: 5 | U25: 5 | V25: 4 | W25: 6 | X25: =SUM(F25:W25) | Y25: =Y10 | Z25: =X25-Y25 | AA25: =MAX(0,25-Z25)*1.0 | AB25: 6 | AC25: 3 | AD25: 4 | AE25: 3 | AF25: 5 | AG25: 6 | AH25: 5 | AI25: 3 | AJ25: 4 | AK25: 5 | AL25: 3 | AM25: 4 | AN25: 6 | AO25: 6 | AP25: 5 | AQ25: 3 | AR25: 3 | AS25: 6 | AT25: =SUM(AB25:AS25) | AU25: =AU10 | AV25: =AT25-AU25 | AW25: =MAX(0,25-AV25)*1.0 | AX25: =AA25+AW25
A26: 15 | B26: Martim Sousa de Morais | C26: 41609 | D26: Belas | E26: 5.3 | F26: 5 | G26: 4 | H26: 5 | I26: 4 | J26: 7 | K26: 4 | L26: 6 | M26: 4 | N26: 4 | O26: 4 | P26: 3 | Q26: 4 | R26: 7 | S26: 5 | T26: 5 | U26: 5 | V26: 6 | W26: 5 | X26: =SUM(F26:W26) | Y26: =Y10 | Z26: =X26-Y26 | AA26: =MAX(0,25-Z26)*1.0 | AB26: 6 | AC26: 3 | AD26: 5 | AE26: 3 | AF26: 4 | AG26: 5 | AH26: 4 | AI26: 5 | AJ26: 5 | AK26: 4 | AL26: 3 | AM26: 5 | AN26: 5 | AO26: 5 | AP26: 4 | AQ26: 5 | AR26: 3 | AS26: 5 | AT26: =SUM(AB26:AS26) | AU26: =AU10 | AV26: =AT26-AU26 | AW26: =MAX(0,25-AV26)*1.0 | AX26: =AA26+AW26
A27: 16 | B27: Rafael Gonçales Benesi | C27: 54774 | D27: Estoril | E27: 5.8 | F27: 6 | G27: 3 | H27: 5 | I27: 3 | J27: 7 | K27: 6 | L27: 6 | M27: 7 | N27: 4 | O27: 4 | P27: 2 | Q27: 4 | R27: 5 | S27: 5 | T27: 7 | U27: 6 | V27: 2 | W27: 6 | X27: =SUM(F27:W27) | Y27: =Y10 | Z27: =X27-Y27 | AA27: =MAX(0,25-Z27)*1.0 | AB27: 4 | AC27: 3 | AD27: 4 | AE27: 4 | AF27: 7 | AG27: 5 | AH27: 5 | AI27: 3 | AJ27: 3 | AK27: 4 | AL27: 3 | AM27: 5 | AN27: 5 | AO27: 6 | AP27: 5 | AQ27: 4 | AR27: 4 | AS27: 6 | AT27: =SUM(AB27:AS27) | AU27: =AU10 | AV27: =AT27-AU27 | AW27: =MAX(0,25-AV27)*1.0 | AX27: =AA27+AW27
A28: 17 | B28: Angelina Gao | C28: 51523 | D28: Quinta do Peru | E28: 3.5 | F28: 6 | G28: 3 | H28: 6 | I28: 5 | J28: 5 | K28: 6 | L28: 6 | M28: 5 | N28: 5 | O28: 4 | P28: 4 | Q28: 5 | R28: 4 | S28: 6 | T28: 4 | U28: 4 | V28: 3 | W28: 7 | X28: =SUM(F28:W28) | Y28: =Y10 | Z28: =X28-Y28 | AA28: =MAX(0,25-Z28)*1.0 | AB28: 5 | AC28: 4 | AD28: 4 | AE28: 5 | AF28: 5 | AG28: 5 | AH28: 5 | AI28: 4 | AJ28: 4 | AK28: 5 | AL28: 3 | AM28: 4 | AN28: 5 | AO28: 4 | AP28: 4 | AQ28: 5 | AR28: 3 | AS28: 6 | AT28: =SUM(AB28:AS28) | AU28: =AU10 | AV28: =AT28-AU28 | AW28: =MAX(0,25-AV28)*1.0 | AX28: =AA28+AW28
A29: 18 | B29: Madalena Figueiredo | C29: 52011 | D29: Belas | E29: 11.4 | F29: 7 | G29: 3 | H29: 4 | I29: 8 | J29: 6 | K29: 5 | L29: 5 | M29: 4 | N29: 4 | O29: 6 | P29: 3 | Q29: 4 | R29: 3 | S29: 6 | T29: 5 | U29: 5 | V29: 3 | W29: 8 | X29: =SUM(F29:W29) | Y29: =Y10 | Z29: =X29-Y29 | AA29: =MAX(0,25-Z29)*1.0 | AB29: 5 | AC29: 3 | AD29: 5 | AE29: 4 | AF29: 5 | AG29: 5 | AH29: 5 | AI29: 4 | AJ29: 4 | AK29: 5 | AL29: 3 | AM29: 4 | AN29: 5 | AO29: 5 | AP29: 7 | AQ29: 5 | AR29: 3 | AS29: 7 | AT29: =SUM(AB29:AS29) | AU29: =AU10 | AV29: =AT29-AU29 | AW29: =MAX(0,25-AV29)*1.0 | AX29: =AA29+AW29
A30: 19 | B30: Tomás Lima Pinto | C30: 46037 | D30: Vilamoura, C. G | E30: 11.2 | F30: 6 | G30: 3 | H30: 5 | I30: 4 | J30: 5 | K30: 6 | L30: 6 | M30: 5 | N30: 5 | O30: 4 | P30: 3 | Q30: 7 | R30: 4 | S30: 6 | T30: 6 | U30: 5 | V30: 4 | W30: 5 | X30: =SUM(F30:W30) | Y30: =Y10 | Z30: =X30-Y30 | AA30: =MAX(0,25-Z30)*1.0 | AB30: 5 | AC30: 3 | AD30: 5 | AE30: 4 | AF30: 6 | AG30: 5 | AH30: 5 | AI30: 5 | AJ30: 4 | AK30: 4 | AL30: 3 | AM30: 5 | AN30: 5 | AO30: 7 | AP30: 5 | AQ30: 5 | AR30: 4 | AS30: 7 | AT30: =SUM(AB30:AS30) | AU30: =AU10 | AV30: =AT30-AU30 | AW30: =MAX(0,25-AV30)*1.0 | AX30: =AA30+AW30
A31: 20 | B31: Diogo Sequeira | C31: 56654 | D31: Quinta do Peru | E31: 6.6 | F31: 7 | G31: 4 | H31: 7 | I31: 3 | J31: 6 | K31: 5 | L31: 8 | M31: 4 | N31: 6 | O31: 5 | P31: 4 | Q31: 5 | R31: 4 | S31: 7 | T31: 5 | U31: 5 | V31: 4 | W31: 5 | X31: =SUM(F31:W31) | Y31: =Y10 | Z31: =X31-Y31 | AA31: =MAX(0,25-Z31)*1.0 | AB31: 7 | AC31: 3 | AD31: 4 | AE31: 3 | AF31: 4 | AG31: 7 | AH31: 6 | AI31: 4 | AJ31: 5 | AK31: 4 | AL31: 2 | AM31: 4 | AN31: 4 | AO31: 5 | AP31: 4 | AQ31: 5 | AR31: 4 | AS31: 6 | AT31: =SUM(AB31:AS31) | AU31: =AU10 | AV31: =AT31-AU31 | AW31: =MAX(0,25-AV31)*1.0 | AX31: =AA31+AW31
A32: 21 | B32: Ryan Dantas | C32: 45439 | D32: Belas | E32: 6.8 | F32: 4 | G32: 4 | H32: 5 | I32: 3 | J32: 5 | K32: 6 | L32: 10 | M32: 4 | N32: 7 | O32: 6 | P32: 3 | Q32: 4 | R32: 6 | S32: 4 | T32: 5 | U32: 6 | V32: 5 | W32: 8 | X32: =SUM(F32:W32) | Y32: =Y10 | Z32: =X32-Y32 | AA32: =MAX(0,25-Z32)*1.0 | AB32: 5 | AC32: 2 | AD32: 4 | AE32: 3 | AF32: 4 | AG32: 7 | AH32: 5 | AI32: 5 | AJ32: 4 | AK32: 4 | AL32: 3 | AM32: 5 | AN32: 4 | AO32: 6 | AP32: 4 | AQ32: 4 | AR32: 3 | AS32: 8 | AT32: =SUM(AB32:AS32) | AU32: =AU10 | AV32: =AT32-AU32 | AW32: =MAX(0,25-AV32)*1.0 | AX32: =AA32+AW32
A33: 22 | B33: William Gao | C33: 51524 | D33: Quinta do Peru | E33: 8.8 | F33: 7 | G33: 4 | H33: 4 | I33: 4 | J33: 6 | K33: 4 | L33: 6 | M33: 6 | N33: 5 | O33: 7 | P33: 4 | Q33: 5 | R33: 6 | S33: 7 | T33: 7 | U33: 5 | V33: 4 | W33: 5 | X33: =SUM(F33:W33) | Y33: =Y10 | Z33: =X33-Y33 | AA33: =MAX(0,25-Z33)*1.0 | AB33: 6 | AC33: 3 | AD33: 5 | AE33: 4 | AF33: 5 | AG33: 6 | AH33: 8 | AI33: 4 | AJ33: 7 | AK33: 4 | AL33: 3 | AM33: 5 | AN33: 6 | AO33: 6 | AP33: 5 | AQ33: 5 | AR33: 4 | AS33: 5 | AT33: =SUM(AB33:AS33) | AU33: =AU10 | AV33: =AT33-AU33 | AW33: =MAX(0,25-AV33)*1.0 | AX33: =AA33+AW33
A34: 23 | B34: Henrique Cunha | C34: 36844 | D34: Santo da Serra | E34: 4.8 | F34: 5 | G34: 5 | H34: 4 | I34: 4 | J34: 4 | K34: 8 | L34: 6 | M34: 4 | N34: 5 | O34: 5 | P34: 4 | Q34: 6 | R34: 5 | S34: 7 | T34: 6 | U34: 6 | V34: 5 | W34: 11 | X34: =SUM(F34:W34) | Y34: =Y10 | Z34: =X34-Y34 | AA34: =MAX(0,25-Z34)*1.0 | AB34: 8 | AC34: 4 | AD34: 6 | AE34: 4 | AF34: 5 | AG34: 4 | AH34: 5 | AI34: 6 | AJ34: 6 | AK34: 5 | AL34: 4 | AM34: 7 | AN34: 7 | AO34: 5 | AP34: 6 | AQ34: 4 | AR34: 4 | AS34: 6 | AT34: =SUM(AB34:AS34) | AU34: =AU10 | AV34: =AT34-AU34 | AW34: =MAX(0,25-AV34)*1.0 | AX34: =AA34+AW34

Sheet aroeira_2
A1: PJA Masters by Details — Aroeira 2
A2: Data: | B2: 2025-11-22
A3: Campo: | B3: PGA Aroeira No.2
A4: ccode/tcode: | B4: 029/10523
A5: Link FPG: | B5: https://scoring.datagolf.pt/pt/Classifications.aspx?ccode=029&tcode=10523
A6: Multiplicador: | B6: 1
A9: Pos | B9: Nome | C9: FedCode | D9: Clube | E9: HCP | F9: R1 h1 | G9: h2 | H9: h3 | I9: h4 | J9: h5 | K9: h6 | L9: h7 | M9: h8 | N9: h9 | O9: h10 | P9: h11 | Q9: h12 | R9: h13 | S9: h14 | T9: h15 | U9: h16 | V9: h17 | W9: h18 | X9: R1 Gross | Y9: R1 Par | Z9: R1 ToPar | AA9: R1 Pts | AB9: R2 h1 | AC9: h2 | AD9: h3 | AE9: h4 | AF9: h5 | AG9: h6 | AH9: h7 | AI9: h8 | AJ9: h9 | AK9: h10 | AL9: h11 | AM9: h12 | AN9: h13 | AO9: h14 | AP9: h15 | AQ9: h16 | AR9: h17 | AS9: h18 | AT9: R2 Gross | AU9: R2 Par | AV9: R2 ToPar | AW9: R2 Pts | AX9: Total Pts
A10: —Par— | F10: 4 | G10: 3 | H10: 4 | I10: 4 | J10: 4 | K10: 5 | L10: 4 | M10: 5 | N10: 4 | O10: 5 | P10: 3 | Q10: 4 | R10: 4 | S10: 3 | T10: 4 | U10: 4 | V10: 5 | W10: 3 | Y10: =SUM(F10:W10) | AB10: 4 | AC10: 3 | AD10: 4 | AE10: 4 | AF10: 4 | AG10: 5 | AH10: 4 | AI10: 5 | AJ10: 4 | AK10: 5 | AL10: 3 | AM10: 4 | AN10: 4 | AO10: 3 | AP10: 4 | AQ10: 4 | AR10: 5 | AS10: 3 | AU10: =SUM(AB10:AS10)
A11: —SI— | F11: 16 | G11: 4 | H11: 18 | I11: 8 | J11: 2 | K11: 12 | L11: 11 | M11: 3 | N11: 15 | O11: 1 | P11: 13 | Q11: 7 | R11: 5 | S11: 17 | T11: 9 | U11: 10 | V11: 6 | W11: 14 | AB11: 16 | AC11: 4 | AD11: 18 | AE11: 8 | AF11: 2 | AG11: 12 | AH11: 11 | AI11: 3 | AJ11: 15 | AK11: 1 | AL11: 13 | AM11: 7 | AN11: 5 | AO11: 17 | AP11: 9 | AQ11: 10 | AR11: 6 | AS11: 14
A12: 1 | B12: João Maria Ivo de Carvalho | C12: 38334 | D12: Vilamoura, C. G | E12: -1.4 | F12: 4 | G12: 2 | H12: 4 | I12: 4 | J12: 4 | K12: 5 | L12: 4 | M12: 6 | N12: 7 | O12: 6 | P12: 3 | Q12: 4 | R12: 5 | S12: 3 | T12: 4 | U12: 4 | V12: 4 | W12: 3 | X12: =SUM(F12:W12) | Y12: =Y10 | Z12: =X12-Y12 | AA12: =MAX(0,25-Z12)*1.0 | AB12: 4 | AC12: 3 | AD12: 3 | AE12: 4 | AF12: 4 | AG12: 6 | AH12: 4 | AI12: 5 | AJ12: 4 | AK12: 5 | AL12: 3 | AM12: 4 | AN12: 4 | AO12: 2 | AP12: 4 | AQ12: 4 | AR12: 5 | AS12: 3 | AT12: =SUM(AB12:AS12) | AU12: =AU10 | AV12: =AT12-AU12 | AW12: =MAX(0,25-AV12)*1.0 | AX12: =AA12+AW12
A13: 2 | B13: Ricardo Castro Ferreira | C13: 49085 | D13: Estoril | E13: 7.2 | F13: 4 | G13: 3 | H13: 4 | I13: 5 | J13: 5 | K13: 5 | L13: 4 | M13: 4 | N13: 5 | O13: 6 | P13: 3 | Q13: 4 | R13: 4 | S13: 3 | T13: 7 | U13: 3 | V13: 5 | W13: 2 | X13: =SUM(F13:W13) | Y13: =Y10 | Z13: =X13-Y13 | AA13: =MAX(0,25-Z13)*1.0 | AB13: 3 | AC13: 3 | AD13: 4 | AE13: 4 | AF13: 5 | AG13: 5 | AH13: 4 | AI13: 6 | AJ13: 5 | AK13: 5 | AL13: 4 | AM13: 4 | AN13: 4 | AO13: 5 | AP13: 5 | AQ13: 5 | AR13: 5 | AS13: 3 | AT13: =SUM(AB13:AS13) | AU13: =AU10 | AV13: =AT13-AU13 | AW13: =MAX(0,25-AV13)*1.0 | AX13: =AA13+AW13
A14: 3 | B14: Francisca Salgado | C14: 43832 | D14: Vale de Janelas | E14: 1.2 | F14: 4 | G14: 3 | H14: 4 | I14: 4 | J14: 5 | K14: 5 | L14: 4 | M14: 7 | N14: 5 | O14: 6 | P14: 3 | Q14: 4 | R14: 4 | S14: 3 | T14: 4 | U14: 4 | V14: 6 | W14: 3 | X14: =SUM(F14:W14) | Y14: =Y10 | Z14: =X14-Y14 | AA14: =MAX(0,25-Z14)*1.0 | AB14: 5 | AC14: 5 | AD14: 3 | AE14: 4 | AF14: 3 | AG14: 6 | AH14: 4 | AI14: 5 | AJ14: 3 | AK14: 6 | AL14: 3 | AM14: 6 | AN14: 4 | AO14: 3 | AP14: 5 | AQ14: 5 | AR14: 6 | AS14: 3 | AT14: =SUM(AB14:AS14) | AU14: =AU10 | AV14: =AT14-AU14 | AW14: =MAX(0,25-AV14)*1.0 | AX14: =AA14+AW14
A15: 4 | B15: Francisco Reis | C15: 40534 | D15: Vilamoura, C. G | E15: 0.1 | F15: 4 | G15: 4 | H15: 4 | I15: 5 | J15: 5 | K15: 7 | L15: 6 | M15: 4 | N15: 4 | O15: 4 | P15: 3 | Q15: 4 | R15: 5 | S15: 3 | T15: 6 | U15: 4 | V15: 5 | W15: 2 | X15: =SUM(F15:W15) | Y15: =Y10 | Z15: =X15-Y15 | AA15: =MAX(0,25-Z15)*1.0 | AB15: 4 | AC15: 3 | AD15: 3 | AE15: 4 | AF15: 4 | AG15: 6 | AH15: 4 | AI15: 6 | AJ15: 5 | AK15: 5 | AL15: 3 | AM15: 5 | AN15: 4 | AO15: 5 | AP15: 4 | AQ15: 5 | AR15: 5 | AS15: 5 | AT15: =SUM(AB15:AS15) | AU15: =AU10 | AV15: =AT15-AU15 | AW15: =MAX(0,25-AV15)*1.0 | AX15: =AA15+AW15
A16: 5 | B16: Rodrigo Faria Constantino | C16: 45278 | D16: Belas | E16: 1.4 | F16: 4 | G16: 3 | H16: 4 | I16: 4 | J16: 5 | K16: 5 | L16: 5 | M16: 5 | N16: 4 | O16: 5 | P16: 3 | Q16: 4 | R16: 4 | S16: 3 | T16: 6 | U16: 3 | V16: 4 | W16: 3 | X16: =SUM(F16:W16) | Y16: =Y10 | Z16: =X16-Y16 | AA16: =MAX(0,25-Z16)*1.0 | AB16: 4 | AC16: 4 | AD16: 4 | AE16: 6 | AF16: 5 | AG16: 6 | AH16: 4 | AI16: 6 | AJ16: 4 | AK16: 5 | AL16: 4 | AM16: 4 | AN16: 4 | AO16: 3 | AP16: 4 | AQ16: 4 | AR16: 7 | AS16: 3 | AT16: =SUM(AB16:AS16) | AU16: =AU10 | AV16: =AT16-AU16 | AW16: =MAX(0,25-AV16)*1.0 | AX16: =AA16+AW16
A17: 6 | B17: Nuno Palmares Jr. | C17: 49124 | D17: Estoril | E17: 4.3 | F17: 4 | G17: 3 | H17: 4 | I17: 5 | J17: 5 | K17: 7 | L17: 4 | M17: 5 | N17: 5 | O17: 6 | P17: 3 | Q17: 4 | R17: 4 | S17: 4 | T17: 5 | U17: 5 | V17: 5 | W17: 3 | X17: =SUM(F17:W17) | Y17: =Y10 | Z17: =X17-Y17 | AA17: =MAX(0,25-Z17)*1.0 | AB17: 4 | AC17: 3 | AD17: 4 | AE17: 5 | AF17: 5 | AG17: 7 | AH17: 4 | AI17: 5 | AJ17: 4 | AK17: 5 | AL17: 4 | AM17: 4 | AN17: 5 | AO17: 4 | AP17: 5 | AQ17: 4 | AR17: 5 | AS17: 2 | AT17: =SUM(AB17:AS17) | AU17: =AU10 | AV17: =AT17-AU17 | AW17: =MAX(0,25-AV17)*1.0 | AX17: =AA17+AW17
A18: 7 | B18: David Filip Jun. | C18: 51949 | D18: Lisbon SC | E18: 8.3 | F18: 4 | G18: 3 | H18: 4 | I18: 4 | J18: 4 | K18: 5 | L18: 5 | M18: 7 | N18: 5 | O18: 5 | P18: 3 | Q18: 6 | R18: 4 | S18: 4 | T18: 4 | U18: 4 | V18: 7 | W18: 3 | X18: =SUM(F18:W18) | Y18: =Y10 | Z18: =X18-Y18 | AA18: =MAX(0,25-Z18)*1.0 | AB18: 5 | AC18: 3 | AD18: 6 | AE18: 6 | AF18: 6 | AG18: 6 | AH18: 5 | AI18: 6 | AJ18: 4 | AK18: 6 | AL18: 3 | AM18: 5 | AN18: 5 | AO18: 3 | AP18: 5 | AQ18: 4 | AR18: 6 | AS18: 3 | AT18: =SUM(AB18:AS18) | AU18: =AU10 | AV18: =AT18-AU18 | AW18: =MAX(0,25-AV18)*1.0 | AX18: =AA18+AW18
A19: 8 | B19: Pedro Costa Alemão | C19: 46706 | D19: Estoril | E19: 3.6 | F19: 4 | G19: 4 | H19: 5 | I19: 4 | J19: 6 | K19: 5 | L19: 5 | M19: 4 | N19: 4 | O19: 6 | P19: 3 | Q19: 4 | R19: 4 | S19: 3 | T19: 6 | U19: 5 | V19: 5 | W19: 4 | X19: =SUM(F19:W19) | Y19: =Y10 | Z19: =X19-Y19 | AA19: =MAX(0,25-Z19)*1.0 | AB19: 5 | AC19: 2 | AD19: 4 | AE19: 3 | AF19: 4 | AG19: 5 | AH19: 4 | AI19: 5 | AJ19: 5 | AK19: 5 | AL19: 3 | AM19: 5 | AN19: 4 | AO19: 3 | AP19: 5 | AQ19: 3 | AR19: 5 | AS19: 5 | AT19: =SUM(AB19:AS19) | AU19: =AU10 | AV19: =AT19-AU19 | AW19: =MAX(0,25-AV19)*1.0 | AX19: =AA19+AW19
A20: 9 | B20: Rafael Gonçales Benesi | C20: 54774 | D20: Estoril | E20: 6.4 | F20: 4 | G20: 3 | H20: 4 | I20: 6 | J20: 5 | K20: 5 | L20: 4 | M20: 6 | N20: 4 | O20: 6 | P20: 3 | Q20: 5 | R20: 4 | S20: 3 | T20: 5 | U20: 6 | V20: 5 | W20: 4 | X20: =SUM(F20:W20) | Y20: =Y10 | Z20: =X20-Y20 | AA20: =MAX(0,25-Z20)*1.0 | AB20: 5 | AC20: 4 | AD20: 3 | AE20: 4 | AF20: 4 | AG20: 6 | AH20: 5 | AI20: 6 | AJ20: 4 | AK20: 5 | AL20: 5 | AM20: 4 | AN20: 4 | AO20: 4 | AP20: 8 | AQ20: 6 | AR20: 6 | AS20: 3 | AT20: =SUM(AB20:AS20) | AU20: =AU10 | AV20: =AT20-AU20 | AW20: =MAX(0,25-AV20)*1.0 | AX20: =AA20+AW20
A21: 10 | B21: Salvador Ivo de Carvalho | C21: 43968 | D21: Vilamoura, C. G | E21: 8.7 | F21: 5 | G21: 3 | H21: 5 | I21: 6 | J21: 5 | K21: 5 | L21: 5 | M21: 7 | N21: 4 | O21: 7 | P21: 3 | Q21: 5 | R21: 6 | S21: 4 | T21: 5 | U21: 4 | V21: 6 | W21: 2 | X21: =SUM(F21:W21) | Y21: =Y10 | Z21: =X21-Y21 | AA21: =MAX(0,25-Z21)*1.0 | AB21: 4 | AC21: 4 | AD21: 4 | AE21: 5 | AF21: 5 | AG21: 4 | AH21: 5 | AI21: 5 | AJ21: 5 | AK21: 6 | AL21: 3 | AM21: 5 | AN21: 5 | AO21: 3 | AP21: 6 | AQ21: 4 | AR21: 5 | AS21: 4 | AT21: =SUM(AB21:AS21) | AU21: =AU10 | AV21: =AT21-AU21 | AW21: =MAX(0,25-AV21)*1.0 | AX21: =AA21+AW21
A22: 11 | B22: Diogo Sequeira | C22: 56654 | D22: Quinta do Peru | E22: 6.1 | F22: 7 | G22: 3 | H22: 3 | I22: 5 | J22: 5 | K22: 4 | L22: 4 | M22: 5 | N22: 5 | O22: 6 | P22: 4 | Q22: 6 | R22: 5 | S22: 4 | T22: 5 | U22: 4 | V22: 7 | W22: 6 | X22: =SUM(F22:W22) | Y22: =Y10 | Z22: =X22-Y22 | AA22: =MAX(0,25-Z22)*1.0 | AB22: 4 | AC22: 6 | AD22: 6 | AE22: 4 | AF22: 4 | AG22: 5 | AH22: 5 | AI22: 5 | AJ22: 3 | AK22: 6 | AL22: 4 | AM22: 6 | AN22: 5 | AO22: 4 | AP22: 5 | AQ22: 4 | AR22: 6 | AS22: 3 | AT22: =SUM(AB22:AS22) | AU22: =AU10 | AV22: =AT22-AU22 | AW22: =MAX(0,25-AV22)*1.0 | AX22: =AA22+AW22
A23: 12 | B23: Guo Ziyang | C23: 57904 | D23: Estoril | E23: 11.4 | F23: 5 | G23: 3 | H23: 4 | I23: 5 | J23: 5 | K23: 6 | L23: 6 | M23: 7 | N23: 5 | O23: 7 | P23: 3 | Q23: 5 | R23: 4 | S23: 4 | T23: 6 | U23: 5 | V23: 6 | W23: 3 | X23: =SUM(F23:W23) | Y23: =Y10 | Z23: =X23-Y23 | AA23: =MAX(0,25-Z23)*1.0 | AW23: 0 | AX23: =AA23+AW23
A24: 13 | B24: Rafaela Pinto | C24: 40390 | D24: Arquitectos | E24: 2.3 | F24: 7 | G24: 5 | H24: 5 | I24: 4 | J24: 4 | K24: 5 | L24: 6 | M24: 5 | N24: 4 | O24: 7 | P24: 5 | Q24: 5 | R24: 4 | S24: 4 | T24: 3 | U24: 7 | V24: 6 | W24: 3 | X24: =SUM(F24:W24) | Y24: =Y10 | Z24: =X24-Y24 | AA24: =MAX(0,25-Z24)*1.0 | AB24: 5 | AC24: 3 | AD24: 4 | AE24: 4 | AF24: 5 | AG24: 5 | AH24: 4 | AI24: 5 | AJ24: 4 | AK24: 7 | AL24: 3 | AM24: 4 | AN24: 4 | AO24: 3 | AP24: 5 | AQ24: 4 | AR24: 5 | AS24: 4 | AT24: =SUM(AB24:AS24) | AU24: =AU10 | AV24: =AT24-AU24 | AW24: =MAX(0,25-AV24)*1.0 | AX24: =AA24+AW24
A25: 14 | B25: Martim Sousa de Morais | C25: 41609 | D25: Belas | E25: 4.2 | F25: 5 | G25: 4 | H25: 5 | I25: 3 | J25: 6 | K25: 7 | L25: 6 | M25: 7 | N25: 4 | O25: 6 | P25: 6 | Q25: 5 | R25: 5 | S25: 3 | T25: 6 | U25: 5 | V25: 5 | W25: 6 | X25: =SUM(F25:W25) | Y25: =Y10 | Z25: =X25-Y25 | AA25: =MAX(0,25-Z25)*1.0 | AB25: 5 | AC25: 3 | AD25: 4 | AE25: 6 | AF25: 5 | AG25: 5 | AH25: 6 | AI25: 5 | AJ25: 4 | AK25: 8 | AL25: 4 | AM25: 7 | AN25: 4 | AO25: 4 | AP25: 6 | AQ25: 5 | AR25: 5 | AS25: 3 | AT25: =SUM(AB25:AS25) | AU25: =AU10 | AV25: =AT25-AU25 | AW25: =MAX(0,25-AV25)*1.0 | AX25: =AA25+AW25
A26: 15 | B26: Manuel Goulartt Medeiros | C26: 52884 | D26: Santo da Serra | E26: 9.6 | F26: 5 | G26: 4 | H26: 5 | I26: 4 | J26: 8 | K26: 5 | L26: 5 | M26: 8 | N26: 5 | O26: 5 | P26: 4 | Q26: 6 | R26: 3 | S26: 4 | T26: 7 | U26: 5 | V26: 5 | W26: 3 | X26: =SUM(F26:W26) | Y26: =Y10 | Z26: =X26-Y26 | AA26: =MAX(0,25-Z26)*1.0 | AB26: 3 | AC26: 3 | AD26: 3 | AE26: 4 | AF26: 6 | AG26: 5 | AH26: 5 | AI26: 6 | AJ26: 4 | AK26: 6 | AL26: 4 | AM26: 4 | AN26: 4 | AO26: 4 | AP26: 4 | AQ26: 4 | AR26: 5 | AS26: 3 | AT26: =SUM(AB26:AS26) | AU26: =AU10 | AV26: =AT26-AU26 | AW26: =MAX(0,25-AV26)*1.0 | AX26: =AA26+AW26
A27: 16 | B27: André Castro Mendes | C27: 55056 | D27: Oitavos | E27: 4.1 | F27: 4 | G27: 3 | H27: 4 | I27: 5 | J27: 5 | K27: 7 | L27: 5 | M27: 7 | N27: 6 | O27: 5 | P27: 3 | Q27: 6 | R27: 6 | S27: 4 | T27: 6 | U27: 6 | V27: 6 | W27: 3 | X27: =SUM(F27:W27) | Y27: =Y10 | Z27: =X27-Y27 | AA27: =MAX(0,25-Z27)*1.0 | AB27: 4 | AC27: 4 | AD27: 5 | AE27: 4 | AF27: 5 | AG27: 6 | AH27: 4 | AI27: 6 | AJ27: 5 | AK27: 7 | AL27: 4 | AM27: 6 | AN27: 4 | AO27: 3 | AP27: 4 | AQ27: 4 | AR27: 4 | AS27: 3 | AT27: =SUM(AB27:AS27) | AU27: =AU10 | AV27: =AT27-AU27 | AW27: =MAX(0,25-AV27)*1.0 | AX27: =AA27+AW27
A28: ND | B28: Ryan Dantas | C28: 45439 | D28: Belas | E28: 6.6 | AA28: 0 | AW28: 0 | AX28: =AA28+AW28
A29: NS | B29: João Setúbal | D29: Vilamoura, C. G | E29: 1.4 | AA29: 0 | AW29: 0 | AX29: =AA29+AW29

Sheet grande_final
A1: Race to Dunas — Grande Final
A2: Data: | B2: 2025-11-29
A3: Campo: | B3: Comporta — Dunas Golf
A4: ccode/tcode: | B4: 192/10019
A5: Link FPG: | B5: https://scoring.datagolf.pt/pt/Classifications.aspx?ccode=192&tcode=10019
A6: Multiplicador: | B6: 1.5
A7: Nota: | B7: GRANDE FINAL ×1.5
A9: Pos | B9: Nome | C9: FedCode | D9: Clube | E9: HCP | F9: R1 h1 | G9: h2 | H9: h3 | I9: h4 | J9: h5 | K9: h6 | L9: h7 | M9: h8 | N9: h9 | O9: h10 | P9: h11 | Q9: h12 | R9: h13 | S9: h14 | T9: h15 | U9: h16 | V9: h17 | W9: h18 | X9: R1 Gross | Y9: R1 Par | Z9: R1 ToPar | AA9: R1 Pts | AB9: R2 h1 | AC9: h2 | AD9: h3 | AE9: h4 | AF9: h5 | AG9: h6 | AH9: h7 | AI9: h8 | AJ9: h9 | AK9: h10 | AL9: h11 | AM9: h12 | AN9: h13 | AO9: h14 | AP9: h15 | AQ9: h16 | AR9: h17 | AS9: h18 | AT9: R2 Gross | AU9: R2 Par | AV9: R2 ToPar | AW9: R2 Pts | AX9: Total Pts
A10: —Par— | F10: 4 | G10: 5 | H10: 3 | I10: 4 | J10: 4 | K10: 3 | L10: 4 | M10: 4 | N10: 4 | O10: 4 | P10: 4 | Q10: 5 | R10: 4 | S10: 3 | T10: 5 | U10: 4 | V10: 3 | W10: 4 | Y10: =SUM(F10:W10) | AB10: 4 | AC10: 5 | AD10: 3 | AE10: 4 | AF10: 4 | AG10: 3 | AH10: 4 | AI10: 4 | AJ10: 4 | AK10: 4 | AL10: 4 | AM10: 5 | AN10: 4 | AO10: 3 | AP10: 5 | AQ10: 4 | AR10: 3 | AS10: 4 | AU10: =SUM(AB10:AS10)
A11: —SI— | F11: 7 | G11: 9 | H11: 11 | I11: 5 | J11: 13 | K11: 17 | L11: 1 | M11: 15 | N11: 3 | O11: 8 | P11: 2 | Q11: 10 | R11: 6 | S11: 14 | T11: 12 | U11: 16 | V11: 18 | W11: 4 | AB11: 7 | AC11: 9 | AD11: 11 | AE11: 5 | AF11: 13 | AG11: 17 | AH11: 1 | AI11: 15 | AJ11: 3 | AK11: 8 | AL11: 2 | AM11: 10 | AN11: 6 | AO11: 14 | AP11: 12 | AQ11: 16 | AR11: 18 | AS11: 4
A12: 1 | B12: João Maria Ivo De Carvalho | C12: 38334 | D12: Vilamoura, C. G | E12: -1.6 | F12: 4 | G12: 4 | H12: 3 | I12: 4 | J12: 4 | K12: 3 | L12: 3 | M12: 4 | N12: 5 | O12: 4 | P12: 4 | Q12: 4 | R12: 4 | S12: 3 | T12: 4 | U12: 5 | V12: 3 | W12: 5 | X12: =SUM(F12:W12) | Y12: =Y10 | Z12: =X12-Y12 | AA12: =MAX(0,25-Z12)*1.5 | AB12: 5 | AC12: 4 | AD12: 3 | AE12: 4 | AF12: 4 | AG12: 3 | AH12: 4 | AI12: 3 | AJ12: 3 | AK12: 5 | AL12: 4 | AM12: 5 | AN12: 4 | AO12: 3 | AP12: 4 | AQ12: 2 | AR12: 3 | AS12: 3 | AT12: =SUM(AB12:AS12) | AU12: =AU10 | AV12: =AT12-AU12 | AW12: =MAX(0,25-AV12)*1.5 | AX12: =AA12+AW12
A13: 2 | B13: João Setúbal | C13: 43732 | D13: Vilamoura, C. G | E13: 1.1 | F13: 4 | G13: 5 | H13: 3 | I13: 3 | J13: 4 | K13: 3 | L13: 4 | M13: 3 | N13: 4 | O13: 4 | P13: 4 | Q13: 4 | R13: 3 | S13: 5 | T13: 4 | U13: 4 | V13: 5 | W13: 4 | X13: =SUM(F13:W13) | Y13: =Y10 | Z13: =X13-Y13 | AA13: =MAX(0,25-Z13)*1.5 | AB13: 5 | AC13: 5 | AD13: 3 | AE13: 3 | AF13: 5 | AG13: 3 | AH13: 4 | AI13: 3 | AJ13: 3 | AK13: 4 | AL13: 4 | AM13: 4 | AN13: 5 | AO13: 3 | AP13: 4 | AQ13: 4 | AR13: 3 | AS13: 4 | AT13: =SUM(AB13:AS13) | AU13: =AU10 | AV13: =AT13-AU13 | AW13: =MAX(0,25-AV13)*1.5 | AX13: =AA13+AW13
A14: 3 | B14: David Filip Jun. | C14: 51949 | D14: Lisbon SC | E14: 8.3 | F14: 4 | G14: 6 | H14: 4 | I14: 5 | J14: 3 | K14: 3 | L14: 4 | M14: 3 | N14: 4 | O14: 4 | P14: 4 | Q14: 6 | R14: 3 | S14: 3 | T14: 4 | U14: 4 | V14: 3 | W14: 4 | X14: =SUM(F14:W14) | Y14: =Y10 | Z14: =X14-Y14 | AA14: =MAX(0,25-Z14)*1.5 | AB14: 4 | AC14: 6 | AD14: 3 | AE14: 5 | AF14: 4 | AG14: 3 | AH14: 5 | AI14: 5 | AJ14: 5 | AK14: 4 | AL14: 5 | AM14: 5 | AN14: 4 | AO14: 5 | AP14: 5 | AQ14: 3 | AR14: 3 | AS14: 4 | AT14: =SUM(AB14:AS14) | AU14: =AU10 | AV14: =AT14-AU14 | AW14: =MAX(0,25-AV14)*1.5 | AX14: =AA14+AW14
A15: 4 | B15: Rafaela Pinto | C15: 40390 | D15: Arquitectos | E15: 3.2 | F15: 5 | G15: 5 | H15: 3 | I15: 4 | J15: 3 | K15: 2 | L15: 4 | M15: 5 | N15: 5 | O15: 4 | P15: 5 | Q15: 4 | R15: 4 | S15: 3 | T15: 4 | U15: 4 | V15: 3 | W15: 5 | X15: =SUM(F15:W15) | Y15: =Y10 | Z15: =X15-Y15 | AA15: =MAX(0,25-Z15)*1.5 | AB15: 5 | AC15: 6 | AD15: 4 | AE15: 4 | AF15: 4 | AG15: 3 | AH15: 3 | AI15: 5 | AJ15: 5 | AK15: 4 | AL15: 5 | AM15: 9 | AN15: 4 | AO15: 4 | AP15: 6 | AQ15: 5 | AR15: 3 | AS15: 4 | AT15: =SUM(AB15:AS15) | AU15: =AU10 | AV15: =AT15-AU15 | AW15: =MAX(0,25-AV15)*1.5 | AX15: =AA15+AW15
A16: 5 | B16: Salvador Ivo De Carvalho | C16: 43968 | D16: Vilamoura, C. G | E16: 9.2 | F16: 5 | G16: 5 | H16: 3 | I16: 3 | J16: 4 | K16: 3 | L16: 5 | M16: 4 | N16: 4 | O16: 4 | P16: 5 | Q16: 5 | R16: 4 | S16: 2 | T16: 6 | U16: 4 | V16: 3 | W16: 4 | X16: =SUM(F16:W16) | Y16: =Y10 | Z16: =X16-Y16 | AA16: =MAX(0,25-Z16)*1.5 | AB16: 5 | AC16: 5 | AD16: 3 | AE16: 5 | AF16: 4 | AG16: 4 | AH16: 7 | AI16: 4 | AJ16: 5 | AK16: 4 | AL16: 4 | AM16: 6 | AN16: 6 | AO16: 3 | AP16: 5 | AQ16: 6 | AR16: 3 | AS16: 4 | AT16: =SUM(AB16:AS16) | AU16: =AU10 | AV16: =AT16-AU16 | AW16: =MAX(0,25-AV16)*1.5 | AX16: =AA16+AW16
A17: 6 | B17: Ricardo Castro Ferreira | C17: 49085 | D17: Estoril | E17: 7.2 | F17: 4 | G17: 5 | H17: 5 | I17: 4 | J17: 3 | K17: 2 | L17: 5 | M17: 3 | N17: 4 | O17: 4 | P17: 5 | Q17: 7 | R17: 4 | S17: 3 | T17: 5 | U17: 4 | V17: 2 | W17: 4 | X17: =SUM(F17:W17) | Y17: =Y10 | Z17: =X17-Y17 | AA17: =MAX(0,25-Z17)*1.5 | AB17: 5 | AC17: 5 | AD17: 4 | AE17: 5 | AF17: 5 | AG17: 2 | AH17: 4 | AI17: 3 | AJ17: 6 | AK17: 4 | AL17: 4 | AM17: 7 | AN17: 5 | AO17: 3 | AP17: 5 | AQ17: 4 | AR17: 3 | AS17: 5 | AT17: =SUM(AB17:AS17) | AU17: =AU10 | AV17: =AT17-AU17 | AW17: =MAX(0,25-AV17)*1.5 | AX17: =AA17+AW17
A18: 7 | B18: Nuno Palmares Jr. | C18: 49124 | D18: Estoril | E18: 4.6 | F18: 4 | G18: 5 | H18: 4 | I18: 5 | J18: 4 | K18: 4 | L18: 4 | M18: 4 | N18: 4 | O18: 4 | P18: 4 | Q18: 6 | R18: 4 | S18: 2 | T18: 5 | U18: 4 | V18: 3 | W18: 5 | X18: =SUM(F18:W18) | Y18: =Y10 | Z18: =X18-Y18 | AA18: =MAX(0,25-Z18)*1.5 | AB18: 4 | AC18: 6 | AD18: 3 | AE18: 5 | AF18: 4 | AG18: 4 | AH18: 3 | AI18: 4 | AJ18: 5 | AK18: 4 | AL18: 5 | AM18: 6 | AN18: 5 | AO18: 3 | AP18: 6 | AQ18: 5 | AR18: 3 | AS18: 4 | AT18: =SUM(AB18:AS18) | AU18: =AU10 | AV18: =AT18-AU18 | AW18: =MAX(0,25-AV18)*1.5 | AX18: =AA18+AW18
A19: 8 | B19: Rodrigo Faria Constantino | C19: 45278 | D19: Belas | E19: 0.8 | F19: 4 | G19: 5 | H19: 2 | I19: 6 | J19: 5 | K19: 4 | L19: 4 | M19: 4 | N19: 3 | O19: 4 | P19: 4 | Q19: 5 | R19: 4 | S19: 3 | T19: 7 | U19: 4 | V19: 3 | W19: 4 | X19: =SUM(F19:W19) | Y19: =Y10 | Z19: =X19-Y19 | AA19: =MAX(0,25-Z19)*1.5 | AB19: 6 | AC19: 4 | AD19: 4 | AE19: 6 | AF19: 4 | AG19: 3 | AH19: 6 | AI19: 6 | AJ19: 4 | AK19: 4 | AL19: 5 | AM19: 5 | AN19: 5 | AO19: 2 | AP19: 5 | AQ19: 4 | AR19: 3 | AS19: 5 | AT19: =SUM(AB19:AS19) | AU19: =AU10 | AV19: =AT19-AU19 | AW19: =MAX(0,25-AV19)*1.5 | AX19: =AA19+AW19
A20: 9 | B20: Rodrigo Sousa Correia | C20: 44934 | D20: Vilamoura, C. G | E20: 2.2 | F20: 4 | G20: 4 | H20: 2 | I20: 6 | J20: 5 | K20: 3 | L20: 4 | M20: 3 | N20: 5 | O20: 5 | P20: 5 | Q20: 4 | R20: 3 | S20: 4 | T20: 5 | U20: 4 | V20: 4 | W20: 5 | X20: =SUM(F20:W20) | Y20: =Y10 | Z20: =X20-Y20 | AA20: =MAX(0,25-Z20)*1.5 | AB20: 5 | AC20: 3 | AD20: 3 | AE20: 5 | AF20: 4 | AG20: 4 | AH20: 4 | AI20: 4 | AJ20: 4 | AK20: 5 | AL20: 6 | AM20: 6 | AN20: 4 | AO20: 3 | AP20: 5 | AQ20: 4 | AR20: 6 | AS20: 4 | AT20: =SUM(AB20:AS20) | AU20: =AU10 | AV20: =AT20-AU20 | AW20: =MAX(0,25-AV20)*1.5 | AX20: =AA20+AW20
A21: 10 | B21: Pedro Costa Alemão | C21: 46706 | D21: Estoril | E21: 4.5 | F21: 4 | G21: 6 | H21: 4 | I21: 4 | J21: 4 | K21: 4 | L21: 4 | M21: 4 | N21: 4 | O21: 5 | P21: 5 | Q21: 4 | R21: 3 | S21: 4 | T21: 5 | U21: 5 | V21: 4 | W21: 4 | X21: =SUM(F21:W21) | Y21: =Y10 | Z21: =X21-Y21 | AA21: =MAX(0,25-Z21)*1.5 | AB21: 5 | AC21: 6 | AD21: 3 | AE21: 5 | AF21: 5 | AG21: 3 | AH21: 4 | AI21: 4 | AJ21: 4 | AK21: 3 | AL21: 4 | AM21: 5 | AN21: 4 | AO21: 3 | AP21: 4 | AQ21: 5 | AR21: 3 | AS21: 5 | AT21: =SUM(AB21:AS21) | AU21: =AU10 | AV21: =AT21-AU21 | AW21: =MAX(0,25-AV21)*1.5 | AX21: =AA21+AW21
A22: 11 | B22: Francisco Carvalho | C22: 52856 | D22: Vale Pisão | E22: 10 | F22: 4 | G22: 4 | H22: 4 | I22: 4 | J22: 5 | K22: 2 | L22: 5 | M22: 2 | N22: 4 | O22: 4 | P22: 5 | Q22: 8 | R22: 5 | S22: 4 | T22: 5 | U22: 5 | V22: 3 | W22: 4 | X22: =SUM(F22:W22) | Y22: =Y10 | Z22: =X22-Y22 | AA22: =MAX(0,25-Z22)*1.5 | AB22: 5 | AC22: 4 | AD22: 4 | AE22: 6 | AF22: 4 | AG22: 3 | AH22: 4 | AI22: 4 | AJ22: 4 | AK22: 5 | AL22: 5 | AM22: 5 | AN22: 3 | AO22: 3 | AP22: 6 | AQ22: 4 | AR22: 3 | AS22: 3 | AT22: =SUM(AB22:AS22) | AU22: =AU10 | AV22: =AT22-AU22 | AW22: =MAX(0,25-AV22)*1.5 | AX22: =AA22+AW22
A23: 12 | B23: Clara Trindade | C23: 45812 | D23: Belas | E23: 8.9 | F23: 4 | G23: 5 | H23: 3 | I23: 4 | J23: 5 | K23: 3 | L23: 5 | M23: 2 | N23: 4 | O23: 5 | P23: 5 | Q23: 6 | R23: 6 | S23: 4 | T23: 5 | U23: 4 | V23: 3 | W23: 5 | X23: =SUM(F23:W23) | Y23: =Y10 | Z23: =X23-Y23 | AA23: =MAX(0,25-Z23)*1.5 | AB23: 4 | AC23: 4 | AD23: 4 | AE23: 4 | AF23: 4 | AG23: 4 | AH23: 4 | AI23: 3 | AJ23: 4 | AK23: 3 | AL23: 4 | AM23: 6 | AN23: 3 | AO23: 4 | AP23: 5 | AQ23: 4 | AR23: 3 | AS23: 5 | AT23: =SUM(AB23:AS23) | AU23: =AU10 | AV23: =AT23-AU23 | AW23: =MAX(0,25-AV23)*1.5 | AX23: =AA23+AW23
A24: 13 | B24: Tomás Lima Pinto | C24: 46037 | D24: Vilamoura, C. G | E24: 11.2 | F24: 4 | G24: 6 | H24: 4 | I24: 4 | J24: 4 | K24: 4 | L24: 5 | M24: 3 | N24: 4 | O24: 4 | P24: 5 | Q24: 6 | R24: 3 | S24: 4 | T24: 5 | U24: 4 | V24: 4 | W24: 6 | X24: =SUM(F24:W24) | Y24: =Y10 | Z24: =X24-Y24 | AA24: =MAX(0,25-Z24)*1.5 | AB24: 4 | AC24: 5 | AD24: 4 | AE24: 6 | AF24: 5 | AG24: 3 | AH24: 5 | AI24: 4 | AJ24: 4 | AK24: 4 | AL24: 3 | AM24: 5 | AN24: 4 | AO24: 3 | AP24: 6 | AQ24: 4 | AR24: 3 | AS24: 5 | AT24: =SUM(AB24:AS24) | AU24: =AU10 | AV24: =AT24-AU24 | AW24: =MAX(0,25-AV24)*1.5 | AX24: =AA24+AW24
A25: 14 | B25: André Castro Mendes | C25: 55056 | D25: Oitavos | E25: 4.1 | F25: 4 | G25: 5 | H25: 2 | I25: 5 | J25: 4 | K25: 4 | L25: 4 | M25: 3 | N25: 4 | O25: 7 | P25: 5 | Q25: 6 | R25: 4 | S25: 4 | T25: 5 | U25: 5 | V25: 3 | W25: 5 | X25: =SUM(F25:W25) | Y25: =Y10 | Z25: =X25-Y25 | AA25: =MAX(0,25-Z25)*1.5 | AB25: 5 | AC25: 5 | AD25: 5 | AE25: 4 | AF25: 4 | AG25: 3 | AH25: 4 | AI25: 3 | AJ25: 3 | AK25: 4 | AL25: 5 | AM25: 5 | AN25: 6 | AO25: 4 | AP25: 6 | AQ25: 5 | AR25: 4 | AS25: 5 | AT25: =SUM(AB25:AS25) | AU25: =AU10 | AV25: =AT25-AU25 | AW25: =MAX(0,25-AV25)*1.5 | AX25: =AA25+AW25
A26: 15 | B26: Manuel Goulartt Medeiros | C26: 52884 | D26: Santo da Serra | E26: 10.9 | F26: 4 | G26: 5 | H26: 4 | I26: 4 | J26: 4 | K26: 4 | L26: 4 | M26: 4 | N26: 5 | O26: 5 | P26: 6 | Q26: 6 | R26: 6 | S26: 3 | T26: 5 | U26: 4 | V26: 4 | W26: 4 | X26: =SUM(F26:W26) | Y26: =Y10 | Z26: =X26-Y26 | AA26: =MAX(0,25-Z26)*1.5 | AB26: 4 | AC26: 7 | AD26: 4 | AE26: 6 | AF26: 3 | AG26: 5 | AH26: 4 | AI26: 3 | AJ26: 4 | AK26: 4 | AL26: 4 | AM26: 7 | AN26: 6 | AO26: 3 | AP26: 5 | AQ26: 4 | AR26: 3 | AS26: 5 | AT26: =SUM(AB26:AS26) | AU26: =AU10 | AV26: =AT26-AU26 | AW26: =MAX(0,25-AV26)*1.5 | AX26: =AA26+AW26
A27: 16 | B27: Guo Ziyang | C27: 57904 | D27: Estoril | E27: 11.4 | F27: 5 | G27: 6 | H27: 2 | I27: 5 | J27: 4 | K27: 4 | L27: 4 | M27: 3 | N27: 5 | O27: 5 | P27: 5 | Q27: 6 | R27: 6 | S27: 4 | T27: 5 | U27: 4 | V27: 4 | W27: 4 | X27: =SUM(F27:W27) | Y27: =Y10 | Z27: =X27-Y27 | AA27: =MAX(0,25-Z27)*1.5 | AB27: 7 | AC27: 5 | AD27: 4 | AE27: 6 | AF27: 7 | AG27: 3 | AH27: 5 | AI27: 3 | AJ27: 5 | AK27: 4 | AL27: 5 | AM27: 5 | AN27: 5 | AO27: 3 | AP27: 5 | AQ27: 5 | AR27: 3 | AS27: 4 | AT27: =SUM(AB27:AS27) | AU27: =AU10 | AV27: =AT27-AU27 | AW27: =MAX(0,25-AV27)*1.5 | AX27: =AA27+AW27
A28: 17 | B28: João Rocha | C28: 48297 | D28: Estoril | E28: 5.1 | F28: 7 | G28: 7 | H28: 3 | I28: 4 | J28: 3 | K28: 3 | L28: 5 | M28: 5 | N28: 5 | O28: 3 | P28: 7 | Q28: 4 | R28: 4 | S28: 3 | T28: 5 | U28: 6 | V28: 4 | W28: 5 | X28: =SUM(F28:W28) | Y28: =Y10 | Z28: =X28-Y28 | AA28: =MAX(0,25-Z28)*1.5 | AB28: 4 | AC28: 6 | AD28: 4 | AE28: 4 | AF28: 6 | AG28: 2 | AH28: 4 | AI28: 5 | AJ28: 3 | AK28: 4 | AL28: 4 | AM28: 6 | AN28: 6 | AO28: 3 | AP28: 7 | AQ28: 4 | AR28: 3 | AS28: 4 | AT28: =SUM(AB28:AS28) | AU28: =AU10 | AV28: =AT28-AU28 | AW28: =MAX(0,25-AV28)*1.5 | AX28: =AA28+AW28
A29: 18 | B29: Martim Sousa de Morais | C29: 41609 | D29: Belas | E29: 4.2 | F29: 4 | G29: 5 | H29: 4 | I29: 4 | J29: 8 | K29: 3 | L29: 5 | M29: 6 | N29: 5 | O29: 5 | P29: 5 | Q29: 5 | R29: 4 | S29: 4 | T29: 6 | U29: 4 | V29: 3 | W29: 4 | X29: =SUM(F29:W29) | Y29: =Y10 | Z29: =X29-Y29 | AA29: =MAX(0,25-Z29)*1.5 | AB29: 5 | AC29: 5 | AD29: 5 | AE29: 6 | AF29: 4 | AG29: 5 | AH29: 4 | AI29: 5 | AJ29: 6 | AK29: 4 | AL29: 5 | AM29: 4 | AN29: 7 | AO29: 4 | AP29: 4 | AQ29: 5 | AR29: 5 | AS29: 4 | AT29: =SUM(AB29:AS29) | AU29: =AU10 | AV29: =AT29-AU29 | AW29: =MAX(0,25-AV29)*1.5 | AX29: =AA29+AW29
